order_id,order_date,customer_id,product,category,region,quantity,unit_price,unit_cost,discount_pct
ORD00001,2025-02-26,C0310,Water Bottle,Accessories,Islamabad,3,1800,800,0
ORD00001,2025-02-26,C0310,Notebook Set,Stationery,Islamabad,1,950,420,10
ORD00002,2026-09-15,C0295,Notebook Set,Stationery,Faisalabad,3,950,420,5
ORD00002,2026-09-15,C0295,Backpack,Accessories,Faisalabad,1,6500,4100,45
ORD00002,2026-09-15,C0295,Wireless Mouse,Electronics,Faisalabad,4,3200,2050,15
ORD00003,2025-09-14,C0330,Desk Lamp,Home,Islamabad,3,4800,2900,45
ORD00003,2025-09-14,C0330,Notebook Set,Stationery,Islamabad,1,950,420,45
ORD00004,2026-06-13,C0111,USB Hub,Electronics,Islamabad,3,4500,2850,5
ORD00005,2025-02-13,C0389,Backpack,Accessories,Karachi,2,6500,4100,10
ORD00005,2025-02-13,C0389,USB Hub,Electronics,Karachi,1,4500,2850,10
ORD00005,2025-02-13,C0389,Notebook Set,Stationery,Karachi,1,950,420,25
ORD00006,2026-03-12,C0370,Notebook Set,Stationery,Islamabad,4,950,420,5
ORD00006,2026-03-12,C0370,USB Hub,Electronics,Islamabad,1,4500,2850,10
ORD00007,2026-05-23,C0076,USB Hub,Electronics,Karachi,2,4500,2850,5
ORD00008,2025-05-25,C0226,Desk Lamp,Home,Islamabad,1,4800,2900,5
ORD00008,2025-05-25,C0226,USB Hub,Electronics,Islamabad,4,4500,2850,25
ORD00008,2025-05-25,C0226,Wireless Mouse,Electronics,Islamabad,2,3200,2050,25
ORD00009,2026-06-21,C0155,Desk Lamp,Home,Faisalabad,3,4800,2900,15
ORD00010,2025-03-31,C0334,Wireless Mouse,Electronics,Lahore,2,3200,2050,15
ORD00010,2025-03-31,C0334,Backpack,Accessories,Lahore,2,6500,4100,25
ORD00010,2025-03-31,C0334,USB Hub,Electronics,Lahore,3,4500,2850,10
ORD00011,2025-11-19,C0228,Desk Lamp,Home,Lahore,1,4800,2900,10
ORD00012,2026-03-03,C0262,Notebook Set,Stationery,Karachi,3,950,420,10
ORD00012,2026-03-03,C0262,USB Hub,Electronics,Karachi,1,4500,2850,10
ORD00012,2026-03-03,C0262,Wireless Mouse,Electronics,Karachi,4,3200,2050,5
ORD00013,2026-01-20,C0013,Desk Lamp,Home,Karachi,2,4800,2900,45
ORD00013,2026-01-20,C0013,USB Hub,Electronics,Karachi,4,4500,2850,0
ORD00014,2025-05-30,C0329,Desk Lamp,Home,Lahore,1,4800,2900,10
ORD00014,2025-05-30,C0329,Water Bottle,Accessories,Lahore,3,1800,800,25
ORD00014,2025-05-30,C0329,USB Hub,Electronics,Lahore,4,4500,2850,15
ORD00015,2025-09-19,C0163,Wireless Mouse,Electronics,Karachi,1,3200,2050,25
ORD00015,2025-09-19,C0163,Notebook Set,Stationery,Karachi,3,950,420,15
ORD00015,2025-09-19,C0163,Desk Lamp,Home,Karachi,2,4800,2900,25
ORD00016,2025-04-13,C0361,USB Hub,Electronics,Islamabad,1,4500,2850,5
ORD00016,2025-04-13,C0361,Wireless Mouse,Electronics,Islamabad,1,3200,2050,5
ORD00016,2025-04-13,C0361,Notebook Set,Stationery,Islamabad,3,950,420,15
ORD00017,2026-01-23,C0145,Notebook Set,Stationery,Faisalabad,1,950,420,5
ORD00018,2026-09-06,C0147,Notebook Set,Stationery,Faisalabad,4,950,420,45
ORD00018,2026-09-06,C0147,Backpack,Accessories,Faisalabad,2,6500,4100,25
ORD00019,2025-06-16,C0287,Desk Lamp,Home,Faisalabad,1,4800,2900,10
ORD00019,2025-06-16,C0287,Backpack,Accessories,Faisalabad,4,6500,4100,0
ORD00020,2025-10-18,C0282,Backpack,Accessories,Lahore,2,6500,4100,25
ORD00020,2025-10-18,C0282,Desk Lamp,Home,Lahore,1,4800,2900,25
ORD00020,2025-10-18,C0282,USB Hub,Electronics,Lahore,2,4500,2850,25
ORD00021,2026-02-28,C0173,Backpack,Accessories,Karachi,3,6500,4100,15
ORD00021,2026-02-28,C0173,Wireless Mouse,Electronics,Karachi,1,3200,2050,25
ORD00022,2025-09-23,C0315,Notebook Set,Stationery,Lahore,1,950,420,5
ORD00023,2026-02-26,C0058,Desk Lamp,Home,Islamabad,3,4800,2900,25
ORD00024,2025-04-19,C0120,Notebook Set,Stationery,Faisalabad,2,950,420,0
ORD00024,2025-04-19,C0120,Water Bottle,Accessories,Faisalabad,1,1800,800,45
ORD00024,2025-04-19,C0120,USB Hub,Electronics,Faisalabad,2,4500,2850,10
ORD00025,2025-10-26,C0314,Desk Lamp,Home,Lahore,2,4800,2900,15
ORD00026,2025-11-10,C0177,Backpack,Accessories,Faisalabad,3,6500,4100,10
ORD00027,2026-05-31,C0107,Backpack,Accessories,Faisalabad,3,6500,4100,25
ORD00028,2025-10-08,C0114,USB Hub,Electronics,Lahore,3,4500,2850,0
ORD00028,2025-10-08,C0114,Wireless Mouse,Electronics,Lahore,2,3200,2050,10
ORD00029,2025-07-21,C0044,Wireless Mouse,Electronics,Islamabad,3,3200,2050,45
ORD00029,2025-07-21,C0044,Water Bottle,Accessories,Islamabad,4,1800,800,5
ORD00029,2025-07-21,C0044,Desk Lamp,Home,Islamabad,1,4800,2900,15
ORD00030,2026-08-08,C0391,Wireless Mouse,Electronics,Lahore,1,3200,2050,10
ORD00031,2025-12-15,C0149,USB Hub,Electronics,Karachi,4,4500,2850,15
ORD00031,2025-12-15,C0149,Water Bottle,Accessories,Karachi,2,1800,800,15
ORD00031,2025-12-15,C0149,Desk Lamp,Home,Karachi,3,4800,2900,45
ORD00032,2025-06-13,C0397,Wireless Mouse,Electronics,Faisalabad,3,3200,2050,0
ORD00033,2025-07-10,C0175,Wireless Mouse,Electronics,Faisalabad,4,3200,2050,0
ORD00033,2025-07-10,C0175,USB Hub,Electronics,Faisalabad,4,4500,2850,0
ORD00033,2025-07-10,C0175,Water Bottle,Accessories,Faisalabad,3,1800,800,10
ORD00034,2025-07-21,C0009,Notebook Set,Stationery,Faisalabad,4,950,420,0
ORD00034,2025-07-21,C0009,Backpack,Accessories,Faisalabad,3,6500,4100,25
ORD00035,2025-08-31,C0105,Desk Lamp,Home,Lahore,4,4800,2900,45
ORD00035,2025-08-31,C0105,Wireless Mouse,Electronics,Lahore,1,3200,2050,25
ORD00035,2025-08-31,C0105,Backpack,Accessories,Lahore,1,6500,4100,5
ORD00036,2026-01-18,C0288,Desk Lamp,Home,Faisalabad,2,4800,2900,5
ORD00037,2026-09-29,C0311,Water Bottle,Accessories,Karachi,1,1800,800,0
ORD00037,2026-09-29,C0311,Notebook Set,Stationery,Karachi,1,950,420,0
ORD00037,2026-09-29,C0311,Desk Lamp,Home,Karachi,1,4800,2900,0
ORD00038,2026-03-09,C0388,Backpack,Accessories,Lahore,4,6500,4100,15
ORD00039,2026-05-04,C0233,Water Bottle,Accessories,Karachi,4,1800,800,0
ORD00040,2026-04-02,C0034,Wireless Mouse,Electronics,Islamabad,1,3200,2050,5
ORD00040,2026-04-02,C0034,Water Bottle,Accessories,Islamabad,4,1800,800,5
ORD00040,2026-04-02,C0034,Notebook Set,Stationery,Islamabad,1,950,420,10
ORD00041,2025-11-21,C0266,Desk Lamp,Home,Karachi,1,4800,2900,15
ORD00041,2025-11-21,C0266,Notebook Set,Stationery,Karachi,3,950,420,0
ORD00041,2025-11-21,C0266,Water Bottle,Accessories,Karachi,3,1800,800,25
ORD00042,2025-03-09,C0290,Water Bottle,Accessories,Lahore,1,1800,800,45
ORD00042,2025-03-09,C0290,Wireless Mouse,Electronics,Lahore,3,3200,2050,25
ORD00042,2025-03-09,C0290,Desk Lamp,Home,Lahore,2,4800,2900,10
ORD00043,2026-02-09,C0314,Backpack,Accessories,Faisalabad,1,6500,4100,5
ORD00044,2026-06-14,C0101,Desk Lamp,Home,Faisalabad,4,4800,2900,15
ORD00044,2026-06-14,C0101,Notebook Set,Stationery,Faisalabad,4,950,420,45
ORD00045,2026-04-26,C0242,Wireless Mouse,Electronics,Karachi,2,3200,2050,0
ORD00045,2026-04-26,C0242,Notebook Set,Stationery,Karachi,3,950,420,45
ORD00046,2026-07-08,C0110,Water Bottle,Accessories,Karachi,4,1800,800,25
ORD00046,2026-07-08,C0110,Desk Lamp,Home,Karachi,4,4800,2900,25
ORD00047,2026-09-04,C0043,Notebook Set,Stationery,Faisalabad,3,950,420,5
ORD00048,2025-04-04,C0077,Desk Lamp,Home,Faisalabad,4,4800,2900,0
ORD00049,2026-08-07,C0369,Wireless Mouse,Electronics,Islamabad,2,3200,2050,15
ORD00050,2025-04-09,C0183,USB Hub,Electronics,Lahore,1,4500,2850,0
ORD00050,2025-04-09,C0183,Wireless Mouse,Electronics,Lahore,4,3200,2050,0
ORD00051,2025-10-01,C0237,USB Hub,Electronics,Islamabad,3,4500,2850,25
ORD00051,2025-10-01,C0237,Desk Lamp,Home,Islamabad,4,4800,2900,25
ORD00051,2025-10-01,C0237,Backpack,Accessories,Islamabad,4,6500,4100,10
ORD00052,2025-01-28,C0198,Wireless Mouse,Electronics,Lahore,4,3200,2050,5
ORD00052,2025-01-28,C0198,Water Bottle,Accessories,Lahore,2,1800,800,0
ORD00052,2025-01-28,C0198,Desk Lamp,Home,Lahore,1,4800,2900,5
ORD00053,2026-08-14,C0210,Wireless Mouse,Electronics,Faisalabad,4,3200,2050,0
ORD00054,2025-02-03,C0162,Wireless Mouse,Electronics,Faisalabad,1,3200,2050,45
ORD00054,2025-02-03,C0162,USB Hub,Electronics,Faisalabad,2,4500,2850,25
ORD00054,2025-02-03,C0162,Water Bottle,Accessories,Faisalabad,3,1800,800,25
ORD00055,2026-02-05,C0257,USB Hub,Electronics,Islamabad,3,4500,2850,45
ORD00055,2026-02-05,C0257,Notebook Set,Stationery,Islamabad,4,950,420,25
ORD00055,2026-02-05,C0257,Wireless Mouse,Electronics,Islamabad,2,3200,2050,25
ORD00056,2025-09-03,C0275,Desk Lamp,Home,Islamabad,1,4800,2900,0
ORD00057,2025-10-04,C0192,Desk Lamp,Home,Lahore,2,4800,2900,10
ORD00057,2025-10-04,C0192,Backpack,Accessories,Lahore,2,6500,4100,25
ORD00058,2025-07-28,C0174,USB Hub,Electronics,Karachi,1,4500,2850,5
ORD00059,2026-05-21,C0380,Notebook Set,Stationery,Islamabad,3,950,420,45
ORD00059,2026-05-21,C0380,USB Hub,Electronics,Islamabad,4,4500,2850,10
ORD00059,2026-05-21,C0380,Backpack,Accessories,Islamabad,3,6500,4100,0
ORD00060,2026-05-29,C0222,Desk Lamp,Home,Islamabad,1,4800,2900,0
ORD00060,2026-05-29,C0222,Wireless Mouse,Electronics,Islamabad,3,3200,2050,15
ORD00060,2026-05-29,C0222,Notebook Set,Stationery,Islamabad,3,950,420,45
ORD00061,2026-08-10,C0053,Backpack,Accessories,Faisalabad,3,6500,4100,15
ORD00061,2026-08-10,C0053,Wireless Mouse,Electronics,Faisalabad,1,3200,2050,10
ORD00062,2026-08-21,C0290,Backpack,Accessories,Lahore,2,6500,4100,25
ORD00062,2026-08-21,C0290,USB Hub,Electronics,Lahore,4,4500,2850,25
ORD00062,2026-08-21,C0290,Wireless Mouse,Electronics,Lahore,4,3200,2050,45
ORD00063,2025-02-27,C0102,Wireless Mouse,Electronics,Islamabad,3,3200,2050,0
ORD00063,2025-02-27,C0102,Water Bottle,Accessories,Islamabad,1,1800,800,0
ORD00064,2025-12-27,C0004,Notebook Set,Stationery,Islamabad,3,950,420,25
ORD00064,2025-12-27,C0004,USB Hub,Electronics,Islamabad,4,4500,2850,25
ORD00065,2025-11-27,C0197,Wireless Mouse,Electronics,Lahore,1,3200,2050,25
ORD00065,2025-11-27,C0197,Water Bottle,Accessories,Lahore,1,1800,800,25
ORD00066,2025-02-25,C0196,Water Bottle,Accessories,Islamabad,3,1800,800,5
ORD00066,2025-02-25,C0196,USB Hub,Electronics,Islamabad,3,4500,2850,45
ORD00066,2025-02-25,C0196,Desk Lamp,Home,Islamabad,4,4800,2900,25
ORD00067,2026-02-09,C0109,Desk Lamp,Home,Faisalabad,1,4800,2900,45
ORD00067,2026-02-09,C0109,Notebook Set,Stationery,Faisalabad,1,950,420,0
ORD00068,2026-08-21,C0223,USB Hub,Electronics,Karachi,4,4500,2850,45
ORD00068,2026-08-21,C0223,Wireless Mouse,Electronics,Karachi,2,3200,2050,25
ORD00068,2026-08-21,C0223,Desk Lamp,Home,Karachi,3,4800,2900,10
ORD00069,2025-03-31,C0151,Backpack,Accessories,Islamabad,1,6500,4100,0
ORD00069,2025-03-31,C0151,Wireless Mouse,Electronics,Islamabad,4,3200,2050,45
ORD00069,2025-03-31,C0151,Water Bottle,Accessories,Islamabad,3,1800,800,0
ORD00070,2025-03-19,C0192,USB Hub,Electronics,Islamabad,3,4500,2850,0
ORD00071,2025-03-03,C0182,Water Bottle,Accessories,Islamabad,2,1800,800,0
ORD00071,2025-03-03,C0182,Desk Lamp,Home,Islamabad,2,4800,2900,10
ORD00071,2025-03-03,C0182,USB Hub,Electronics,Islamabad,4,4500,2850,25
ORD00072,2026-05-14,C0218,USB Hub,Electronics,Lahore,3,4500,2850,0
ORD00072,2026-05-14,C0218,Wireless Mouse,Electronics,Lahore,4,3200,2050,25
ORD00073,2025-01-28,C0043,Wireless Mouse,Electronics,Islamabad,1,3200,2050,15
ORD00073,2025-01-28,C0043,Water Bottle,Accessories,Islamabad,4,1800,800,45
ORD00073,2025-01-28,C0043,Backpack,Accessories,Islamabad,1,6500,4100,0
ORD00074,2025-06-03,C0182,Desk Lamp,Home,Lahore,2,4800,2900,15
ORD00074,2025-06-03,C0182,USB Hub,Electronics,Lahore,4,4500,2850,0
ORD00074,2025-06-03,C0182,Backpack,Accessories,Lahore,1,6500,4100,0
ORD00075,2025-04-10,C0021,USB Hub,Electronics,Faisalabad,1,4500,2850,5
ORD00075,2025-04-10,C0021,Water Bottle,Accessories,Faisalabad,4,1800,800,0
ORD00076,2025-02-06,C0268,Backpack,Accessories,Faisalabad,4,6500,4100,25
ORD00076,2025-02-06,C0268,Wireless Mouse,Electronics,Faisalabad,2,3200,2050,0
ORD00076,2025-02-06,C0268,USB Hub,Electronics,Faisalabad,2,4500,2850,0
ORD00077,2025-03-14,C0050,Notebook Set,Stationery,Islamabad,3,950,420,0
ORD00077,2025-03-14,C0050,USB Hub,Electronics,Islamabad,4,4500,2850,10
ORD00078,2025-04-10,C0326,Desk Lamp,Home,Islamabad,1,4800,2900,0
ORD00079,2025-03-05,C0284,Backpack,Accessories,Islamabad,3,6500,4100,0
ORD00079,2025-03-05,C0284,Water Bottle,Accessories,Islamabad,1,1800,800,0
ORD00079,2025-03-05,C0284,Notebook Set,Stationery,Islamabad,4,950,420,10
ORD00080,2026-03-29,C0165,USB Hub,Electronics,Lahore,2,4500,2850,45
ORD00080,2026-03-29,C0165,Wireless Mouse,Electronics,Lahore,3,3200,2050,10
ORD00081,2025-12-13,C0314,Backpack,Accessories,Karachi,1,6500,4100,0
ORD00081,2025-12-13,C0314,USB Hub,Electronics,Karachi,4,4500,2850,10
ORD00082,2025-07-12,C0168,Backpack,Accessories,Islamabad,2,6500,4100,45
ORD00082,2025-07-12,C0168,Desk Lamp,Home,Islamabad,1,4800,2900,0
ORD00083,2025-10-22,C0204,Notebook Set,Stationery,Islamabad,1,950,420,45
ORD00083,2025-10-22,C0204,USB Hub,Electronics,Islamabad,1,4500,2850,45
ORD00084,2025-06-27,C0038,Notebook Set,Stationery,Karachi,2,950,420,15
ORD00084,2025-06-27,C0038,USB Hub,Electronics,Karachi,4,4500,2850,5
ORD00085,2025-04-08,C0164,Water Bottle,Accessories,Faisalabad,3,1800,800,15
ORD00086,2025-07-22,C0369,Notebook Set,Stationery,Lahore,2,950,420,10
ORD00087,2025-04-05,C0091,Desk Lamp,Home,Lahore,3,4800,2900,10
ORD00087,2025-04-05,C0091,Backpack,Accessories,Lahore,3,6500,4100,15
ORD00088,2026-02-21,C0247,USB Hub,Electronics,Karachi,2,4500,2850,10
ORD00089,2025-05-06,C0173,Notebook Set,Stationery,Islamabad,3,950,420,25
ORD00089,2025-05-06,C0173,Water Bottle,Accessories,Islamabad,3,1800,800,10
ORD00090,2026-07-20,C0052,Water Bottle,Accessories,Faisalabad,1,1800,800,5
ORD00090,2026-07-20,C0052,Backpack,Accessories,Faisalabad,3,6500,4100,25
ORD00090,2026-07-20,C0052,Notebook Set,Stationery,Faisalabad,2,950,420,10
ORD00091,2025-01-27,C0047,Water Bottle,Accessories,Lahore,4,1800,800,25
ORD00092,2025-02-05,C0032,Notebook Set,Stationery,Karachi,3,950,420,5
ORD00092,2025-02-05,C0032,Desk Lamp,Home,Karachi,1,4800,2900,25
ORD00093,2026-07-30,C0006,Notebook Set,Stationery,Karachi,1,950,420,0
ORD00093,2026-07-30,C0006,Water Bottle,Accessories,Karachi,3,1800,800,15
ORD00093,2026-07-30,C0006,USB Hub,Electronics,Karachi,1,4500,2850,10
ORD00094,2025-08-21,C0201,Water Bottle,Accessories,Faisalabad,2,1800,800,25
ORD00095,2025-09-28,C0125,Wireless Mouse,Electronics,Faisalabad,3,3200,2050,5
ORD00095,2025-09-28,C0125,USB Hub,Electronics,Faisalabad,1,4500,2850,15
ORD00095,2025-09-28,C0125,Backpack,Accessories,Faisalabad,1,6500,4100,25
ORD00096,2025-12-02,C0187,Wireless Mouse,Electronics,Lahore,4,3200,2050,10
ORD00096,2025-12-02,C0187,Notebook Set,Stationery,Lahore,1,950,420,25
ORD00096,2025-12-02,C0187,Water Bottle,Accessories,Lahore,4,1800,800,45
ORD00097,2026-02-20,C0057,Notebook Set,Stationery,Islamabad,1,950,420,25
ORD00097,2026-02-20,C0057,USB Hub,Electronics,Islamabad,4,4500,2850,0
ORD00098,2025-10-04,C0192,Water Bottle,Accessories,Karachi,4,1800,800,0
ORD00098,2025-10-04,C0192,Desk Lamp,Home,Karachi,3,4800,2900,0
ORD00098,2025-10-04,C0192,Wireless Mouse,Electronics,Karachi,1,3200,2050,5
ORD00099,2025-05-05,C0197,Notebook Set,Stationery,Faisalabad,1,950,420,0
ORD00099,2025-05-05,C0197,Backpack,Accessories,Faisalabad,1,6500,4100,25
ORD00100,2026-06-23,C0342,Backpack,Accessories,Islamabad,4,6500,4100,25
ORD00100,2026-06-23,C0342,Notebook Set,Stationery,Islamabad,3,950,420,0
ORD00101,2026-04-08,C0147,USB Hub,Electronics,Islamabad,4,4500,2850,5
ORD00101,2026-04-08,C0147,Notebook Set,Stationery,Islamabad,2,950,420,10
ORD00102,2026-05-06,C0276,Notebook Set,Stationery,Faisalabad,2,950,420,15
ORD00102,2026-05-06,C0276,Water Bottle,Accessories,Faisalabad,1,1800,800,25
ORD00103,2025-09-03,C0137,USB Hub,Electronics,Islamabad,1,4500,2850,0
ORD00103,2025-09-03,C0137,Backpack,Accessories,Islamabad,2,6500,4100,45
ORD00104,2026-08-09,C0252,Water Bottle,Accessories,Islamabad,2,1800,800,0
ORD00104,2026-08-09,C0252,Wireless Mouse,Electronics,Islamabad,2,3200,2050,0
ORD00105,2026-01-23,C0371,Desk Lamp,Home,Islamabad,3,4800,2900,10
ORD00105,2026-01-23,C0371,Notebook Set,Stationery,Islamabad,1,950,420,5
ORD00106,2025-06-27,C0069,Backpack,Accessories,Islamabad,4,6500,4100,15
ORD00106,2025-06-27,C0069,USB Hub,Electronics,Islamabad,4,4500,2850,10
ORD00107,2026-09-21,C0305,Notebook Set,Stationery,Islamabad,4,950,420,10
ORD00107,2026-09-21,C0305,Backpack,Accessories,Islamabad,4,6500,4100,0
ORD00107,2026-09-21,C0305,Desk Lamp,Home,Islamabad,1,4800,2900,10
ORD00108,2026-04-13,C0324,Notebook Set,Stationery,Karachi,2,950,420,45
ORD00108,2026-04-13,C0324,Water Bottle,Accessories,Karachi,1,1800,800,45
ORD00109,2025-04-09,C0116,Water Bottle,Accessories,Faisalabad,1,1800,800,5
ORD00109,2025-04-09,C0116,Backpack,Accessories,Faisalabad,1,6500,4100,10
ORD00109,2025-04-09,C0116,USB Hub,Electronics,Faisalabad,4,4500,2850,45
ORD00110,2025-11-09,C0351,USB Hub,Electronics,Faisalabad,1,4500,2850,25
ORD00110,2025-11-09,C0351,Water Bottle,Accessories,Faisalabad,3,1800,800,0
ORD00110,2025-11-09,C0351,Desk Lamp,Home,Faisalabad,1,4800,2900,10
ORD00111,2025-12-11,C0321,USB Hub,Electronics,Karachi,2,4500,2850,45
ORD00111,2025-12-11,C0321,Water Bottle,Accessories,Karachi,1,1800,800,5
ORD00111,2025-12-11,C0321,Desk Lamp,Home,Karachi,1,4800,2900,45
ORD00112,2026-03-07,C0306,Backpack,Accessories,Islamabad,3,6500,4100,25
ORD00112,2026-03-07,C0306,Wireless Mouse,Electronics,Islamabad,2,3200,2050,25
ORD00113,2025-09-01,C0020,Wireless Mouse,Electronics,Faisalabad,3,3200,2050,0
ORD00114,2026-07-02,C0178,USB Hub,Electronics,Lahore,4,4500,2850,5
ORD00114,2026-07-02,C0178,Notebook Set,Stationery,Lahore,3,950,420,45
ORD00114,2026-07-02,C0178,Desk Lamp,Home,Lahore,3,4800,2900,15
ORD00115,2025-06-12,C0096,Notebook Set,Stationery,Karachi,2,950,420,15
ORD00115,2025-06-12,C0096,Desk Lamp,Home,Karachi,3,4800,2900,10
ORD00115,2025-06-12,C0096,USB Hub,Electronics,Karachi,2,4500,2850,0
ORD00116,2025-06-25,C0220,Backpack,Accessories,Faisalabad,2,6500,4100,25
ORD00116,2025-06-25,C0220,Wireless Mouse,Electronics,Faisalabad,2,3200,2050,25
ORD00116,2025-06-25,C0220,Water Bottle,Accessories,Faisalabad,3,1800,800,45
ORD00117,2026-02-12,C0119,Wireless Mouse,Electronics,Faisalabad,3,3200,2050,0
ORD00117,2026-02-12,C0119,Notebook Set,Stationery,Faisalabad,4,950,420,25
ORD00118,2026-03-24,C0294,Notebook Set,Stationery,Islamabad,2,950,420,45
ORD00119,2025-05-21,C0199,Wireless Mouse,Electronics,Karachi,2,3200,2050,0
ORD00120,2025-02-12,C0141,Desk Lamp,Home,Lahore,4,4800,2900,15
ORD00120,2025-02-12,C0141,Wireless Mouse,Electronics,Lahore,4,3200,2050,5
ORD00121,2025-10-14,C0169,Backpack,Accessories,Faisalabad,2,6500,4100,5
ORD00121,2025-10-14,C0169,Water Bottle,Accessories,Faisalabad,4,1800,800,5
ORD00121,2025-10-14,C0169,USB Hub,Electronics,Faisalabad,1,4500,2850,10
ORD00122,2025-07-27,C0357,Backpack,Accessories,Faisalabad,4,6500,4100,25
ORD00123,2025-05-18,C0237,Wireless Mouse,Electronics,Islamabad,1,3200,2050,5
ORD00123,2025-05-18,C0237,Desk Lamp,Home,Islamabad,2,4800,2900,0
ORD00124,2025-04-10,C0139,Desk Lamp,Home,Faisalabad,1,4800,2900,10
ORD00125,2025-06-09,C0317,Notebook Set,Stationery,Islamabad,4,950,420,15
ORD00125,2025-06-09,C0317,Water Bottle,Accessories,Islamabad,3,1800,800,0
ORD00125,2025-06-09,C0317,USB Hub,Electronics,Islamabad,4,4500,2850,15
ORD00126,2026-07-30,C0107,Wireless Mouse,Electronics,Faisalabad,2,3200,2050,0
ORD00126,2026-07-30,C0107,Desk Lamp,Home,Faisalabad,2,4800,2900,15
ORD00127,2025-07-23,C0383,Notebook Set,Stationery,Faisalabad,1,950,420,45
ORD00127,2025-07-23,C0383,USB Hub,Electronics,Faisalabad,4,4500,2850,25
ORD00128,2025-03-07,C0118,Desk Lamp,Home,Lahore,3,4800,2900,0
ORD00129,2026-09-21,C0183,Desk Lamp,Home,Karachi,1,4800,2900,25
ORD00129,2026-09-21,C0183,Backpack,Accessories,Karachi,1,6500,4100,15
ORD00130,2025-09-03,C0312,USB Hub,Electronics,Lahore,2,4500,2850,5
ORD00130,2025-09-03,C0312,Notebook Set,Stationery,Lahore,1,950,420,5
ORD00130,2025-09-03,C0312,Desk Lamp,Home,Lahore,1,4800,2900,0
ORD00131,2025-07-05,C0045,Water Bottle,Accessories,Karachi,2,1800,800,0
ORD00131,2025-07-05,C0045,Wireless Mouse,Electronics,Karachi,2,3200,2050,5
ORD00131,2025-07-05,C0045,USB Hub,Electronics,Karachi,2,4500,2850,10
ORD00132,2026-05-14,C0187,Water Bottle,Accessories,Faisalabad,3,1800,800,0
ORD00132,2026-05-14,C0187,Desk Lamp,Home,Faisalabad,4,4800,2900,10
ORD00133,2026-07-05,C0274,USB Hub,Electronics,Karachi,2,4500,2850,0
ORD00134,2026-08-17,C0194,Notebook Set,Stationery,Lahore,1,950,420,0
ORD00134,2026-08-17,C0194,Water Bottle,Accessories,Lahore,3,1800,800,0
ORD00135,2025-07-23,C0056,Water Bottle,Accessories,Lahore,1,1800,800,0
ORD00135,2025-07-23,C0056,USB Hub,Electronics,Lahore,1,4500,2850,15
ORD00135,2025-07-23,C0056,Wireless Mouse,Electronics,Lahore,3,3200,2050,10
ORD00136,2025-06-04,C0036,Backpack,Accessories,Islamabad,3,6500,4100,25
ORD00137,2025-11-12,C0002,Water Bottle,Accessories,Karachi,4,1800,800,45
ORD00137,2025-11-12,C0002,Backpack,Accessories,Karachi,4,6500,4100,5
ORD00137,2025-11-12,C0002,Notebook Set,Stationery,Karachi,2,950,420,0
ORD00138,2026-08-10,C0223,USB Hub,Electronics,Karachi,3,4500,2850,25
ORD00138,2026-08-10,C0223,Water Bottle,Accessories,Karachi,1,1800,800,5
ORD00138,2026-08-10,C0223,Notebook Set,Stationery,Karachi,3,950,420,25
ORD00139,2025-03-14,C0241,Backpack,Accessories,Karachi,2,6500,4100,15
ORD00140,2025-07-22,C0330,Notebook Set,Stationery,Lahore,3,950,420,0
ORD00140,2025-07-22,C0330,Wireless Mouse,Electronics,Lahore,3,3200,2050,25
ORD00140,2025-07-22,C0330,Backpack,Accessories,Lahore,4,6500,4100,15
ORD00141,2025-07-12,C0296,Wireless Mouse,Electronics,Faisalabad,4,3200,2050,0
ORD00142,2026-01-14,C0095,Backpack,Accessories,Lahore,4,6500,4100,10
ORD00142,2026-01-14,C0095,USB Hub,Electronics,Lahore,1,4500,2850,45
ORD00142,2026-01-14,C0095,Wireless Mouse,Electronics,Lahore,2,3200,2050,0
ORD00143,2026-08-13,C0007,Water Bottle,Accessories,Islamabad,4,1800,800,0
ORD00143,2026-08-13,C0007,USB Hub,Electronics,Islamabad,4,4500,2850,5
ORD00143,2026-08-13,C0007,Notebook Set,Stationery,Islamabad,3,950,420,0
ORD00144,2026-02-01,C0073,Notebook Set,Stationery,Karachi,2,950,420,15
ORD00144,2026-02-01,C0073,Backpack,Accessories,Karachi,4,6500,4100,25
ORD00144,2026-02-01,C0073,Wireless Mouse,Electronics,Karachi,1,3200,2050,0
ORD00145,2025-02-03,C0239,Water Bottle,Accessories,Lahore,4,1800,800,25
ORD00146,2025-06-11,C0248,Backpack,Accessories,Islamabad,3,6500,4100,5
ORD00147,2026-04-25,C0272,Backpack,Accessories,Islamabad,4,6500,4100,0
ORD00147,2026-04-25,C0272,Notebook Set,Stationery,Islamabad,2,950,420,45
ORD00147,2026-04-25,C0272,Desk Lamp,Home,Islamabad,3,4800,2900,45
ORD00148,2025-01-08,C0015,Water Bottle,Accessories,Faisalabad,4,1800,800,0
ORD00148,2025-01-08,C0015,Notebook Set,Stationery,Faisalabad,4,950,420,45
ORD00149,2026-02-24,C0159,Wireless Mouse,Electronics,Lahore,1,3200,2050,15
ORD00149,2026-02-24,C0159,Desk Lamp,Home,Lahore,1,4800,2900,45
ORD00149,2026-02-24,C0159,Notebook Set,Stationery,Lahore,4,950,420,45
ORD00150,2026-08-06,C0098,Notebook Set,Stationery,Lahore,3,950,420,45
ORD00150,2026-08-06,C0098,Water Bottle,Accessories,Lahore,3,1800,800,5
ORD00151,2025-09-21,C0207,Notebook Set,Stationery,Lahore,3,950,420,10
ORD00151,2025-09-21,C0207,Backpack,Accessories,Lahore,1,6500,4100,25
ORD00151,2025-09-21,C0207,Water Bottle,Accessories,Lahore,4,1800,800,15
ORD00152,2026-07-07,C0345,Water Bottle,Accessories,Faisalabad,2,1800,800,25
ORD00152,2026-07-07,C0345,Wireless Mouse,Electronics,Faisalabad,2,3200,2050,0
ORD00153,2025-05-15,C0392,USB Hub,Electronics,Faisalabad,4,4500,2850,15
ORD00153,2025-05-15,C0392,Water Bottle,Accessories,Faisalabad,2,1800,800,15
ORD00154,2025-07-23,C0140,Water Bottle,Accessories,Islamabad,1,1800,800,15
ORD00154,2025-07-23,C0140,Notebook Set,Stationery,Islamabad,3,950,420,45
ORD00155,2025-11-18,C0188,Notebook Set,Stationery,Lahore,2,950,420,5
ORD00156,2025-09-09,C0308,Wireless Mouse,Electronics,Lahore,2,3200,2050,15
ORD00157,2025-01-30,C0136,Desk Lamp,Home,Lahore,4,4800,2900,15
ORD00157,2025-01-30,C0136,Water Bottle,Accessories,Lahore,4,1800,800,5
ORD00157,2025-01-30,C0136,Notebook Set,Stationery,Lahore,2,950,420,10
ORD00158,2025-05-09,C0391,Wireless Mouse,Electronics,Lahore,2,3200,2050,0
ORD00158,2025-05-09,C0391,Notebook Set,Stationery,Lahore,1,950,420,0
ORD00159,2025-01-06,C0193,Wireless Mouse,Electronics,Lahore,1,3200,2050,0
ORD00159,2025-01-06,C0193,USB Hub,Electronics,Lahore,2,4500,2850,0
ORD00159,2025-01-06,C0193,Backpack,Accessories,Lahore,2,6500,4100,5
ORD00160,2026-05-03,C0121,Backpack,Accessories,Faisalabad,2,6500,4100,45
ORD00160,2026-05-03,C0121,Water Bottle,Accessories,Faisalabad,3,1800,800,0
ORD00160,2026-05-03,C0121,Wireless Mouse,Electronics,Faisalabad,2,3200,2050,0
ORD00161,2026-08-24,C0122,Notebook Set,Stationery,Lahore,4,950,420,25
ORD00161,2026-08-24,C0122,Wireless Mouse,Electronics,Lahore,3,3200,2050,5
ORD00162,2025-12-13,C0209,Desk Lamp,Home,Lahore,2,4800,2900,0
ORD00163,2025-03-10,C0341,Notebook Set,Stationery,Karachi,2,950,420,25
ORD00163,2025-03-10,C0341,USB Hub,Electronics,Karachi,2,4500,2850,25
ORD00164,2025-09-16,C0045,USB Hub,Electronics,Faisalabad,1,4500,2850,0
ORD00165,2026-01-20,C0377,Desk Lamp,Home,Karachi,4,4800,2900,25
ORD00166,2025-03-06,C0154,Water Bottle,Accessories,Karachi,3,1800,800,0
ORD00167,2026-02-20,C0166,Wireless Mouse,Electronics,Lahore,3,3200,2050,0
ORD00167,2026-02-20,C0166,Desk Lamp,Home,Lahore,4,4800,2900,15
ORD00168,2026-07-12,C0299,USB Hub,Electronics,Karachi,2,4500,2850,0
ORD00168,2026-07-12,C0299,Notebook Set,Stationery,Karachi,2,950,420,0
ORD00169,2025-01-24,C0377,Desk Lamp,Home,Lahore,2,4800,2900,10
ORD00169,2025-01-24,C0377,Wireless Mouse,Electronics,Lahore,3,3200,2050,5
ORD00169,2025-01-24,C0377,Backpack,Accessories,Lahore,3,6500,4100,25
ORD00170,2025-10-05,C0145,Wireless Mouse,Electronics,Lahore,1,3200,2050,10
ORD00170,2025-10-05,C0145,Desk Lamp,Home,Lahore,4,4800,2900,45
ORD00171,2025-04-04,C0066,Desk Lamp,Home,Karachi,2,4800,2900,45
ORD00171,2025-04-04,C0066,USB Hub,Electronics,Karachi,1,4500,2850,5
ORD00172,2025-03-17,C0063,Desk Lamp,Home,Faisalabad,4,4800,2900,15
ORD00173,2025-02-15,C0187,Notebook Set,Stationery,Faisalabad,1,950,420,25
ORD00173,2025-02-15,C0187,Backpack,Accessories,Faisalabad,4,6500,4100,0
ORD00174,2026-06-07,C0327,Water Bottle,Accessories,Islamabad,4,1800,800,45
ORD00174,2026-06-07,C0327,Notebook Set,Stationery,Islamabad,3,950,420,5
ORD00175,2025-12-23,C0021,Wireless Mouse,Electronics,Faisalabad,3,3200,2050,0
ORD00175,2025-12-23,C0021,USB Hub,Electronics,Faisalabad,4,4500,2850,15
ORD00176,2026-05-22,C0331,Water Bottle,Accessories,Lahore,3,1800,800,10
ORD00177,2025-07-03,C0256,Backpack,Accessories,Faisalabad,4,6500,4100,0
ORD00178,2025-06-29,C0352,USB Hub,Electronics,Lahore,2,4500,2850,0
ORD00178,2025-06-29,C0352,Notebook Set,Stationery,Lahore,4,950,420,15
ORD00179,2025-11-13,C0158,Notebook Set,Stationery,Lahore,2,950,420,5
ORD00179,2025-11-13,C0158,Desk Lamp,Home,Lahore,3,4800,2900,15
ORD00179,2025-11-13,C0158,Water Bottle,Accessories,Lahore,3,1800,800,0
ORD00180,2025-10-29,C0246,Backpack,Accessories,Faisalabad,1,6500,4100,15
ORD00180,2025-10-29,C0246,Desk Lamp,Home,Faisalabad,4,4800,2900,25
ORD00181,2026-01-08,C0017,Desk Lamp,Home,Faisalabad,3,4800,2900,0
ORD00181,2026-01-08,C0017,Water Bottle,Accessories,Faisalabad,4,1800,800,10
ORD00182,2025-12-06,C0301,Desk Lamp,Home,Islamabad,2,4800,2900,45
ORD00183,2026-04-01,C0147,Water Bottle,Accessories,Islamabad,3,1800,800,15
ORD00183,2026-04-01,C0147,Desk Lamp,Home,Islamabad,3,4800,2900,25
ORD00183,2026-04-01,C0147,Notebook Set,Stationery,Islamabad,4,950,420,5
ORD00184,2025-09-25,C0076,USB Hub,Electronics,Islamabad,2,4500,2850,10
ORD00184,2025-09-25,C0076,Desk Lamp,Home,Islamabad,2,4800,2900,0
ORD00185,2026-06-12,C0037,USB Hub,Electronics,Karachi,1,4500,2850,45
ORD00185,2026-06-12,C0037,Wireless Mouse,Electronics,Karachi,2,3200,2050,25
ORD00185,2026-06-12,C0037,Backpack,Accessories,Karachi,1,6500,4100,0
ORD00186,2026-05-12,C0376,USB Hub,Electronics,Faisalabad,4,4500,2850,0
ORD00186,2026-05-12,C0376,Water Bottle,Accessories,Faisalabad,4,1800,800,0
ORD00186,2026-05-12,C0376,Wireless Mouse,Electronics,Faisalabad,2,3200,2050,0
ORD00187,2025-06-29,C0270,Notebook Set,Stationery,Faisalabad,3,950,420,25
ORD00187,2025-06-29,C0270,Water Bottle,Accessories,Faisalabad,4,1800,800,15
ORD00187,2025-06-29,C0270,Desk Lamp,Home,Faisalabad,3,4800,2900,25
ORD00188,2025-06-12,C0124,Desk Lamp,Home,Islamabad,3,4800,2900,45
ORD00189,2025-11-28,C0160,Notebook Set,Stationery,Karachi,4,950,420,45
ORD00189,2025-11-28,C0160,Backpack,Accessories,Karachi,3,6500,4100,5
ORD00189,2025-11-28,C0160,Wireless Mouse,Electronics,Karachi,2,3200,2050,0
ORD00190,2026-08-21,C0339,Desk Lamp,Home,Faisalabad,4,4800,2900,10
ORD00191,2026-03-26,C0196,USB Hub,Electronics,Karachi,1,4500,2850,5
ORD00191,2026-03-26,C0196,Notebook Set,Stationery,Karachi,4,950,420,45
ORD00192,2026-08-13,C0127,Backpack,Accessories,Faisalabad,1,6500,4100,25
ORD00192,2026-08-13,C0127,Wireless Mouse,Electronics,Faisalabad,1,3200,2050,10
ORD00192,2026-08-13,C0127,USB Hub,Electronics,Faisalabad,3,4500,2850,10
ORD00193,2026-03-23,C0097,Desk Lamp,Home,Islamabad,2,4800,2900,10
ORD00193,2026-03-23,C0097,Backpack,Accessories,Islamabad,3,6500,4100,5
ORD00194,2025-09-19,C0115,USB Hub,Electronics,Lahore,3,4500,2850,0
ORD00194,2025-09-19,C0115,Desk Lamp,Home,Lahore,2,4800,2900,0
ORD00195,2025-01-25,C0135,Desk Lamp,Home,Karachi,4,4800,2900,15
ORD00195,2025-01-25,C0135,USB Hub,Electronics,Karachi,1,4500,2850,0
ORD00195,2025-01-25,C0135,Wireless Mouse,Electronics,Karachi,2,3200,2050,10
ORD00196,2026-09-30,C0115,Wireless Mouse,Electronics,Lahore,4,3200,2050,45
ORD00196,2026-09-30,C0115,Notebook Set,Stationery,Lahore,2,950,420,45
ORD00196,2026-09-30,C0115,USB Hub,Electronics,Lahore,3,4500,2850,0
ORD00197,2026-08-22,C0056,Desk Lamp,Home,Islamabad,3,4800,2900,10
ORD00197,2026-08-22,C0056,Wireless Mouse,Electronics,Islamabad,1,3200,2050,15
ORD00197,2026-08-22,C0056,Notebook Set,Stationery,Islamabad,4,950,420,15
ORD00198,2025-04-23,C0063,Notebook Set,Stationery,Karachi,2,950,420,15
ORD00198,2025-04-23,C0063,Desk Lamp,Home,Karachi,4,4800,2900,15
ORD00199,2025-01-01,C0397,Water Bottle,Accessories,Lahore,3,1800,800,0
ORD00199,2025-01-01,C0397,Notebook Set,Stationery,Lahore,4,950,420,5
ORD00199,2025-01-01,C0397,Wireless Mouse,Electronics,Lahore,2,3200,2050,5
ORD00200,2025-10-22,C0072,Wireless Mouse,Electronics,Karachi,2,3200,2050,15
ORD00201,2026-05-02,C0142,Notebook Set,Stationery,Karachi,2,950,420,5
ORD00201,2026-05-02,C0142,USB Hub,Electronics,Karachi,2,4500,2850,0
ORD00201,2026-05-02,C0142,Water Bottle,Accessories,Karachi,3,1800,800,25
ORD00202,2026-05-27,C0067,Water Bottle,Accessories,Karachi,2,1800,800,0
ORD00203,2025-12-30,C0352,Desk Lamp,Home,Faisalabad,1,4800,2900,5
ORD00204,2025-12-07,C0113,Desk Lamp,Home,Lahore,1,4800,2900,10
ORD00204,2025-12-07,C0113,Wireless Mouse,Electronics,Lahore,4,3200,2050,25
ORD00205,2025-03-05,C0014,USB Hub,Electronics,Karachi,1,4500,2850,0
ORD00205,2025-03-05,C0014,Backpack,Accessories,Karachi,1,6500,4100,0
ORD00206,2026-07-04,C0108,Notebook Set,Stationery,Faisalabad,1,950,420,0
ORD00206,2026-07-04,C0108,Water Bottle,Accessories,Faisalabad,2,1800,800,5
ORD00207,2025-12-15,C0296,Desk Lamp,Home,Islamabad,4,4800,2900,0
ORD00208,2025-11-18,C0216,Notebook Set,Stationery,Faisalabad,3,950,420,0
ORD00208,2025-11-18,C0216,Desk Lamp,Home,Faisalabad,3,4800,2900,25
ORD00208,2025-11-18,C0216,USB Hub,Electronics,Faisalabad,4,4500,2850,0
ORD00209,2026-04-30,C0035,Wireless Mouse,Electronics,Karachi,1,3200,2050,0
ORD00210,2026-06-10,C0025,Backpack,Accessories,Karachi,1,6500,4100,10
ORD00210,2026-06-10,C0025,USB Hub,Electronics,Karachi,4,4500,2850,5
ORD00210,2026-06-10,C0025,Wireless Mouse,Electronics,Karachi,1,3200,2050,45
ORD00211,2026-08-31,C0391,Wireless Mouse,Electronics,Faisalabad,3,3200,2050,45
ORD00211,2026-08-31,C0391,Backpack,Accessories,Faisalabad,2,6500,4100,0
ORD00211,2026-08-31,C0391,Desk Lamp,Home,Faisalabad,3,4800,2900,0
ORD00212,2025-12-28,C0299,USB Hub,Electronics,Islamabad,2,4500,2850,0
ORD00212,2025-12-28,C0299,Notebook Set,Stationery,Islamabad,3,950,420,0
ORD00213,2026-08-17,C0241,Desk Lamp,Home,Karachi,2,4800,2900,0
ORD00213,2026-08-17,C0241,Backpack,Accessories,Karachi,4,6500,4100,0
ORD00214,2026-06-12,C0140,Notebook Set,Stationery,Islamabad,4,950,420,0
ORD00215,2025-03-26,C0209,Notebook Set,Stationery,Lahore,3,950,420,15
ORD00216,2026-03-08,C0338,Water Bottle,Accessories,Lahore,3,1800,800,45
ORD00216,2026-03-08,C0338,Wireless Mouse,Electronics,Lahore,4,3200,2050,15
ORD00217,2026-05-12,C0069,Wireless Mouse,Electronics,Faisalabad,4,3200,2050,10
ORD00217,2026-05-12,C0069,USB Hub,Electronics,Faisalabad,1,4500,2850,5
ORD00217,2026-05-12,C0069,Notebook Set,Stationery,Faisalabad,1,950,420,10
ORD00218,2026-01-09,C0186,USB Hub,Electronics,Lahore,1,4500,2850,0
ORD00219,2026-07-24,C0040,Wireless Mouse,Electronics,Karachi,2,3200,2050,10
ORD00220,2025-04-23,C0032,Desk Lamp,Home,Lahore,2,4800,2900,5
ORD00220,2025-04-23,C0032,USB Hub,Electronics,Lahore,1,4500,2850,0
ORD00221,2025-12-02,C0143,Water Bottle,Accessories,Karachi,3,1800,800,5
ORD00222,2025-05-12,C0321,Water Bottle,Accessories,Faisalabad,3,1800,800,0
ORD00223,2026-04-26,C0043,Notebook Set,Stationery,Lahore,3,950,420,5
ORD00224,2025-03-19,C0080,Backpack,Accessories,Faisalabad,1,6500,4100,45
ORD00224,2025-03-19,C0080,Wireless Mouse,Electronics,Faisalabad,2,3200,2050,0
ORD00224,2025-03-19,C0080,USB Hub,Electronics,Faisalabad,1,4500,2850,5
ORD00225,2025-02-09,C0130,Wireless Mouse,Electronics,Karachi,1,3200,2050,25
ORD00225,2025-02-09,C0130,Notebook Set,Stationery,Karachi,4,950,420,5
ORD00225,2025-02-09,C0130,Water Bottle,Accessories,Karachi,2,1800,800,10
ORD00226,2025-11-11,C0116,Desk Lamp,Home,Faisalabad,2,4800,2900,0
ORD00226,2025-11-11,C0116,USB Hub,Electronics,Faisalabad,3,4500,2850,5
ORD00226,2025-11-11,C0116,Notebook Set,Stationery,Faisalabad,1,950,420,0
ORD00227,2026-09-19,C0042,Wireless Mouse,Electronics,Faisalabad,2,3200,2050,10
ORD00227,2026-09-19,C0042,Backpack,Accessories,Faisalabad,2,6500,4100,25
ORD00227,2026-09-19,C0042,Notebook Set,Stationery,Faisalabad,3,950,420,5
ORD00228,2026-08-15,C0321,Backpack,Accessories,Faisalabad,4,6500,4100,10
ORD00228,2026-08-15,C0321,Water Bottle,Accessories,Faisalabad,2,1800,800,10
ORD00228,2026-08-15,C0321,Desk Lamp,Home,Faisalabad,2,4800,2900,15
ORD00229,2025-08-12,C0222,Water Bottle,Accessories,Karachi,2,1800,800,0
ORD00230,2025-08-30,C0213,Wireless Mouse,Electronics,Lahore,3,3200,2050,25
ORD00231,2026-09-10,C0156,USB Hub,Electronics,Faisalabad,3,4500,2850,25
ORD00232,2026-04-28,C0213,USB Hub,Electronics,Karachi,1,4500,2850,15
ORD00232,2026-04-28,C0213,Water Bottle,Accessories,Karachi,1,1800,800,15
ORD00233,2026-09-26,C0022,Backpack,Accessories,Islamabad,3,6500,4100,45
ORD00233,2026-09-26,C0022,Desk Lamp,Home,Islamabad,1,4800,2900,15
ORD00233,2026-09-26,C0022,Wireless Mouse,Electronics,Islamabad,1,3200,2050,45
ORD00234,2026-03-11,C0366,Wireless Mouse,Electronics,Islamabad,2,3200,2050,25
ORD00235,2025-04-07,C0341,Notebook Set,Stationery,Lahore,1,950,420,10
ORD00235,2025-04-07,C0341,Desk Lamp,Home,Lahore,4,4800,2900,45
ORD00236,2025-07-30,C0353,USB Hub,Electronics,Faisalabad,3,4500,2850,0
ORD00236,2025-07-30,C0353,Backpack,Accessories,Faisalabad,2,6500,4100,25
ORD00236,2025-07-30,C0353,Desk Lamp,Home,Faisalabad,1,4800,2900,10
ORD00237,2025-05-18,C0215,Wireless Mouse,Electronics,Lahore,1,3200,2050,45
ORD00237,2025-05-18,C0215,USB Hub,Electronics,Lahore,3,4500,2850,45
ORD00237,2025-05-18,C0215,Water Bottle,Accessories,Lahore,4,1800,800,15
ORD00238,2025-08-27,C0047,Backpack,Accessories,Lahore,1,6500,4100,10
ORD00238,2025-08-27,C0047,USB Hub,Electronics,Lahore,3,4500,2850,45
ORD00239,2026-04-11,C0243,Notebook Set,Stationery,Faisalabad,2,950,420,0
ORD00239,2026-04-11,C0243,USB Hub,Electronics,Faisalabad,1,4500,2850,45
ORD00240,2026-05-23,C0089,Desk Lamp,Home,Faisalabad,3,4800,2900,5
ORD00241,2026-04-12,C0350,Water Bottle,Accessories,Lahore,3,1800,800,10
ORD00242,2025-10-23,C0174,Wireless Mouse,Electronics,Islamabad,1,3200,2050,5
ORD00242,2025-10-23,C0174,Backpack,Accessories,Islamabad,4,6500,4100,15
ORD00243,2025-03-29,C0017,USB Hub,Electronics,Islamabad,1,4500,2850,10
ORD00243,2025-03-29,C0017,Backpack,Accessories,Islamabad,1,6500,4100,15
ORD00244,2025-05-01,C0197,Wireless Mouse,Electronics,Karachi,3,3200,2050,45
ORD00245,2025-05-07,C0162,Water Bottle,Accessories,Lahore,3,1800,800,45
ORD00245,2025-05-07,C0162,USB Hub,Electronics,Lahore,4,4500,2850,45
ORD00245,2025-05-07,C0162,Desk Lamp,Home,Lahore,3,4800,2900,5
ORD00246,2025-10-01,C0054,Wireless Mouse,Electronics,Karachi,2,3200,2050,45
ORD00246,2025-10-01,C0054,Desk Lamp,Home,Karachi,2,4800,2900,45
ORD00247,2026-02-26,C0017,Desk Lamp,Home,Lahore,1,4800,2900,5
ORD00247,2026-02-26,C0017,Notebook Set,Stationery,Lahore,4,950,420,25
ORD00247,2026-02-26,C0017,Backpack,Accessories,Lahore,4,6500,4100,45
ORD00248,2025-03-16,C0114,Water Bottle,Accessories,Lahore,4,1800,800,0
ORD00249,2026-04-06,C0214,Backpack,Accessories,Lahore,2,6500,4100,45
ORD00249,2026-04-06,C0214,USB Hub,Electronics,Lahore,1,4500,2850,0
ORD00249,2026-04-06,C0214,Notebook Set,Stationery,Lahore,4,950,420,5
ORD00250,2025-07-18,C0317,Desk Lamp,Home,Lahore,1,4800,2900,0
ORD00250,2025-07-18,C0317,Water Bottle,Accessories,Lahore,3,1800,800,45
ORD00251,2025-03-23,C0284,USB Hub,Electronics,Islamabad,4,4500,2850,15
ORD00251,2025-03-23,C0284,Wireless Mouse,Electronics,Islamabad,1,3200,2050,45
ORD00251,2025-03-23,C0284,Backpack,Accessories,Islamabad,4,6500,4100,5
ORD00252,2025-12-15,C0156,Backpack,Accessories,Islamabad,4,6500,4100,10
ORD00252,2025-12-15,C0156,Water Bottle,Accessories,Islamabad,2,1800,800,10
ORD00252,2025-12-15,C0156,Desk Lamp,Home,Islamabad,4,4800,2900,5
ORD00253,2025-06-28,C0145,Wireless Mouse,Electronics,Lahore,1,3200,2050,10
ORD00253,2025-06-28,C0145,Water Bottle,Accessories,Lahore,4,1800,800,25
ORD00254,2025-10-12,C0078,Wireless Mouse,Electronics,Faisalabad,4,3200,2050,0
ORD00254,2025-10-12,C0078,Water Bottle,Accessories,Faisalabad,2,1800,800,45
ORD00254,2025-10-12,C0078,Notebook Set,Stationery,Faisalabad,4,950,420,0
ORD00255,2025-09-02,C0207,Wireless Mouse,Electronics,Islamabad,1,3200,2050,5
ORD00255,2025-09-02,C0207,USB Hub,Electronics,Islamabad,1,4500,2850,45
ORD00255,2025-09-02,C0207,Backpack,Accessories,Islamabad,1,6500,4100,0
ORD00256,2025-05-05,C0060,USB Hub,Electronics,Islamabad,3,4500,2850,15
ORD00256,2025-05-05,C0060,Desk Lamp,Home,Islamabad,4,4800,2900,0
ORD00257,2025-11-20,C0321,Backpack,Accessories,Faisalabad,4,6500,4100,0
ORD00257,2025-11-20,C0321,Water Bottle,Accessories,Faisalabad,2,1800,800,0
ORD00258,2025-02-27,C0189,Notebook Set,Stationery,Lahore,4,950,420,5
ORD00258,2025-02-27,C0189,Backpack,Accessories,Lahore,2,6500,4100,25
ORD00259,2025-03-20,C0217,Backpack,Accessories,Karachi,2,6500,4100,0
ORD00260,2026-02-21,C0070,Notebook Set,Stationery,Islamabad,4,950,420,0
ORD00261,2026-05-05,C0289,USB Hub,Electronics,Faisalabad,4,4500,2850,25
ORD00262,2025-04-30,C0329,Notebook Set,Stationery,Lahore,1,950,420,10
ORD00262,2025-04-30,C0329,Backpack,Accessories,Lahore,4,6500,4100,10
ORD00263,2025-06-26,C0398,Notebook Set,Stationery,Lahore,2,950,420,45
ORD00263,2025-06-26,C0398,Water Bottle,Accessories,Lahore,1,1800,800,25
ORD00264,2026-01-14,C0097,Notebook Set,Stationery,Lahore,1,950,420,10
ORD00264,2026-01-14,C0097,Wireless Mouse,Electronics,Lahore,2,3200,2050,45
ORD00264,2026-01-14,C0097,Backpack,Accessories,Lahore,2,6500,4100,10
ORD00265,2026-04-03,C0025,Notebook Set,Stationery,Faisalabad,2,950,420,10
ORD00265,2026-04-03,C0025,Backpack,Accessories,Faisalabad,3,6500,4100,0
ORD00265,2026-04-03,C0025,USB Hub,Electronics,Faisalabad,4,4500,2850,25
ORD00266,2026-02-07,C0121,Backpack,Accessories,Karachi,4,6500,4100,45
ORD00266,2026-02-07,C0121,USB Hub,Electronics,Karachi,3,4500,2850,5
ORD00267,2026-01-18,C0171,Notebook Set,Stationery,Islamabad,2,950,420,10
ORD00267,2026-01-18,C0171,Desk Lamp,Home,Islamabad,1,4800,2900,15
ORD00267,2026-01-18,C0171,Wireless Mouse,Electronics,Islamabad,3,3200,2050,5
ORD00268,2025-03-25,C0155,Backpack,Accessories,Lahore,1,6500,4100,45
ORD00268,2025-03-25,C0155,Wireless Mouse,Electronics,Lahore,3,3200,2050,0
ORD00269,2025-12-26,C0045,Wireless Mouse,Electronics,Lahore,2,3200,2050,5
ORD00269,2025-12-26,C0045,Desk Lamp,Home,Lahore,3,4800,2900,0
ORD00269,2025-12-26,C0045,Backpack,Accessories,Lahore,4,6500,4100,25
ORD00270,2026-05-01,C0068,Backpack,Accessories,Islamabad,4,6500,4100,0
ORD00270,2026-05-01,C0068,Wireless Mouse,Electronics,Islamabad,2,3200,2050,0
ORD00270,2026-05-01,C0068,Notebook Set,Stationery,Islamabad,1,950,420,5
ORD00271,2025-09-01,C0051,Water Bottle,Accessories,Islamabad,1,1800,800,5
ORD00271,2025-09-01,C0051,USB Hub,Electronics,Islamabad,2,4500,2850,0
ORD00272,2026-05-15,C0233,USB Hub,Electronics,Islamabad,1,4500,2850,10
ORD00273,2025-10-08,C0329,Notebook Set,Stationery,Karachi,2,950,420,0
ORD00274,2025-04-23,C0093,USB Hub,Electronics,Karachi,4,4500,2850,25
ORD00274,2025-04-23,C0093,Desk Lamp,Home,Karachi,1,4800,2900,5
ORD00275,2025-04-28,C0110,Wireless Mouse,Electronics,Karachi,2,3200,2050,15
ORD00276,2025-07-13,C0345,USB Hub,Electronics,Karachi,2,4500,2850,10
ORD00276,2025-07-13,C0345,Notebook Set,Stationery,Karachi,3,950,420,15
ORD00276,2025-07-13,C0345,Wireless Mouse,Electronics,Karachi,1,3200,2050,45
ORD00277,2026-02-02,C0400,Notebook Set,Stationery,Karachi,4,950,420,10
ORD00277,2026-02-02,C0400,Water Bottle,Accessories,Karachi,4,1800,800,5
ORD00278,2025-10-22,C0305,Water Bottle,Accessories,Lahore,2,1800,800,5
ORD00278,2025-10-22,C0305,Wireless Mouse,Electronics,Lahore,2,3200,2050,10
ORD00278,2025-10-22,C0305,Notebook Set,Stationery,Lahore,4,950,420,10
ORD00279,2026-02-14,C0335,USB Hub,Electronics,Faisalabad,1,4500,2850,0
ORD00280,2026-05-21,C0028,Water Bottle,Accessories,Faisalabad,1,1800,800,5
ORD00280,2026-05-21,C0028,USB Hub,Electronics,Faisalabad,1,4500,2850,5
ORD00280,2026-05-21,C0028,Backpack,Accessories,Faisalabad,3,6500,4100,0
ORD00281,2026-06-09,C0243,Desk Lamp,Home,Islamabad,2,4800,2900,0
ORD00281,2026-06-09,C0243,Water Bottle,Accessories,Islamabad,1,1800,800,0
ORD00281,2026-06-09,C0243,USB Hub,Electronics,Islamabad,1,4500,2850,25
ORD00282,2025-02-06,C0252,Water Bottle,Accessories,Faisalabad,3,1800,800,0
ORD00282,2025-02-06,C0252,Wireless Mouse,Electronics,Faisalabad,3,3200,2050,0
ORD00282,2025-02-06,C0252,Desk Lamp,Home,Faisalabad,1,4800,2900,25
ORD00283,2026-09-17,C0106,Backpack,Accessories,Faisalabad,4,6500,4100,5
ORD00283,2026-09-17,C0106,Wireless Mouse,Electronics,Faisalabad,1,3200,2050,45
ORD00283,2026-09-17,C0106,Desk Lamp,Home,Faisalabad,2,4800,2900,5
ORD00284,2026-09-08,C0225,Notebook Set,Stationery,Karachi,4,950,420,10
ORD00285,2026-03-23,C0102,Notebook Set,Stationery,Faisalabad,4,950,420,25
ORD00285,2026-03-23,C0102,Water Bottle,Accessories,Faisalabad,1,1800,800,15
ORD00285,2026-03-23,C0102,Backpack,Accessories,Faisalabad,1,6500,4100,15
ORD00286,2025-12-31,C0146,Wireless Mouse,Electronics,Faisalabad,3,3200,2050,25
ORD00286,2025-12-31,C0146,Desk Lamp,Home,Faisalabad,4,4800,2900,0
ORD00286,2025-12-31,C0146,Water Bottle,Accessories,Faisalabad,1,1800,800,5
ORD00287,2025-08-04,C0299,Water Bottle,Accessories,Lahore,1,1800,800,10
ORD00287,2025-08-04,C0299,Desk Lamp,Home,Lahore,2,4800,2900,10
ORD00288,2025-11-02,C0297,Backpack,Accessories,Faisalabad,1,6500,4100,45
ORD00288,2025-11-02,C0297,USB Hub,Electronics,Faisalabad,1,4500,2850,5
ORD00289,2026-02-21,C0162,Desk Lamp,Home,Lahore,4,4800,2900,45
ORD00289,2026-02-21,C0162,Wireless Mouse,Electronics,Lahore,1,3200,2050,5
ORD00289,2026-02-21,C0162,Water Bottle,Accessories,Lahore,2,1800,800,0
ORD00290,2025-05-08,C0070,Desk Lamp,Home,Lahore,1,4800,2900,25
ORD00290,2025-05-08,C0070,Notebook Set,Stationery,Lahore,1,950,420,45
ORD00291,2025-12-10,C0322,Backpack,Accessories,Islamabad,2,6500,4100,0
ORD00292,2025-06-12,C0111,Water Bottle,Accessories,Lahore,3,1800,800,5
ORD00293,2026-08-17,C0090,Desk Lamp,Home,Karachi,1,4800,2900,25
ORD00293,2026-08-17,C0090,Water Bottle,Accessories,Karachi,3,1800,800,10
ORD00293,2026-08-17,C0090,Notebook Set,Stationery,Karachi,4,950,420,0
ORD00294,2025-05-15,C0158,USB Hub,Electronics,Faisalabad,1,4500,2850,0
ORD00294,2025-05-15,C0158,Desk Lamp,Home,Faisalabad,3,4800,2900,0
ORD00295,2026-07-02,C0347,Wireless Mouse,Electronics,Islamabad,3,3200,2050,10
ORD00296,2026-04-30,C0242,USB Hub,Electronics,Lahore,1,4500,2850,45
ORD00297,2025-03-09,C0292,Water Bottle,Accessories,Faisalabad,3,1800,800,45
ORD00297,2025-03-09,C0292,Wireless Mouse,Electronics,Faisalabad,3,3200,2050,0
ORD00298,2026-06-08,C0065,Notebook Set,Stationery,Islamabad,4,950,420,0
ORD00298,2026-06-08,C0065,Desk Lamp,Home,Islamabad,2,4800,2900,10
ORD00299,2026-03-05,C0203,USB Hub,Electronics,Islamabad,4,4500,2850,45
ORD00299,2026-03-05,C0203,Notebook Set,Stationery,Islamabad,4,950,420,25
ORD00300,2025-06-07,C0310,USB Hub,Electronics,Islamabad,2,4500,2850,10
ORD00301,2026-05-24,C0076,Desk Lamp,Home,Karachi,4,4800,2900,0
ORD00301,2026-05-24,C0076,USB Hub,Electronics,Karachi,4,4500,2850,5
ORD00301,2026-05-24,C0076,Wireless Mouse,Electronics,Karachi,2,3200,2050,5
ORD00302,2026-02-12,C0264,Water Bottle,Accessories,Karachi,1,1800,800,0
ORD00303,2026-01-17,C0165,Wireless Mouse,Electronics,Islamabad,2,3200,2050,15
ORD00303,2026-01-17,C0165,Desk Lamp,Home,Islamabad,4,4800,2900,10
ORD00303,2026-01-17,C0165,Backpack,Accessories,Islamabad,4,6500,4100,25
ORD00304,2025-07-12,C0100,Notebook Set,Stationery,Faisalabad,1,950,420,15
ORD00305,2025-07-07,C0264,Notebook Set,Stationery,Faisalabad,3,950,420,5
ORD00305,2025-07-07,C0264,Wireless Mouse,Electronics,Faisalabad,3,3200,2050,15
ORD00305,2025-07-07,C0264,Backpack,Accessories,Faisalabad,2,6500,4100,10
ORD00306,2025-02-05,C0181,USB Hub,Electronics,Karachi,2,4500,2850,45
ORD00306,2025-02-05,C0181,Backpack,Accessories,Karachi,4,6500,4100,0
ORD00306,2025-02-05,C0181,Wireless Mouse,Electronics,Karachi,2,3200,2050,25
ORD00307,2025-12-10,C0104,Backpack,Accessories,Islamabad,1,6500,4100,10
ORD00307,2025-12-10,C0104,Wireless Mouse,Electronics,Islamabad,3,3200,2050,5
ORD00307,2025-12-10,C0104,USB Hub,Electronics,Islamabad,4,4500,2850,25
ORD00308,2025-06-06,C0319,Wireless Mouse,Electronics,Lahore,2,3200,2050,15
ORD00308,2025-06-06,C0319,Notebook Set,Stationery,Lahore,1,950,420,15
ORD00309,2025-08-26,C0298,Notebook Set,Stationery,Faisalabad,2,950,420,0
ORD00309,2025-08-26,C0298,Wireless Mouse,Electronics,Faisalabad,3,3200,2050,5
ORD00310,2025-05-09,C0007,Backpack,Accessories,Faisalabad,1,6500,4100,0
ORD00310,2025-05-09,C0007,Wireless Mouse,Electronics,Faisalabad,2,3200,2050,45
ORD00310,2025-05-09,C0007,Notebook Set,Stationery,Faisalabad,1,950,420,45
ORD00311,2026-03-09,C0369,USB Hub,Electronics,Faisalabad,1,4500,2850,5
ORD00312,2025-05-16,C0054,Wireless Mouse,Electronics,Lahore,2,3200,2050,0
ORD00313,2025-02-09,C0396,Wireless Mouse,Electronics,Lahore,1,3200,2050,10
ORD00314,2026-06-12,C0294,USB Hub,Electronics,Islamabad,1,4500,2850,15
ORD00315,2025-09-19,C0353,Notebook Set,Stationery,Karachi,3,950,420,5
ORD00315,2025-09-19,C0353,Backpack,Accessories,Karachi,2,6500,4100,15
ORD00316,2025-08-09,C0068,Desk Lamp,Home,Karachi,2,4800,2900,25
ORD00317,2026-05-14,C0105,USB Hub,Electronics,Karachi,1,4500,2850,25
ORD00318,2026-06-22,C0276,Backpack,Accessories,Karachi,4,6500,4100,25
ORD00318,2026-06-22,C0276,Notebook Set,Stationery,Karachi,1,950,420,5
ORD00318,2026-06-22,C0276,Water Bottle,Accessories,Karachi,4,1800,800,0
ORD00319,2025-10-16,C0276,Water Bottle,Accessories,Islamabad,2,1800,800,5
ORD00319,2025-10-16,C0276,Wireless Mouse,Electronics,Islamabad,3,3200,2050,0
ORD00319,2025-10-16,C0276,Desk Lamp,Home,Islamabad,3,4800,2900,10
ORD00320,2026-01-25,C0063,Wireless Mouse,Electronics,Islamabad,3,3200,2050,15
ORD00320,2026-01-25,C0063,USB Hub,Electronics,Islamabad,3,4500,2850,0
ORD00320,2026-01-25,C0063,Desk Lamp,Home,Islamabad,4,4800,2900,10
ORD00321,2025-02-02,C0164,Water Bottle,Accessories,Karachi,1,1800,800,5
ORD00322,2025-10-09,C0334,Wireless Mouse,Electronics,Islamabad,1,3200,2050,25
ORD00322,2025-10-09,C0334,Water Bottle,Accessories,Islamabad,4,1800,800,10
ORD00322,2025-10-09,C0334,USB Hub,Electronics,Islamabad,3,4500,2850,10
ORD00323,2025-02-22,C0248,Backpack,Accessories,Islamabad,3,6500,4100,45
ORD00323,2025-02-22,C0248,Water Bottle,Accessories,Islamabad,3,1800,800,0
ORD00323,2025-02-22,C0248,Notebook Set,Stationery,Islamabad,1,950,420,5
ORD00324,2025-11-26,C0268,Notebook Set,Stationery,Karachi,3,950,420,10
ORD00324,2025-11-26,C0268,USB Hub,Electronics,Karachi,4,4500,2850,45
ORD00325,2025-11-24,C0181,Notebook Set,Stationery,Islamabad,1,950,420,0
ORD00326,2025-03-02,C0235,Notebook Set,Stationery,Lahore,3,950,420,25
ORD00326,2025-03-02,C0235,Water Bottle,Accessories,Lahore,3,1800,800,0
ORD00327,2025-05-18,C0228,Wireless Mouse,Electronics,Faisalabad,4,3200,2050,45
ORD00328,2025-04-17,C0161,Desk Lamp,Home,Islamabad,2,4800,2900,15
ORD00329,2025-07-16,C0165,Wireless Mouse,Electronics,Karachi,3,3200,2050,0
ORD00329,2025-07-16,C0165,Desk Lamp,Home,Karachi,4,4800,2900,10
ORD00329,2025-07-16,C0165,Water Bottle,Accessories,Karachi,4,1800,800,5
ORD00330,2026-09-30,C0323,USB Hub,Electronics,Lahore,3,4500,2850,15
ORD00330,2026-09-30,C0323,Desk Lamp,Home,Lahore,4,4800,2900,45
ORD00330,2026-09-30,C0323,Water Bottle,Accessories,Lahore,1,1800,800,45
ORD00331,2025-03-11,C0211,Water Bottle,Accessories,Karachi,4,1800,800,5
ORD00331,2025-03-11,C0211,Backpack,Accessories,Karachi,1,6500,4100,5
ORD00332,2025-12-04,C0268,Desk Lamp,Home,Faisalabad,4,4800,2900,10
ORD00333,2025-06-04,C0395,Backpack,Accessories,Karachi,2,6500,4100,0
ORD00333,2025-06-04,C0395,USB Hub,Electronics,Karachi,2,4500,2850,15
ORD00333,2025-06-04,C0395,Water Bottle,Accessories,Karachi,3,1800,800,0
ORD00334,2025-12-24,C0070,Notebook Set,Stationery,Islamabad,3,950,420,25
ORD00334,2025-12-24,C0070,Backpack,Accessories,Islamabad,4,6500,4100,5
ORD00335,2025-09-28,C0133,Notebook Set,Stationery,Islamabad,1,950,420,10
ORD00336,2026-06-27,C0395,Desk Lamp,Home,Karachi,1,4800,2900,25
ORD00337,2026-09-21,C0222,Water Bottle,Accessories,Lahore,2,1800,800,0
ORD00338,2025-04-23,C0103,Backpack,Accessories,Islamabad,4,6500,4100,15
ORD00338,2025-04-23,C0103,Wireless Mouse,Electronics,Islamabad,4,3200,2050,0
ORD00338,2025-04-23,C0103,Desk Lamp,Home,Islamabad,1,4800,2900,25
ORD00339,2025-03-07,C0063,Desk Lamp,Home,Islamabad,2,4800,2900,5
ORD00339,2025-03-07,C0063,Notebook Set,Stationery,Islamabad,1,950,420,10
ORD00340,2026-05-28,C0251,Wireless Mouse,Electronics,Faisalabad,3,3200,2050,0
ORD00341,2026-01-14,C0362,Backpack,Accessories,Karachi,1,6500,4100,25
ORD00341,2026-01-14,C0362,Wireless Mouse,Electronics,Karachi,3,3200,2050,0
ORD00342,2026-04-08,C0079,Notebook Set,Stationery,Islamabad,4,950,420,10
ORD00342,2026-04-08,C0079,Backpack,Accessories,Islamabad,4,6500,4100,5
ORD00342,2026-04-08,C0079,USB Hub,Electronics,Islamabad,3,4500,2850,0
ORD00343,2026-04-14,C0019,USB Hub,Electronics,Lahore,1,4500,2850,5
ORD00343,2026-04-14,C0019,Notebook Set,Stationery,Lahore,2,950,420,10
ORD00344,2026-02-15,C0100,Backpack,Accessories,Islamabad,1,6500,4100,15
ORD00344,2026-02-15,C0100,Water Bottle,Accessories,Islamabad,1,1800,800,0
ORD00345,2026-07-06,C0191,Desk Lamp,Home,Islamabad,1,4800,2900,45
ORD00345,2026-07-06,C0191,Backpack,Accessories,Islamabad,1,6500,4100,15
ORD00346,2025-10-18,C0065,Desk Lamp,Home,Karachi,1,4800,2900,25
ORD00347,2025-12-29,C0371,Backpack,Accessories,Karachi,4,6500,4100,10
ORD00348,2025-01-12,C0122,Backpack,Accessories,Faisalabad,4,6500,4100,25
ORD00348,2025-01-12,C0122,USB Hub,Electronics,Faisalabad,3,4500,2850,45
ORD00349,2025-05-06,C0363,Notebook Set,Stationery,Lahore,4,950,420,0
ORD00349,2025-05-06,C0363,USB Hub,Electronics,Lahore,3,4500,2850,45
ORD00349,2025-05-06,C0363,Wireless Mouse,Electronics,Lahore,3,3200,2050,10
ORD00350,2025-09-24,C0256,Wireless Mouse,Electronics,Islamabad,3,3200,2050,0
ORD00350,2025-09-24,C0256,Backpack,Accessories,Islamabad,3,6500,4100,25
ORD00351,2025-04-28,C0340,Backpack,Accessories,Islamabad,2,6500,4100,45
ORD00351,2025-04-28,C0340,Water Bottle,Accessories,Islamabad,4,1800,800,0
ORD00352,2026-04-13,C0010,Desk Lamp,Home,Karachi,3,4800,2900,45
ORD00352,2026-04-13,C0010,Wireless Mouse,Electronics,Karachi,3,3200,2050,25
ORD00352,2026-04-13,C0010,Water Bottle,Accessories,Karachi,1,1800,800,0
ORD00353,2026-08-28,C0344,Wireless Mouse,Electronics,Islamabad,1,3200,2050,15
ORD00353,2026-08-28,C0344,Water Bottle,Accessories,Islamabad,3,1800,800,10
ORD00354,2026-08-15,C0050,USB Hub,Electronics,Karachi,3,4500,2850,45
ORD00355,2025-12-12,C0061,USB Hub,Electronics,Karachi,3,4500,2850,45
ORD00356,2025-08-05,C0125,Notebook Set,Stationery,Lahore,1,950,420,0
ORD00356,2025-08-05,C0125,USB Hub,Electronics,Lahore,3,4500,2850,5
ORD00357,2025-01-17,C0339,Water Bottle,Accessories,Islamabad,2,1800,800,25
ORD00357,2025-01-17,C0339,Desk Lamp,Home,Islamabad,4,4800,2900,0
ORD00358,2026-02-20,C0076,Water Bottle,Accessories,Lahore,2,1800,800,0
ORD00358,2026-02-20,C0076,USB Hub,Electronics,Lahore,2,4500,2850,0
ORD00359,2025-04-30,C0276,Backpack,Accessories,Lahore,2,6500,4100,10
ORD00360,2025-03-31,C0084,Notebook Set,Stationery,Karachi,2,950,420,0
ORD00360,2025-03-31,C0084,Backpack,Accessories,Karachi,3,6500,4100,15
ORD00360,2025-03-31,C0084,Desk Lamp,Home,Karachi,2,4800,2900,5
ORD00361,2025-07-29,C0261,Notebook Set,Stationery,Faisalabad,1,950,420,10
ORD00362,2025-06-08,C0135,Notebook Set,Stationery,Karachi,4,950,420,25
ORD00363,2025-01-04,C0152,Backpack,Accessories,Faisalabad,1,6500,4100,15
ORD00363,2025-01-04,C0152,Desk Lamp,Home,Faisalabad,3,4800,2900,25
ORD00364,2025-08-09,C0342,Wireless Mouse,Electronics,Karachi,2,3200,2050,0
ORD00364,2025-08-09,C0342,USB Hub,Electronics,Karachi,4,4500,2850,15
ORD00364,2025-08-09,C0342,Water Bottle,Accessories,Karachi,1,1800,800,25
ORD00365,2026-07-31,C0114,Notebook Set,Stationery,Faisalabad,4,950,420,25
ORD00365,2026-07-31,C0114,Backpack,Accessories,Faisalabad,1,6500,4100,5
ORD00365,2026-07-31,C0114,Desk Lamp,Home,Faisalabad,2,4800,2900,45
ORD00366,2025-12-15,C0215,Wireless Mouse,Electronics,Lahore,1,3200,2050,10
ORD00366,2025-12-15,C0215,Water Bottle,Accessories,Lahore,1,1800,800,25
ORD00366,2025-12-15,C0215,Desk Lamp,Home,Lahore,3,4800,2900,5
ORD00367,2025-01-03,C0192,Notebook Set,Stationery,Lahore,1,950,420,25
ORD00367,2025-01-03,C0192,Wireless Mouse,Electronics,Lahore,4,3200,2050,45
ORD00367,2025-01-03,C0192,Desk Lamp,Home,Lahore,2,4800,2900,25
ORD00368,2025-11-18,C0019,Notebook Set,Stationery,Lahore,3,950,420,10
ORD00368,2025-11-18,C0019,Wireless Mouse,Electronics,Lahore,4,3200,2050,45
ORD00369,2026-09-14,C0104,Water Bottle,Accessories,Faisalabad,2,1800,800,0
ORD00369,2026-09-14,C0104,Backpack,Accessories,Faisalabad,2,6500,4100,5
ORD00370,2026-06-30,C0346,Backpack,Accessories,Karachi,4,6500,4100,45
ORD00371,2025-05-25,C0075,Desk Lamp,Home,Islamabad,1,4800,2900,5
ORD00372,2025-09-07,C0226,Notebook Set,Stationery,Lahore,2,950,420,0
ORD00372,2025-09-07,C0226,Desk Lamp,Home,Lahore,3,4800,2900,5
ORD00372,2025-09-07,C0226,USB Hub,Electronics,Lahore,2,4500,2850,5
ORD00373,2025-07-13,C0287,Notebook Set,Stationery,Karachi,4,950,420,0
ORD00373,2025-07-13,C0287,Backpack,Accessories,Karachi,3,6500,4100,0
ORD00374,2025-05-17,C0017,USB Hub,Electronics,Faisalabad,3,4500,2850,10
ORD00374,2025-05-17,C0017,Desk Lamp,Home,Faisalabad,3,4800,2900,0
ORD00375,2026-08-31,C0096,Desk Lamp,Home,Islamabad,4,4800,2900,0
ORD00375,2026-08-31,C0096,Wireless Mouse,Electronics,Islamabad,3,3200,2050,0
ORD00375,2026-08-31,C0096,Water Bottle,Accessories,Islamabad,3,1800,800,5
ORD00376,2026-04-01,C0275,Backpack,Accessories,Faisalabad,1,6500,4100,10
ORD00376,2026-04-01,C0275,Desk Lamp,Home,Faisalabad,4,4800,2900,10
ORD00377,2026-05-14,C0072,Wireless Mouse,Electronics,Karachi,4,3200,2050,15
ORD00377,2026-05-14,C0072,Desk Lamp,Home,Karachi,2,4800,2900,0
ORD00378,2025-01-26,C0378,Desk Lamp,Home,Lahore,2,4800,2900,0
ORD00378,2025-01-26,C0378,Wireless Mouse,Electronics,Lahore,2,3200,2050,0
ORD00378,2025-01-26,C0378,Water Bottle,Accessories,Lahore,4,1800,800,5
ORD00379,2025-09-24,C0155,Water Bottle,Accessories,Faisalabad,1,1800,800,15
ORD00379,2025-09-24,C0155,Desk Lamp,Home,Faisalabad,1,4800,2900,0
ORD00380,2025-05-09,C0117,USB Hub,Electronics,Faisalabad,1,4500,2850,10
ORD00380,2025-05-09,C0117,Notebook Set,Stationery,Faisalabad,4,950,420,10
ORD00381,2026-08-19,C0126,Backpack,Accessories,Lahore,4,6500,4100,0
ORD00381,2026-08-19,C0126,Wireless Mouse,Electronics,Lahore,2,3200,2050,0
ORD00381,2026-08-19,C0126,USB Hub,Electronics,Lahore,4,4500,2850,15
ORD00382,2026-05-30,C0306,Water Bottle,Accessories,Karachi,2,1800,800,0
ORD00383,2026-08-15,C0398,Desk Lamp,Home,Karachi,1,4800,2900,15
ORD00383,2026-08-15,C0398,Wireless Mouse,Electronics,Karachi,4,3200,2050,25
ORD00383,2026-08-15,C0398,USB Hub,Electronics,Karachi,4,4500,2850,25
ORD00384,2026-01-20,C0208,USB Hub,Electronics,Faisalabad,4,4500,2850,5
ORD00384,2026-01-20,C0208,Wireless Mouse,Electronics,Faisalabad,4,3200,2050,0
ORD00385,2026-02-25,C0180,Water Bottle,Accessories,Karachi,2,1800,800,25
ORD00386,2025-09-29,C0020,Desk Lamp,Home,Faisalabad,4,4800,2900,45
ORD00387,2026-08-08,C0171,USB Hub,Electronics,Faisalabad,3,4500,2850,0
ORD00388,2025-09-24,C0188,Wireless Mouse,Electronics,Karachi,4,3200,2050,5
ORD00388,2025-09-24,C0188,Notebook Set,Stationery,Karachi,3,950,420,10
ORD00389,2025-12-18,C0166,Desk Lamp,Home,Karachi,4,4800,2900,10
ORD00389,2025-12-18,C0166,Backpack,Accessories,Karachi,4,6500,4100,15
ORD00389,2025-12-18,C0166,USB Hub,Electronics,Karachi,4,4500,2850,0
ORD00390,2025-04-01,C0371,Wireless Mouse,Electronics,Islamabad,2,3200,2050,15
ORD00390,2025-04-01,C0371,Desk Lamp,Home,Islamabad,2,4800,2900,0
ORD00391,2025-04-16,C0372,Notebook Set,Stationery,Faisalabad,3,950,420,5
ORD00392,2026-04-06,C0105,Notebook Set,Stationery,Lahore,1,950,420,0
ORD00392,2026-04-06,C0105,Desk Lamp,Home,Lahore,3,4800,2900,10
ORD00393,2025-07-08,C0104,Wireless Mouse,Electronics,Lahore,4,3200,2050,0
ORD00393,2025-07-08,C0104,Desk Lamp,Home,Lahore,4,4800,2900,0
ORD00394,2025-04-29,C0105,Backpack,Accessories,Karachi,2,6500,4100,25
ORD00395,2025-11-10,C0178,USB Hub,Electronics,Karachi,1,4500,2850,25
ORD00396,2026-09-30,C0306,Water Bottle,Accessories,Karachi,2,1800,800,10
ORD00397,2026-05-07,C0369,Water Bottle,Accessories,Faisalabad,1,1800,800,15
ORD00398,2026-08-17,C0262,Water Bottle,Accessories,Faisalabad,3,1800,800,10
ORD00398,2026-08-17,C0262,Desk Lamp,Home,Faisalabad,3,4800,2900,5
ORD00399,2025-07-16,C0077,Backpack,Accessories,Islamabad,1,6500,4100,15
ORD00399,2025-07-16,C0077,Desk Lamp,Home,Islamabad,1,4800,2900,0
ORD00399,2025-07-16,C0077,Notebook Set,Stationery,Islamabad,3,950,420,0
ORD00400,2025-08-05,C0236,Wireless Mouse,Electronics,Islamabad,4,3200,2050,25
ORD00400,2025-08-05,C0236,USB Hub,Electronics,Islamabad,2,4500,2850,45
ORD00401,2025-11-08,C0055,Water Bottle,Accessories,Faisalabad,2,1800,800,45
ORD00402,2025-12-09,C0187,Water Bottle,Accessories,Karachi,3,1800,800,5
ORD00402,2025-12-09,C0187,Wireless Mouse,Electronics,Karachi,1,3200,2050,0
ORD00402,2025-12-09,C0187,Notebook Set,Stationery,Karachi,3,950,420,0
ORD00403,2025-07-16,C0251,Desk Lamp,Home,Karachi,3,4800,2900,45
ORD00403,2025-07-16,C0251,Notebook Set,Stationery,Karachi,4,950,420,0
ORD00404,2025-08-30,C0116,Water Bottle,Accessories,Islamabad,2,1800,800,10
ORD00405,2025-03-20,C0364,Desk Lamp,Home,Faisalabad,3,4800,2900,10
ORD00405,2025-03-20,C0364,USB Hub,Electronics,Faisalabad,4,4500,2850,25
ORD00405,2025-03-20,C0364,Wireless Mouse,Electronics,Faisalabad,2,3200,2050,0
ORD00406,2025-03-01,C0178,Wireless Mouse,Electronics,Islamabad,3,3200,2050,25
ORD00407,2025-01-20,C0204,Backpack,Accessories,Lahore,3,6500,4100,10
ORD00407,2025-01-20,C0204,Water Bottle,Accessories,Lahore,4,1800,800,15
ORD00407,2025-01-20,C0204,USB Hub,Electronics,Lahore,4,4500,2850,10
ORD00408,2026-07-09,C0018,Backpack,Accessories,Lahore,3,6500,4100,0
ORD00409,2025-04-10,C0345,Water Bottle,Accessories,Faisalabad,1,1800,800,45
ORD00409,2025-04-10,C0345,Notebook Set,Stationery,Faisalabad,2,950,420,15
ORD00410,2026-03-26,C0124,Wireless Mouse,Electronics,Lahore,1,3200,2050,0
ORD00410,2026-03-26,C0124,Notebook Set,Stationery,Lahore,2,950,420,5
ORD00410,2026-03-26,C0124,Water Bottle,Accessories,Lahore,1,1800,800,45
ORD00411,2025-04-16,C0284,Desk Lamp,Home,Islamabad,2,4800,2900,15
ORD00411,2025-04-16,C0284,Water Bottle,Accessories,Islamabad,1,1800,800,0
ORD00412,2026-04-10,C0247,Wireless Mouse,Electronics,Lahore,2,3200,2050,25
ORD00412,2026-04-10,C0247,USB Hub,Electronics,Lahore,1,4500,2850,10
ORD00412,2026-04-10,C0247,Water Bottle,Accessories,Lahore,1,1800,800,10
ORD00413,2026-07-11,C0175,USB Hub,Electronics,Lahore,3,4500,2850,10
ORD00414,2025-10-03,C0118,USB Hub,Electronics,Islamabad,4,4500,2850,0
ORD00414,2025-10-03,C0118,Backpack,Accessories,Islamabad,2,6500,4100,5
ORD00415,2025-01-02,C0073,Desk Lamp,Home,Faisalabad,1,4800,2900,0
ORD00415,2025-01-02,C0073,Wireless Mouse,Electronics,Faisalabad,4,3200,2050,25
ORD00416,2025-11-13,C0247,USB Hub,Electronics,Faisalabad,3,4500,2850,0
ORD00416,2025-11-13,C0247,Water Bottle,Accessories,Faisalabad,2,1800,800,0
ORD00416,2025-11-13,C0247,Wireless Mouse,Electronics,Faisalabad,2,3200,2050,45
ORD00417,2025-07-31,C0084,Wireless Mouse,Electronics,Lahore,3,3200,2050,5
ORD00418,2025-11-14,C0333,Notebook Set,Stationery,Islamabad,2,950,420,25
ORD00419,2025-07-15,C0056,USB Hub,Electronics,Islamabad,4,4500,2850,25
ORD00419,2025-07-15,C0056,Wireless Mouse,Electronics,Islamabad,2,3200,2050,10
ORD00420,2025-12-29,C0262,Desk Lamp,Home,Lahore,3,4800,2900,0
ORD00421,2025-11-26,C0292,Wireless Mouse,Electronics,Faisalabad,3,3200,2050,0
ORD00422,2025-02-12,C0397,Wireless Mouse,Electronics,Faisalabad,4,3200,2050,0
ORD00422,2025-02-12,C0397,Water Bottle,Accessories,Faisalabad,3,1800,800,25
ORD00422,2025-02-12,C0397,Backpack,Accessories,Faisalabad,3,6500,4100,0
ORD00423,2025-10-28,C0220,Desk Lamp,Home,Faisalabad,2,4800,2900,0
ORD00423,2025-10-28,C0220,USB Hub,Electronics,Faisalabad,3,4500,2850,45
ORD00424,2026-09-24,C0161,Water Bottle,Accessories,Lahore,2,1800,800,10
ORD00424,2026-09-24,C0161,USB Hub,Electronics,Lahore,1,4500,2850,45
ORD00425,2025-03-13,C0267,USB Hub,Electronics,Faisalabad,2,4500,2850,5
ORD00425,2025-03-13,C0267,Backpack,Accessories,Faisalabad,3,6500,4100,0
ORD00425,2025-03-13,C0267,Desk Lamp,Home,Faisalabad,2,4800,2900,5
ORD00426,2025-07-28,C0279,USB Hub,Electronics,Karachi,4,4500,2850,45
ORD00426,2025-07-28,C0279,Notebook Set,Stationery,Karachi,1,950,420,15
ORD00426,2025-07-28,C0279,Desk Lamp,Home,Karachi,3,4800,2900,0
ORD00427,2025-10-16,C0278,Notebook Set,Stationery,Faisalabad,1,950,420,0
ORD00427,2025-10-16,C0278,Desk Lamp,Home,Faisalabad,1,4800,2900,5
ORD00427,2025-10-16,C0278,Wireless Mouse,Electronics,Faisalabad,4,3200,2050,0
ORD00428,2026-09-22,C0108,Wireless Mouse,Electronics,Lahore,4,3200,2050,15
ORD00428,2026-09-22,C0108,Backpack,Accessories,Lahore,2,6500,4100,25
ORD00429,2026-06-23,C0144,Desk Lamp,Home,Islamabad,3,4800,2900,0
ORD00430,2026-09-25,C0389,Backpack,Accessories,Karachi,2,6500,4100,10
ORD00430,2026-09-25,C0389,Wireless Mouse,Electronics,Karachi,3,3200,2050,15
ORD00431,2025-05-22,C0317,USB Hub,Electronics,Islamabad,1,4500,2850,10
ORD00431,2025-05-22,C0317,Desk Lamp,Home,Islamabad,3,4800,2900,25
ORD00431,2025-05-22,C0317,Notebook Set,Stationery,Islamabad,2,950,420,45
ORD00432,2025-07-30,C0214,Backpack,Accessories,Faisalabad,2,6500,4100,5
ORD00432,2025-07-30,C0214,Water Bottle,Accessories,Faisalabad,1,1800,800,10
ORD00433,2026-08-09,C0195,Notebook Set,Stationery,Karachi,1,950,420,45
ORD00434,2025-12-03,C0055,USB Hub,Electronics,Lahore,4,4500,2850,25
ORD00434,2025-12-03,C0055,Wireless Mouse,Electronics,Lahore,4,3200,2050,0
ORD00434,2025-12-03,C0055,Backpack,Accessories,Lahore,1,6500,4100,45
ORD00435,2026-08-16,C0291,Wireless Mouse,Electronics,Lahore,3,3200,2050,25
ORD00436,2026-02-07,C0105,USB Hub,Electronics,Faisalabad,4,4500,2850,25
ORD00437,2026-07-15,C0235,Water Bottle,Accessories,Karachi,3,1800,800,0
ORD00438,2026-09-03,C0024,Backpack,Accessories,Islamabad,2,6500,4100,10
ORD00439,2026-03-05,C0303,Water Bottle,Accessories,Karachi,3,1800,800,5
ORD00439,2026-03-05,C0303,Wireless Mouse,Electronics,Karachi,2,3200,2050,25
ORD00439,2026-03-05,C0303,Desk Lamp,Home,Karachi,3,4800,2900,0
ORD00440,2025-02-01,C0193,Notebook Set,Stationery,Karachi,3,950,420,25
ORD00440,2025-02-01,C0193,Water Bottle,Accessories,Karachi,1,1800,800,15
ORD00440,2025-02-01,C0193,Backpack,Accessories,Karachi,2,6500,4100,25
ORD00441,2026-05-25,C0250,Wireless Mouse,Electronics,Faisalabad,1,3200,2050,0
ORD00441,2026-05-25,C0250,Backpack,Accessories,Faisalabad,2,6500,4100,25
ORD00442,2025-12-03,C0391,Desk Lamp,Home,Faisalabad,2,4800,2900,15
ORD00442,2025-12-03,C0391,Backpack,Accessories,Faisalabad,1,6500,4100,0
ORD00443,2025-01-10,C0294,Water Bottle,Accessories,Faisalabad,2,1800,800,25
ORD00443,2025-01-10,C0294,Desk Lamp,Home,Faisalabad,2,4800,2900,25
ORD00443,2025-01-10,C0294,Notebook Set,Stationery,Faisalabad,4,950,420,0
ORD00444,2026-04-07,C0148,Notebook Set,Stationery,Islamabad,2,950,420,0
ORD00445,2026-05-15,C0058,Wireless Mouse,Electronics,Karachi,2,3200,2050,45
ORD00446,2026-08-26,C0153,USB Hub,Electronics,Islamabad,1,4500,2850,25
ORD00446,2026-08-26,C0153,Water Bottle,Accessories,Islamabad,4,1800,800,5
ORD00446,2026-08-26,C0153,Wireless Mouse,Electronics,Islamabad,4,3200,2050,25
ORD00447,2026-05-27,C0322,Water Bottle,Accessories,Islamabad,3,1800,800,45
ORD00448,2026-09-04,C0075,Wireless Mouse,Electronics,Karachi,4,3200,2050,45
ORD00449,2026-08-18,C0354,USB Hub,Electronics,Islamabad,1,4500,2850,25
ORD00449,2026-08-18,C0354,Backpack,Accessories,Islamabad,4,6500,4100,15
ORD00450,2025-11-15,C0080,Backpack,Accessories,Lahore,2,6500,4100,25
ORD00450,2025-11-15,C0080,USB Hub,Electronics,Lahore,3,4500,2850,0
ORD00451,2026-06-24,C0022,Notebook Set,Stationery,Islamabad,3,950,420,45
ORD00451,2026-06-24,C0022,Wireless Mouse,Electronics,Islamabad,2,3200,2050,15
ORD00451,2026-06-24,C0022,USB Hub,Electronics,Islamabad,2,4500,2850,45
ORD00452,2025-03-18,C0102,Water Bottle,Accessories,Lahore,1,1800,800,0
ORD00452,2025-03-18,C0102,Wireless Mouse,Electronics,Lahore,4,3200,2050,10
ORD00452,2025-03-18,C0102,Desk Lamp,Home,Lahore,4,4800,2900,0
ORD00453,2025-08-13,C0066,USB Hub,Electronics,Karachi,3,4500,2850,5
ORD00453,2025-08-13,C0066,Notebook Set,Stationery,Karachi,4,950,420,10
ORD00454,2025-04-07,C0386,Water Bottle,Accessories,Faisalabad,4,1800,800,25
ORD00455,2025-06-12,C0253,Backpack,Accessories,Islamabad,3,6500,4100,10
ORD00455,2025-06-12,C0253,Water Bottle,Accessories,Islamabad,1,1800,800,0
ORD00456,2026-09-04,C0364,USB Hub,Electronics,Islamabad,1,4500,2850,5
ORD00457,2025-07-30,C0005,Backpack,Accessories,Faisalabad,2,6500,4100,10
ORD00457,2025-07-30,C0005,Desk Lamp,Home,Faisalabad,2,4800,2900,25
ORD00458,2025-06-09,C0056,Water Bottle,Accessories,Islamabad,3,1800,800,5
ORD00458,2025-06-09,C0056,Desk Lamp,Home,Islamabad,4,4800,2900,5
ORD00458,2025-06-09,C0056,Wireless Mouse,Electronics,Islamabad,3,3200,2050,10
ORD00459,2025-06-04,C0200,Water Bottle,Accessories,Lahore,2,1800,800,10
ORD00459,2025-06-04,C0200,Backpack,Accessories,Lahore,3,6500,4100,45
ORD00460,2025-01-16,C0096,Notebook Set,Stationery,Karachi,4,950,420,0
ORD00461,2026-06-05,C0248,Wireless Mouse,Electronics,Islamabad,3,3200,2050,5
ORD00461,2026-06-05,C0248,Desk Lamp,Home,Islamabad,2,4800,2900,10
ORD00461,2026-06-05,C0248,Backpack,Accessories,Islamabad,1,6500,4100,25
ORD00462,2025-03-05,C0184,Water Bottle,Accessories,Islamabad,2,1800,800,0
ORD00463,2026-02-25,C0224,Notebook Set,Stationery,Islamabad,3,950,420,0
ORD00463,2026-02-25,C0224,Desk Lamp,Home,Islamabad,3,4800,2900,25
ORD00463,2026-02-25,C0224,USB Hub,Electronics,Islamabad,4,4500,2850,45
ORD00464,2025-03-20,C0056,Wireless Mouse,Electronics,Faisalabad,2,3200,2050,0
ORD00464,2025-03-20,C0056,Desk Lamp,Home,Faisalabad,3,4800,2900,0
ORD00465,2025-08-14,C0002,Notebook Set,Stationery,Islamabad,1,950,420,0
ORD00465,2025-08-14,C0002,USB Hub,Electronics,Islamabad,2,4500,2850,0
ORD00466,2025-09-14,C0342,USB Hub,Electronics,Faisalabad,4,4500,2850,0
ORD00466,2025-09-14,C0342,Water Bottle,Accessories,Faisalabad,4,1800,800,5
ORD00467,2026-04-13,C0366,Notebook Set,Stationery,Karachi,2,950,420,45
ORD00468,2026-08-25,C0228,Notebook Set,Stationery,Faisalabad,3,950,420,10
ORD00468,2026-08-25,C0228,Water Bottle,Accessories,Faisalabad,3,1800,800,25
ORD00469,2025-11-09,C0013,Notebook Set,Stationery,Lahore,3,950,420,25
ORD00470,2025-05-29,C0315,Notebook Set,Stationery,Islamabad,2,950,420,45
ORD00471,2026-08-11,C0328,USB Hub,Electronics,Islamabad,2,4500,2850,0
ORD00471,2026-08-11,C0328,Desk Lamp,Home,Islamabad,2,4800,2900,5
ORD00472,2025-05-06,C0151,USB Hub,Electronics,Faisalabad,2,4500,2850,45
ORD00472,2025-05-06,C0151,Water Bottle,Accessories,Faisalabad,4,1800,800,45
ORD00473,2025-08-12,C0092,Backpack,Accessories,Islamabad,3,6500,4100,5
ORD00473,2025-08-12,C0092,Wireless Mouse,Electronics,Islamabad,2,3200,2050,0
ORD00473,2025-08-12,C0092,Notebook Set,Stationery,Islamabad,2,950,420,15
ORD00474,2025-06-03,C0398,Notebook Set,Stationery,Lahore,3,950,420,15
ORD00474,2025-06-03,C0398,USB Hub,Electronics,Lahore,3,4500,2850,10
ORD00475,2025-04-28,C0172,Desk Lamp,Home,Lahore,4,4800,2900,5
ORD00475,2025-04-28,C0172,Backpack,Accessories,Lahore,1,6500,4100,15
ORD00476,2026-04-03,C0331,Desk Lamp,Home,Faisalabad,4,4800,2900,45
ORD00476,2026-04-03,C0331,Water Bottle,Accessories,Faisalabad,2,1800,800,25
ORD00476,2026-04-03,C0331,Notebook Set,Stationery,Faisalabad,4,950,420,25
ORD00477,2025-01-04,C0266,Desk Lamp,Home,Lahore,4,4800,2900,5
ORD00477,2025-01-04,C0266,Wireless Mouse,Electronics,Lahore,3,3200,2050,0
ORD00477,2025-01-04,C0266,USB Hub,Electronics,Lahore,2,4500,2850,45
ORD00478,2026-08-15,C0084,Backpack,Accessories,Karachi,4,6500,4100,0
ORD00478,2026-08-15,C0084,Notebook Set,Stationery,Karachi,2,950,420,25
ORD00479,2026-03-16,C0159,Desk Lamp,Home,Faisalabad,2,4800,2900,10
ORD00479,2026-03-16,C0159,Notebook Set,Stationery,Faisalabad,4,950,420,5
ORD00480,2026-07-26,C0243,Water Bottle,Accessories,Lahore,3,1800,800,10
ORD00480,2026-07-26,C0243,Desk Lamp,Home,Lahore,2,4800,2900,5
ORD00480,2026-07-26,C0243,Notebook Set,Stationery,Lahore,2,950,420,10
ORD00481,2025-07-17,C0233,Wireless Mouse,Electronics,Lahore,4,3200,2050,15
ORD00481,2025-07-17,C0233,Notebook Set,Stationery,Lahore,3,950,420,0
ORD00482,2025-08-06,C0262,Desk Lamp,Home,Faisalabad,1,4800,2900,15
ORD00482,2025-08-06,C0262,USB Hub,Electronics,Faisalabad,3,4500,2850,0
ORD00483,2026-05-15,C0296,USB Hub,Electronics,Karachi,3,4500,2850,0
ORD00484,2025-06-12,C0195,Water Bottle,Accessories,Islamabad,2,1800,800,5
ORD00485,2025-02-08,C0351,Water Bottle,Accessories,Lahore,4,1800,800,10
ORD00485,2025-02-08,C0351,USB Hub,Electronics,Lahore,1,4500,2850,45
ORD00485,2025-02-08,C0351,Desk Lamp,Home,Lahore,2,4800,2900,45
ORD00486,2026-07-10,C0341,Notebook Set,Stationery,Islamabad,3,950,420,15
ORD00486,2026-07-10,C0341,Wireless Mouse,Electronics,Islamabad,1,3200,2050,10
ORD00486,2026-07-10,C0341,Water Bottle,Accessories,Islamabad,3,1800,800,45
ORD00487,2025-07-18,C0092,Backpack,Accessories,Karachi,3,6500,4100,25
ORD00488,2026-09-13,C0030,Desk Lamp,Home,Lahore,4,4800,2900,0
ORD00489,2025-01-19,C0345,Desk Lamp,Home,Faisalabad,3,4800,2900,10
ORD00490,2026-09-25,C0162,Notebook Set,Stationery,Lahore,4,950,420,25
ORD00490,2026-09-25,C0162,Backpack,Accessories,Lahore,2,6500,4100,5
ORD00491,2026-03-02,C0165,Desk Lamp,Home,Karachi,3,4800,2900,25
ORD00492,2026-05-16,C0124,Notebook Set,Stationery,Lahore,3,950,420,45
ORD00493,2026-07-28,C0002,Desk Lamp,Home,Islamabad,3,4800,2900,0
ORD00494,2025-08-02,C0221,USB Hub,Electronics,Karachi,1,4500,2850,10
ORD00494,2025-08-02,C0221,Notebook Set,Stationery,Karachi,2,950,420,15
ORD00495,2025-03-01,C0231,Desk Lamp,Home,Faisalabad,4,4800,2900,10
ORD00496,2025-04-22,C0086,Notebook Set,Stationery,Faisalabad,4,950,420,0
ORD00496,2025-04-22,C0086,USB Hub,Electronics,Faisalabad,4,4500,2850,10
ORD00496,2025-04-22,C0086,Desk Lamp,Home,Faisalabad,4,4800,2900,0
ORD00497,2026-08-27,C0091,Wireless Mouse,Electronics,Lahore,4,3200,2050,5
ORD00497,2026-08-27,C0091,USB Hub,Electronics,Lahore,4,4500,2850,45
ORD00497,2026-08-27,C0091,Notebook Set,Stationery,Lahore,4,950,420,10
ORD00498,2026-03-22,C0211,Notebook Set,Stationery,Islamabad,4,950,420,45
ORD00498,2026-03-22,C0211,Water Bottle,Accessories,Islamabad,3,1800,800,0
ORD00499,2026-01-10,C0127,Backpack,Accessories,Lahore,4,6500,4100,10
ORD00500,2025-10-12,C0036,Water Bottle,Accessories,Islamabad,4,1800,800,45
ORD00501,2025-07-01,C0065,USB Hub,Electronics,Karachi,4,4500,2850,15
ORD00501,2025-07-01,C0065,Water Bottle,Accessories,Karachi,2,1800,800,15
ORD00501,2025-07-01,C0065,Wireless Mouse,Electronics,Karachi,3,3200,2050,10
ORD00502,2025-11-24,C0041,Notebook Set,Stationery,Karachi,4,950,420,0
ORD00502,2025-11-24,C0041,Wireless Mouse,Electronics,Karachi,1,3200,2050,15
ORD00503,2025-05-21,C0141,USB Hub,Electronics,Karachi,3,4500,2850,0
ORD00504,2026-03-15,C0286,Notebook Set,Stationery,Islamabad,3,950,420,25
ORD00504,2026-03-15,C0286,USB Hub,Electronics,Islamabad,3,4500,2850,0
ORD00505,2025-10-21,C0296,Backpack,Accessories,Lahore,3,6500,4100,25
ORD00505,2025-10-21,C0296,Wireless Mouse,Electronics,Lahore,2,3200,2050,10
ORD00505,2025-10-21,C0296,USB Hub,Electronics,Lahore,3,4500,2850,25
ORD00506,2026-05-07,C0135,Notebook Set,Stationery,Faisalabad,3,950,420,0
ORD00507,2025-10-15,C0239,Desk Lamp,Home,Islamabad,1,4800,2900,15
ORD00508,2025-07-29,C0229,USB Hub,Electronics,Islamabad,1,4500,2850,45
ORD00508,2025-07-29,C0229,Water Bottle,Accessories,Islamabad,1,1800,800,15
ORD00508,2025-07-29,C0229,Wireless Mouse,Electronics,Islamabad,2,3200,2050,0
ORD00509,2025-10-11,C0012,Notebook Set,Stationery,Karachi,3,950,420,0
ORD00509,2025-10-11,C0012,Desk Lamp,Home,Karachi,2,4800,2900,0
ORD00510,2026-08-13,C0302,Notebook Set,Stationery,Karachi,4,950,420,45
ORD00510,2026-08-13,C0302,Backpack,Accessories,Karachi,4,6500,4100,25
ORD00510,2026-08-13,C0302,Wireless Mouse,Electronics,Karachi,1,3200,2050,10
ORD00511,2025-06-06,C0088,Wireless Mouse,Electronics,Faisalabad,2,3200,2050,10
ORD00511,2025-06-06,C0088,Backpack,Accessories,Faisalabad,2,6500,4100,0
ORD00511,2025-06-06,C0088,Notebook Set,Stationery,Faisalabad,4,950,420,25
ORD00512,2026-03-13,C0142,Desk Lamp,Home,Islamabad,3,4800,2900,0
ORD00512,2026-03-13,C0142,Notebook Set,Stationery,Islamabad,1,950,420,25
ORD00512,2026-03-13,C0142,USB Hub,Electronics,Islamabad,2,4500,2850,10
ORD00513,2025-12-14,C0176,USB Hub,Electronics,Faisalabad,1,4500,2850,5
ORD00514,2026-01-11,C0355,Wireless Mouse,Electronics,Lahore,3,3200,2050,5
ORD00514,2026-01-11,C0355,Water Bottle,Accessories,Lahore,3,1800,800,5
ORD00515,2025-06-26,C0173,USB Hub,Electronics,Karachi,4,4500,2850,10
ORD00515,2025-06-26,C0173,Desk Lamp,Home,Karachi,3,4800,2900,45
ORD00515,2025-06-26,C0173,Backpack,Accessories,Karachi,2,6500,4100,0
ORD00516,2026-04-23,C0003,Backpack,Accessories,Karachi,3,6500,4100,0
ORD00516,2026-04-23,C0003,Water Bottle,Accessories,Karachi,2,1800,800,5
ORD00516,2026-04-23,C0003,Desk Lamp,Home,Karachi,4,4800,2900,0
ORD00517,2026-06-22,C0165,Water Bottle,Accessories,Islamabad,1,1800,800,25
ORD00517,2026-06-22,C0165,Desk Lamp,Home,Islamabad,3,4800,2900,45
ORD00518,2025-10-20,C0007,Water Bottle,Accessories,Lahore,4,1800,800,0
ORD00518,2025-10-20,C0007,Desk Lamp,Home,Lahore,1,4800,2900,0
ORD00519,2025-04-02,C0161,Wireless Mouse,Electronics,Karachi,1,3200,2050,0
ORD00519,2025-04-02,C0161,Notebook Set,Stationery,Karachi,1,950,420,5
ORD00520,2025-12-17,C0124,Desk Lamp,Home,Karachi,2,4800,2900,0
ORD00520,2025-12-17,C0124,Notebook Set,Stationery,Karachi,2,950,420,45
ORD00521,2025-09-11,C0044,Desk Lamp,Home,Islamabad,1,4800,2900,45
ORD00522,2026-09-19,C0228,Backpack,Accessories,Islamabad,3,6500,4100,0
ORD00522,2026-09-19,C0228,Water Bottle,Accessories,Islamabad,2,1800,800,45
ORD00523,2025-09-15,C0082,Water Bottle,Accessories,Faisalabad,2,1800,800,10
ORD00523,2025-09-15,C0082,Notebook Set,Stationery,Faisalabad,4,950,420,5
ORD00524,2025-04-06,C0172,Desk Lamp,Home,Faisalabad,2,4800,2900,45
ORD00524,2025-04-06,C0172,USB Hub,Electronics,Faisalabad,3,4500,2850,0
ORD00525,2025-09-18,C0370,Backpack,Accessories,Karachi,1,6500,4100,10
ORD00525,2025-09-18,C0370,USB Hub,Electronics,Karachi,3,4500,2850,0
ORD00526,2026-03-06,C0048,Wireless Mouse,Electronics,Karachi,4,3200,2050,0
ORD00527,2025-06-12,C0342,Desk Lamp,Home,Faisalabad,3,4800,2900,25
ORD00528,2026-09-30,C0222,Water Bottle,Accessories,Lahore,1,1800,800,15
ORD00528,2026-09-30,C0222,Wireless Mouse,Electronics,Lahore,2,3200,2050,15
ORD00528,2026-09-30,C0222,USB Hub,Electronics,Lahore,2,4500,2850,15
ORD00529,2025-10-31,C0147,Backpack,Accessories,Karachi,3,6500,4100,25
ORD00529,2025-10-31,C0147,USB Hub,Electronics,Karachi,4,4500,2850,45
ORD00529,2025-10-31,C0147,Notebook Set,Stationery,Karachi,3,950,420,25
ORD00530,2025-10-29,C0296,Desk Lamp,Home,Karachi,1,4800,2900,45
ORD00530,2025-10-29,C0296,Wireless Mouse,Electronics,Karachi,4,3200,2050,0
ORD00530,2025-10-29,C0296,USB Hub,Electronics,Karachi,1,4500,2850,25
ORD00531,2026-09-24,C0068,USB Hub,Electronics,Islamabad,2,4500,2850,0
ORD00532,2025-07-26,C0216,Water Bottle,Accessories,Faisalabad,3,1800,800,45
ORD00533,2026-08-17,C0062,Wireless Mouse,Electronics,Lahore,3,3200,2050,0
ORD00533,2026-08-17,C0062,USB Hub,Electronics,Lahore,2,4500,2850,15
ORD00533,2026-08-17,C0062,Notebook Set,Stationery,Lahore,1,950,420,10
ORD00534,2025-01-08,C0131,Backpack,Accessories,Lahore,4,6500,4100,0
ORD00534,2025-01-08,C0131,USB Hub,Electronics,Lahore,3,4500,2850,15
ORD00534,2025-01-08,C0131,Wireless Mouse,Electronics,Lahore,1,3200,2050,0
ORD00535,2026-08-15,C0218,Water Bottle,Accessories,Karachi,2,1800,800,0
ORD00536,2026-01-02,C0398,Notebook Set,Stationery,Lahore,1,950,420,15
ORD00537,2025-06-11,C0052,Notebook Set,Stationery,Karachi,3,950,420,15
ORD00537,2025-06-11,C0052,Backpack,Accessories,Karachi,3,6500,4100,0
ORD00537,2025-06-11,C0052,Water Bottle,Accessories,Karachi,3,1800,800,15
ORD00538,2026-07-13,C0070,Desk Lamp,Home,Islamabad,1,4800,2900,0
ORD00538,2026-07-13,C0070,Backpack,Accessories,Islamabad,3,6500,4100,0
ORD00538,2026-07-13,C0070,Wireless Mouse,Electronics,Islamabad,2,3200,2050,0
ORD00539,2026-09-07,C0220,Desk Lamp,Home,Faisalabad,3,4800,2900,15
ORD00540,2026-05-20,C0372,Desk Lamp,Home,Faisalabad,4,4800,2900,10
ORD00541,2026-07-08,C0226,Backpack,Accessories,Lahore,1,6500,4100,25
ORD00541,2026-07-08,C0226,USB Hub,Electronics,Lahore,4,4500,2850,25
ORD00542,2025-03-04,C0248,Water Bottle,Accessories,Faisalabad,2,1800,800,25
ORD00542,2025-03-04,C0248,Notebook Set,Stationery,Faisalabad,1,950,420,0
ORD00543,2025-09-11,C0310,Wireless Mouse,Electronics,Islamabad,1,3200,2050,25
ORD00543,2025-09-11,C0310,Notebook Set,Stationery,Islamabad,4,950,420,0
ORD00544,2025-07-06,C0127,Backpack,Accessories,Faisalabad,3,6500,4100,0
ORD00544,2025-07-06,C0127,Notebook Set,Stationery,Faisalabad,4,950,420,15
ORD00545,2026-05-06,C0380,Backpack,Accessories,Lahore,2,6500,4100,10
ORD00546,2025-05-30,C0160,Water Bottle,Accessories,Karachi,1,1800,800,10
ORD00546,2025-05-30,C0160,Backpack,Accessories,Karachi,1,6500,4100,5
ORD00547,2025-09-22,C0057,Water Bottle,Accessories,Karachi,4,1800,800,0
ORD00548,2026-01-20,C0257,Notebook Set,Stationery,Karachi,2,950,420,0
ORD00548,2026-01-20,C0257,Backpack,Accessories,Karachi,2,6500,4100,0
ORD00549,2025-04-06,C0395,Backpack,Accessories,Lahore,1,6500,4100,15
ORD00549,2025-04-06,C0395,Water Bottle,Accessories,Lahore,3,1800,800,45
ORD00549,2025-04-06,C0395,Notebook Set,Stationery,Lahore,2,950,420,0
ORD00550,2026-08-13,C0270,Notebook Set,Stationery,Faisalabad,1,950,420,45
ORD00550,2026-08-13,C0270,Water Bottle,Accessories,Faisalabad,1,1800,800,10
ORD00551,2025-07-20,C0258,Desk Lamp,Home,Islamabad,1,4800,2900,25
ORD00551,2025-07-20,C0258,Backpack,Accessories,Islamabad,3,6500,4100,0
ORD00551,2025-07-20,C0258,Water Bottle,Accessories,Islamabad,4,1800,800,15
ORD00552,2026-01-28,C0346,Desk Lamp,Home,Karachi,4,4800,2900,0
ORD00552,2026-01-28,C0346,Backpack,Accessories,Karachi,3,6500,4100,0
ORD00553,2025-05-28,C0240,Desk Lamp,Home,Faisalabad,4,4800,2900,5
ORD00553,2025-05-28,C0240,Wireless Mouse,Electronics,Faisalabad,2,3200,2050,0
ORD00554,2025-10-12,C0366,Wireless Mouse,Electronics,Karachi,1,3200,2050,10
ORD00554,2025-10-12,C0366,Water Bottle,Accessories,Karachi,2,1800,800,0
ORD00555,2025-12-05,C0386,Backpack,Accessories,Lahore,4,6500,4100,15
ORD00555,2025-12-05,C0386,Notebook Set,Stationery,Lahore,2,950,420,0
ORD00555,2025-12-05,C0386,Wireless Mouse,Electronics,Lahore,3,3200,2050,0
ORD00556,2026-01-24,C0310,Desk Lamp,Home,Karachi,1,4800,2900,0
ORD00557,2025-06-09,C0264,Water Bottle,Accessories,Karachi,1,1800,800,10
ORD00557,2025-06-09,C0264,USB Hub,Electronics,Karachi,2,4500,2850,25
ORD00557,2025-06-09,C0264,Backpack,Accessories,Karachi,3,6500,4100,25
ORD00558,2026-08-10,C0157,Water Bottle,Accessories,Faisalabad,1,1800,800,25
ORD00559,2025-09-06,C0386,Wireless Mouse,Electronics,Lahore,1,3200,2050,5
ORD00559,2025-09-06,C0386,USB Hub,Electronics,Lahore,2,4500,2850,15
ORD00560,2025-06-14,C0064,Water Bottle,Accessories,Lahore,3,1800,800,25
ORD00560,2025-06-14,C0064,Desk Lamp,Home,Lahore,2,4800,2900,15
ORD00560,2025-06-14,C0064,Backpack,Accessories,Lahore,1,6500,4100,15
ORD00561,2026-01-05,C0133,Desk Lamp,Home,Islamabad,4,4800,2900,0
ORD00561,2026-01-05,C0133,Notebook Set,Stationery,Islamabad,2,950,420,15
ORD00562,2025-06-12,C0151,Wireless Mouse,Electronics,Islamabad,2,3200,2050,15
ORD00562,2025-06-12,C0151,Backpack,Accessories,Islamabad,1,6500,4100,0
ORD00563,2026-05-02,C0270,Water Bottle,Accessories,Faisalabad,2,1800,800,15
ORD00564,2025-04-14,C0368,Backpack,Accessories,Karachi,3,6500,4100,0
ORD00564,2025-04-14,C0368,Notebook Set,Stationery,Karachi,2,950,420,10
ORD00564,2025-04-14,C0368,Desk Lamp,Home,Karachi,2,4800,2900,0
ORD00565,2026-02-03,C0276,Wireless Mouse,Electronics,Islamabad,1,3200,2050,15
ORD00565,2026-02-03,C0276,Notebook Set,Stationery,Islamabad,1,950,420,0
ORD00565,2026-02-03,C0276,Desk Lamp,Home,Islamabad,3,4800,2900,10
ORD00566,2026-05-01,C0229,Wireless Mouse,Electronics,Faisalabad,1,3200,2050,5
ORD00566,2026-05-01,C0229,Water Bottle,Accessories,Faisalabad,1,1800,800,5
ORD00567,2026-01-15,C0070,USB Hub,Electronics,Karachi,3,4500,2850,0
ORD00567,2026-01-15,C0070,Wireless Mouse,Electronics,Karachi,3,3200,2050,0
ORD00567,2026-01-15,C0070,Desk Lamp,Home,Karachi,3,4800,2900,0
ORD00568,2026-07-02,C0119,Wireless Mouse,Electronics,Lahore,2,3200,2050,5
ORD00568,2026-07-02,C0119,Water Bottle,Accessories,Lahore,4,1800,800,0
ORD00569,2025-09-10,C0075,Wireless Mouse,Electronics,Karachi,1,3200,2050,25
ORD00570,2025-02-06,C0314,Desk Lamp,Home,Faisalabad,1,4800,2900,45
ORD00570,2025-02-06,C0314,USB Hub,Electronics,Faisalabad,4,4500,2850,0
ORD00571,2025-02-04,C0286,USB Hub,Electronics,Lahore,1,4500,2850,0
ORD00571,2025-02-04,C0286,Wireless Mouse,Electronics,Lahore,1,3200,2050,10
ORD00572,2025-02-18,C0321,Water Bottle,Accessories,Islamabad,3,1800,800,15
ORD00573,2025-04-21,C0285,Backpack,Accessories,Islamabad,4,6500,4100,25
ORD00573,2025-04-21,C0285,Notebook Set,Stationery,Islamabad,2,950,420,15
ORD00573,2025-04-21,C0285,Desk Lamp,Home,Islamabad,1,4800,2900,0
ORD00574,2025-11-20,C0250,USB Hub,Electronics,Faisalabad,1,4500,2850,0
ORD00574,2025-11-20,C0250,Desk Lamp,Home,Faisalabad,4,4800,2900,0
ORD00574,2025-11-20,C0250,Notebook Set,Stationery,Faisalabad,4,950,420,25
ORD00575,2025-04-04,C0346,Backpack,Accessories,Lahore,2,6500,4100,5
ORD00576,2025-05-05,C0244,Backpack,Accessories,Lahore,2,6500,4100,15
ORD00577,2025-05-18,C0260,Desk Lamp,Home,Faisalabad,1,4800,2900,10
ORD00577,2025-05-18,C0260,Backpack,Accessories,Faisalabad,1,6500,4100,10
ORD00578,2026-08-18,C0215,Water Bottle,Accessories,Faisalabad,4,1800,800,45
ORD00579,2026-04-19,C0260,Notebook Set,Stationery,Islamabad,1,950,420,0
ORD00579,2026-04-19,C0260,Wireless Mouse,Electronics,Islamabad,1,3200,2050,45
ORD00579,2026-04-19,C0260,Backpack,Accessories,Islamabad,1,6500,4100,15
ORD00580,2025-08-13,C0070,USB Hub,Electronics,Islamabad,4,4500,2850,25
ORD00580,2025-08-13,C0070,Backpack,Accessories,Islamabad,2,6500,4100,5
ORD00580,2025-08-13,C0070,Water Bottle,Accessories,Islamabad,3,1800,800,0
ORD00581,2026-06-06,C0113,Water Bottle,Accessories,Lahore,2,1800,800,10
ORD00582,2026-06-02,C0014,USB Hub,Electronics,Faisalabad,1,4500,2850,0
ORD00583,2026-05-18,C0324,Water Bottle,Accessories,Faisalabad,2,1800,800,0
ORD00583,2026-05-18,C0324,Desk Lamp,Home,Faisalabad,2,4800,2900,0
ORD00583,2026-05-18,C0324,Wireless Mouse,Electronics,Faisalabad,1,3200,2050,0
ORD00584,2025-11-27,C0147,Water Bottle,Accessories,Lahore,2,1800,800,45
ORD00584,2025-11-27,C0147,Wireless Mouse,Electronics,Lahore,1,3200,2050,0
ORD00585,2025-06-04,C0143,Backpack,Accessories,Islamabad,4,6500,4100,45
ORD00586,2025-12-26,C0286,Desk Lamp,Home,Faisalabad,2,4800,2900,5
ORD00586,2025-12-26,C0286,Wireless Mouse,Electronics,Faisalabad,2,3200,2050,25
ORD00586,2025-12-26,C0286,Water Bottle,Accessories,Faisalabad,3,1800,800,45
ORD00587,2025-07-12,C0190,Water Bottle,Accessories,Lahore,2,1800,800,15
ORD00587,2025-07-12,C0190,USB Hub,Electronics,Lahore,1,4500,2850,0
ORD00587,2025-07-12,C0190,Notebook Set,Stationery,Lahore,4,950,420,0
ORD00588,2025-03-06,C0324,Backpack,Accessories,Karachi,1,6500,4100,0
ORD00589,2025-01-03,C0032,Desk Lamp,Home,Lahore,2,4800,2900,0
ORD00589,2025-01-03,C0032,Water Bottle,Accessories,Lahore,1,1800,800,10
ORD00589,2025-01-03,C0032,Wireless Mouse,Electronics,Lahore,1,3200,2050,45
ORD00590,2026-05-03,C0138,Wireless Mouse,Electronics,Faisalabad,4,3200,2050,45
ORD00591,2025-07-19,C0238,Backpack,Accessories,Lahore,3,6500,4100,10
ORD00591,2025-07-19,C0238,USB Hub,Electronics,Lahore,4,4500,2850,0
ORD00592,2025-11-05,C0167,Desk Lamp,Home,Islamabad,4,4800,2900,0
ORD00593,2026-02-10,C0266,Wireless Mouse,Electronics,Karachi,2,3200,2050,0
ORD00594,2025-03-02,C0065,Wireless Mouse,Electronics,Lahore,1,3200,2050,0
ORD00594,2025-03-02,C0065,Backpack,Accessories,Lahore,1,6500,4100,10
ORD00594,2025-03-02,C0065,Notebook Set,Stationery,Lahore,2,950,420,5
ORD00595,2026-01-31,C0289,Water Bottle,Accessories,Islamabad,2,1800,800,0
ORD00595,2026-01-31,C0289,Notebook Set,Stationery,Islamabad,4,950,420,5
ORD00596,2026-04-28,C0383,Water Bottle,Accessories,Karachi,2,1800,800,5
ORD00596,2026-04-28,C0383,Wireless Mouse,Electronics,Karachi,2,3200,2050,0
ORD00596,2026-04-28,C0383,Desk Lamp,Home,Karachi,4,4800,2900,45
ORD00597,2025-02-24,C0288,Water Bottle,Accessories,Karachi,1,1800,800,0
ORD00598,2025-01-17,C0189,Wireless Mouse,Electronics,Islamabad,1,3200,2050,45
ORD00599,2026-05-30,C0375,Water Bottle,Accessories,Islamabad,2,1800,800,10
ORD00599,2026-05-30,C0375,Backpack,Accessories,Islamabad,1,6500,4100,0
ORD00600,2026-04-16,C0348,Wireless Mouse,Electronics,Lahore,4,3200,2050,5
ORD00601,2025-07-28,C0005,USB Hub,Electronics,Faisalabad,4,4500,2850,10
ORD00601,2025-07-28,C0005,Backpack,Accessories,Faisalabad,3,6500,4100,0
ORD00602,2026-06-25,C0373,Water Bottle,Accessories,Karachi,4,1800,800,10
ORD00603,2026-01-05,C0090,USB Hub,Electronics,Lahore,1,4500,2850,10
ORD00603,2026-01-05,C0090,Water Bottle,Accessories,Lahore,2,1800,800,0
ORD00603,2026-01-05,C0090,Desk Lamp,Home,Lahore,2,4800,2900,5
ORD00604,2025-12-01,C0226,USB Hub,Electronics,Faisalabad,3,4500,2850,25
ORD00604,2025-12-01,C0226,Backpack,Accessories,Faisalabad,2,6500,4100,0
ORD00604,2025-12-01,C0226,Desk Lamp,Home,Faisalabad,1,4800,2900,0
ORD00605,2026-03-22,C0202,Backpack,Accessories,Karachi,4,6500,4100,5
ORD00605,2026-03-22,C0202,Wireless Mouse,Electronics,Karachi,2,3200,2050,45
ORD00605,2026-03-22,C0202,USB Hub,Electronics,Karachi,1,4500,2850,10
ORD00606,2025-03-16,C0358,Desk Lamp,Home,Lahore,1,4800,2900,10
ORD00607,2025-07-11,C0143,USB Hub,Electronics,Islamabad,3,4500,2850,0
ORD00607,2025-07-11,C0143,Notebook Set,Stationery,Islamabad,3,950,420,45
ORD00608,2025-07-22,C0072,Backpack,Accessories,Karachi,4,6500,4100,15
ORD00609,2025-03-22,C0126,Backpack,Accessories,Islamabad,3,6500,4100,5
ORD00610,2026-02-18,C0160,Notebook Set,Stationery,Lahore,3,950,420,0
ORD00610,2026-02-18,C0160,Wireless Mouse,Electronics,Lahore,4,3200,2050,25
ORD00611,2025-01-08,C0066,Backpack,Accessories,Karachi,1,6500,4100,15
ORD00611,2025-01-08,C0066,Notebook Set,Stationery,Karachi,4,950,420,10
ORD00612,2025-10-18,C0119,Desk Lamp,Home,Faisalabad,1,4800,2900,45
ORD00613,2025-11-04,C0369,Notebook Set,Stationery,Islamabad,3,950,420,45
ORD00613,2025-11-04,C0369,Desk Lamp,Home,Islamabad,3,4800,2900,45
ORD00614,2026-08-26,C0210,Desk Lamp,Home,Karachi,4,4800,2900,0
ORD00615,2025-09-11,C0280,Notebook Set,Stationery,Lahore,4,950,420,25
ORD00615,2025-09-11,C0280,Wireless Mouse,Electronics,Lahore,1,3200,2050,25
ORD00615,2025-09-11,C0280,Desk Lamp,Home,Lahore,1,4800,2900,0
ORD00616,2026-03-18,C0192,Wireless Mouse,Electronics,Islamabad,2,3200,2050,45
ORD00616,2026-03-18,C0192,Water Bottle,Accessories,Islamabad,1,1800,800,45
ORD00616,2026-03-18,C0192,Notebook Set,Stationery,Islamabad,4,950,420,25
ORD00617,2025-09-21,C0207,Water Bottle,Accessories,Karachi,3,1800,800,25
ORD00618,2025-03-06,C0316,Backpack,Accessories,Islamabad,2,6500,4100,5
ORD00618,2025-03-06,C0316,Wireless Mouse,Electronics,Islamabad,3,3200,2050,0
ORD00618,2025-03-06,C0316,Notebook Set,Stationery,Islamabad,2,950,420,15
ORD00619,2025-02-10,C0315,Wireless Mouse,Electronics,Islamabad,4,3200,2050,0
ORD00620,2026-07-04,C0200,Backpack,Accessories,Karachi,1,6500,4100,5
ORD00621,2025-08-09,C0062,Backpack,Accessories,Karachi,4,6500,4100,15
ORD00621,2025-08-09,C0062,Wireless Mouse,Electronics,Karachi,4,3200,2050,5
ORD00622,2026-06-09,C0291,Backpack,Accessories,Islamabad,4,6500,4100,45
ORD00623,2025-10-13,C0100,Wireless Mouse,Electronics,Islamabad,3,3200,2050,45
ORD00624,2025-07-29,C0178,Wireless Mouse,Electronics,Karachi,2,3200,2050,0
ORD00624,2025-07-29,C0178,Backpack,Accessories,Karachi,4,6500,4100,0
ORD00625,2025-01-31,C0017,Water Bottle,Accessories,Faisalabad,2,1800,800,0
ORD00625,2025-01-31,C0017,Wireless Mouse,Electronics,Faisalabad,3,3200,2050,15
ORD00626,2026-04-28,C0106,Backpack,Accessories,Karachi,3,6500,4100,0
ORD00626,2026-04-28,C0106,Wireless Mouse,Electronics,Karachi,1,3200,2050,0
ORD00626,2026-04-28,C0106,USB Hub,Electronics,Karachi,1,4500,2850,45
ORD00627,2026-02-09,C0313,USB Hub,Electronics,Karachi,4,4500,2850,0
ORD00627,2026-02-09,C0313,Water Bottle,Accessories,Karachi,2,1800,800,10
ORD00627,2026-02-09,C0313,Wireless Mouse,Electronics,Karachi,4,3200,2050,5
ORD00628,2025-01-05,C0155,USB Hub,Electronics,Karachi,2,4500,2850,5
ORD00628,2025-01-05,C0155,Wireless Mouse,Electronics,Karachi,2,3200,2050,5
ORD00628,2025-01-05,C0155,Backpack,Accessories,Karachi,4,6500,4100,45
ORD00629,2026-06-05,C0176,Water Bottle,Accessories,Islamabad,2,1800,800,5
ORD00629,2026-06-05,C0176,Backpack,Accessories,Islamabad,3,6500,4100,15
ORD00630,2025-10-03,C0323,USB Hub,Electronics,Faisalabad,2,4500,2850,10
ORD00630,2025-10-03,C0323,Desk Lamp,Home,Faisalabad,2,4800,2900,10
ORD00631,2025-08-05,C0283,Notebook Set,Stationery,Lahore,3,950,420,0
ORD00631,2025-08-05,C0283,Backpack,Accessories,Lahore,3,6500,4100,5
ORD00631,2025-08-05,C0283,Water Bottle,Accessories,Lahore,3,1800,800,25
ORD00632,2025-05-14,C0247,Backpack,Accessories,Karachi,4,6500,4100,0
ORD00633,2026-09-03,C0343,Desk Lamp,Home,Islamabad,4,4800,2900,0
ORD00633,2026-09-03,C0343,Wireless Mouse,Electronics,Islamabad,3,3200,2050,25
ORD00634,2026-04-29,C0137,Water Bottle,Accessories,Karachi,4,1800,800,10
ORD00634,2026-04-29,C0137,USB Hub,Electronics,Karachi,2,4500,2850,0
ORD00635,2026-01-25,C0258,USB Hub,Electronics,Faisalabad,4,4500,2850,15
ORD00635,2026-01-25,C0258,Wireless Mouse,Electronics,Faisalabad,3,3200,2050,10
ORD00635,2026-01-25,C0258,Notebook Set,Stationery,Faisalabad,2,950,420,10
ORD00636,2026-09-04,C0242,Water Bottle,Accessories,Islamabad,1,1800,800,45
ORD00637,2025-10-12,C0368,USB Hub,Electronics,Faisalabad,3,4500,2850,25
ORD00637,2025-10-12,C0368,Water Bottle,Accessories,Faisalabad,4,1800,800,10
ORD00637,2025-10-12,C0368,Backpack,Accessories,Faisalabad,3,6500,4100,15
ORD00638,2026-07-08,C0337,Desk Lamp,Home,Lahore,4,4800,2900,10
ORD00638,2026-07-08,C0337,USB Hub,Electronics,Lahore,3,4500,2850,0
ORD00639,2026-08-18,C0062,Water Bottle,Accessories,Karachi,1,1800,800,0
ORD00639,2026-08-18,C0062,Notebook Set,Stationery,Karachi,2,950,420,0
ORD00639,2026-08-18,C0062,Backpack,Accessories,Karachi,1,6500,4100,15
ORD00640,2026-03-26,C0120,Desk Lamp,Home,Faisalabad,4,4800,2900,0
ORD00640,2026-03-26,C0120,USB Hub,Electronics,Faisalabad,1,4500,2850,5
ORD00641,2025-08-06,C0356,Water Bottle,Accessories,Islamabad,1,1800,800,0
ORD00641,2025-08-06,C0356,Notebook Set,Stationery,Islamabad,2,950,420,15
ORD00642,2025-10-28,C0169,Water Bottle,Accessories,Karachi,2,1800,800,45
ORD00642,2025-10-28,C0169,Wireless Mouse,Electronics,Karachi,3,3200,2050,10
ORD00642,2025-10-28,C0169,Backpack,Accessories,Karachi,2,6500,4100,5
ORD00643,2025-04-05,C0208,Wireless Mouse,Electronics,Karachi,4,3200,2050,45
ORD00644,2025-11-14,C0215,Backpack,Accessories,Faisalabad,3,6500,4100,15
ORD00644,2025-11-14,C0215,Notebook Set,Stationery,Faisalabad,3,950,420,10
ORD00645,2025-02-18,C0362,Desk Lamp,Home,Faisalabad,4,4800,2900,5
ORD00646,2026-06-03,C0315,Notebook Set,Stationery,Faisalabad,3,950,420,25
ORD00647,2025-05-24,C0123,Desk Lamp,Home,Lahore,2,4800,2900,0
ORD00647,2025-05-24,C0123,Wireless Mouse,Electronics,Lahore,2,3200,2050,15
ORD00647,2025-05-24,C0123,Backpack,Accessories,Lahore,2,6500,4100,0
ORD00648,2026-06-08,C0169,Water Bottle,Accessories,Karachi,3,1800,800,25
ORD00648,2026-06-08,C0169,Wireless Mouse,Electronics,Karachi,3,3200,2050,5
ORD00648,2026-06-08,C0169,Notebook Set,Stationery,Karachi,3,950,420,25
ORD00649,2025-09-12,C0367,Backpack,Accessories,Faisalabad,4,6500,4100,5
ORD00649,2025-09-12,C0367,Wireless Mouse,Electronics,Faisalabad,2,3200,2050,10
ORD00649,2025-09-12,C0367,Desk Lamp,Home,Faisalabad,4,4800,2900,0
ORD00650,2025-07-29,C0092,Desk Lamp,Home,Faisalabad,2,4800,2900,45
ORD00650,2025-07-29,C0092,Wireless Mouse,Electronics,Faisalabad,3,3200,2050,45
ORD00651,2026-04-19,C0354,Notebook Set,Stationery,Karachi,1,950,420,0
ORD00651,2026-04-19,C0354,USB Hub,Electronics,Karachi,3,4500,2850,45
ORD00651,2026-04-19,C0354,Wireless Mouse,Electronics,Karachi,1,3200,2050,10
ORD00652,2026-08-20,C0309,Desk Lamp,Home,Lahore,3,4800,2900,0
ORD00652,2026-08-20,C0309,Wireless Mouse,Electronics,Lahore,2,3200,2050,0
ORD00653,2025-08-16,C0263,Backpack,Accessories,Karachi,3,6500,4100,0
ORD00654,2026-07-22,C0367,Notebook Set,Stationery,Islamabad,2,950,420,0
ORD00654,2026-07-22,C0367,Backpack,Accessories,Islamabad,4,6500,4100,5
ORD00655,2025-07-01,C0386,Desk Lamp,Home,Islamabad,2,4800,2900,0
ORD00655,2025-07-01,C0386,Water Bottle,Accessories,Islamabad,4,1800,800,5
ORD00656,2026-03-03,C0137,Backpack,Accessories,Islamabad,1,6500,4100,0
ORD00656,2026-03-03,C0137,Desk Lamp,Home,Islamabad,1,4800,2900,0
ORD00656,2026-03-03,C0137,USB Hub,Electronics,Islamabad,4,4500,2850,45
ORD00657,2025-11-26,C0240,Backpack,Accessories,Faisalabad,1,6500,4100,10
ORD00657,2025-11-26,C0240,Notebook Set,Stationery,Faisalabad,4,950,420,0
ORD00658,2025-05-19,C0106,Backpack,Accessories,Faisalabad,3,6500,4100,0
ORD00658,2025-05-19,C0106,Notebook Set,Stationery,Faisalabad,1,950,420,25
ORD00659,2026-02-24,C0071,USB Hub,Electronics,Karachi,4,4500,2850,0
ORD00660,2025-08-12,C0095,Desk Lamp,Home,Karachi,2,4800,2900,45
ORD00661,2026-05-02,C0119,Water Bottle,Accessories,Faisalabad,2,1800,800,10
ORD00662,2025-05-10,C0305,Notebook Set,Stationery,Karachi,3,950,420,45
ORD00662,2025-05-10,C0305,Wireless Mouse,Electronics,Karachi,3,3200,2050,0
ORD00662,2025-05-10,C0305,Water Bottle,Accessories,Karachi,1,1800,800,0
ORD00663,2026-08-07,C0364,Backpack,Accessories,Karachi,2,6500,4100,5
ORD00663,2026-08-07,C0364,Notebook Set,Stationery,Karachi,1,950,420,5
ORD00663,2026-08-07,C0364,Wireless Mouse,Electronics,Karachi,1,3200,2050,45
ORD00664,2025-08-31,C0043,USB Hub,Electronics,Islamabad,1,4500,2850,5
ORD00664,2025-08-31,C0043,Desk Lamp,Home,Islamabad,4,4800,2900,25
ORD00664,2025-08-31,C0043,Backpack,Accessories,Islamabad,4,6500,4100,45
ORD00665,2025-08-27,C0129,Desk Lamp,Home,Faisalabad,1,4800,2900,0
ORD00665,2025-08-27,C0129,Water Bottle,Accessories,Faisalabad,3,1800,800,0
ORD00666,2025-04-20,C0397,Wireless Mouse,Electronics,Karachi,3,3200,2050,5
ORD00666,2025-04-20,C0397,Desk Lamp,Home,Karachi,2,4800,2900,45
ORD00666,2025-04-20,C0397,Water Bottle,Accessories,Karachi,3,1800,800,15
ORD00667,2025-08-12,C0153,Desk Lamp,Home,Islamabad,3,4800,2900,15
ORD00668,2025-02-28,C0316,USB Hub,Electronics,Islamabad,4,4500,2850,5
ORD00669,2025-06-30,C0120,Notebook Set,Stationery,Islamabad,1,950,420,0
ORD00670,2025-10-02,C0299,Desk Lamp,Home,Faisalabad,2,4800,2900,15
ORD00671,2026-09-22,C0274,Wireless Mouse,Electronics,Islamabad,1,3200,2050,15
ORD00672,2025-07-31,C0097,Desk Lamp,Home,Islamabad,1,4800,2900,25
ORD00672,2025-07-31,C0097,USB Hub,Electronics,Islamabad,4,4500,2850,45
ORD00672,2025-07-31,C0097,Water Bottle,Accessories,Islamabad,3,1800,800,25
ORD00673,2026-07-21,C0341,Desk Lamp,Home,Faisalabad,4,4800,2900,15
ORD00673,2026-07-21,C0341,Backpack,Accessories,Faisalabad,2,6500,4100,0
ORD00673,2026-07-21,C0341,Notebook Set,Stationery,Faisalabad,3,950,420,10
ORD00674,2025-11-25,C0271,Notebook Set,Stationery,Faisalabad,3,950,420,25
ORD00675,2026-05-12,C0320,Desk Lamp,Home,Faisalabad,4,4800,2900,10
ORD00675,2026-05-12,C0320,Notebook Set,Stationery,Faisalabad,4,950,420,0
ORD00675,2026-05-12,C0320,Backpack,Accessories,Faisalabad,4,6500,4100,10
ORD00676,2026-01-01,C0265,Backpack,Accessories,Islamabad,2,6500,4100,25
ORD00676,2026-01-01,C0265,Water Bottle,Accessories,Islamabad,4,1800,800,25
ORD00676,2026-01-01,C0265,Wireless Mouse,Electronics,Islamabad,4,3200,2050,10
ORD00677,2026-02-16,C0085,Wireless Mouse,Electronics,Karachi,4,3200,2050,25
ORD00678,2025-11-22,C0006,USB Hub,Electronics,Lahore,1,4500,2850,0
ORD00679,2026-07-04,C0351,Backpack,Accessories,Faisalabad,1,6500,4100,45
ORD00680,2025-02-24,C0298,USB Hub,Electronics,Islamabad,2,4500,2850,5
ORD00680,2025-02-24,C0298,Desk Lamp,Home,Islamabad,2,4800,2900,0
ORD00680,2025-02-24,C0298,Wireless Mouse,Electronics,Islamabad,2,3200,2050,0
ORD00681,2025-01-09,C0372,Wireless Mouse,Electronics,Lahore,4,3200,2050,10
ORD00682,2025-07-28,C0162,Desk Lamp,Home,Lahore,4,4800,2900,0
ORD00683,2025-09-29,C0317,Notebook Set,Stationery,Faisalabad,3,950,420,5
ORD00683,2025-09-29,C0317,Desk Lamp,Home,Faisalabad,3,4800,2900,15
ORD00684,2026-08-23,C0149,Backpack,Accessories,Faisalabad,2,6500,4100,25
ORD00684,2026-08-23,C0149,Water Bottle,Accessories,Faisalabad,2,1800,800,10
ORD00685,2025-11-15,C0282,USB Hub,Electronics,Islamabad,4,4500,2850,0
ORD00686,2026-09-06,C0265,USB Hub,Electronics,Lahore,2,4500,2850,0
ORD00686,2026-09-06,C0265,Desk Lamp,Home,Lahore,2,4800,2900,10
ORD00687,2026-03-16,C0372,Notebook Set,Stationery,Lahore,3,950,420,0
ORD00687,2026-03-16,C0372,Water Bottle,Accessories,Lahore,1,1800,800,15
ORD00687,2026-03-16,C0372,Wireless Mouse,Electronics,Lahore,2,3200,2050,0
ORD00688,2025-01-15,C0331,Backpack,Accessories,Lahore,1,6500,4100,15
ORD00689,2025-12-14,C0260,USB Hub,Electronics,Karachi,1,4500,2850,0
ORD00689,2025-12-14,C0260,Wireless Mouse,Electronics,Karachi,1,3200,2050,0
ORD00689,2025-12-14,C0260,Notebook Set,Stationery,Karachi,2,950,420,10
ORD00690,2025-04-24,C0110,Wireless Mouse,Electronics,Lahore,2,3200,2050,15
ORD00691,2026-05-18,C0252,Desk Lamp,Home,Islamabad,1,4800,2900,45
ORD00691,2026-05-18,C0252,Water Bottle,Accessories,Islamabad,3,1800,800,0
ORD00691,2026-05-18,C0252,Backpack,Accessories,Islamabad,1,6500,4100,25
ORD00692,2025-10-02,C0125,Water Bottle,Accessories,Karachi,4,1800,800,25
ORD00692,2025-10-02,C0125,Wireless Mouse,Electronics,Karachi,3,3200,2050,25
ORD00692,2025-10-02,C0125,Desk Lamp,Home,Karachi,2,4800,2900,15
ORD00693,2025-03-10,C0216,Backpack,Accessories,Islamabad,3,6500,4100,5
ORD00694,2025-12-14,C0115,Desk Lamp,Home,Karachi,4,4800,2900,45
ORD00695,2026-02-10,C0250,Notebook Set,Stationery,Islamabad,2,950,420,10
ORD00695,2026-02-10,C0250,Backpack,Accessories,Islamabad,2,6500,4100,0
ORD00696,2025-07-05,C0032,Notebook Set,Stationery,Karachi,2,950,420,0
ORD00696,2025-07-05,C0032,USB Hub,Electronics,Karachi,2,4500,2850,15
ORD00696,2025-07-05,C0032,Wireless Mouse,Electronics,Karachi,4,3200,2050,15
ORD00697,2025-11-25,C0262,Wireless Mouse,Electronics,Lahore,3,3200,2050,5
ORD00697,2025-11-25,C0262,Water Bottle,Accessories,Lahore,3,1800,800,15
ORD00698,2026-03-27,C0207,Desk Lamp,Home,Lahore,3,4800,2900,5
ORD00699,2025-11-20,C0112,Notebook Set,Stationery,Faisalabad,3,950,420,0
ORD00699,2025-11-20,C0112,USB Hub,Electronics,Faisalabad,1,4500,2850,5
ORD00700,2026-05-29,C0058,USB Hub,Electronics,Karachi,4,4500,2850,0
ORD00700,2026-05-29,C0058,Wireless Mouse,Electronics,Karachi,4,3200,2050,15
ORD00700,2026-05-29,C0058,Notebook Set,Stationery,Karachi,1,950,420,5
ORD00701,2025-05-21,C0380,Desk Lamp,Home,Islamabad,3,4800,2900,0
ORD00702,2025-06-14,C0067,Wireless Mouse,Electronics,Islamabad,1,3200,2050,0
ORD00702,2025-06-14,C0067,Desk Lamp,Home,Islamabad,4,4800,2900,0
ORD00702,2025-06-14,C0067,Notebook Set,Stationery,Islamabad,3,950,420,45
ORD00703,2026-02-14,C0165,Wireless Mouse,Electronics,Lahore,4,3200,2050,0
ORD00704,2025-01-13,C0327,Backpack,Accessories,Karachi,2,6500,4100,15
ORD00704,2025-01-13,C0327,Water Bottle,Accessories,Karachi,4,1800,800,10
ORD00705,2025-07-01,C0390,Backpack,Accessories,Lahore,4,6500,4100,0
ORD00706,2026-06-26,C0333,Backpack,Accessories,Faisalabad,4,6500,4100,15
ORD00706,2026-06-26,C0333,Desk Lamp,Home,Faisalabad,2,4800,2900,10
ORD00707,2026-03-31,C0210,USB Hub,Electronics,Faisalabad,2,4500,2850,45
ORD00707,2026-03-31,C0210,Water Bottle,Accessories,Faisalabad,1,1800,800,10
ORD00707,2026-03-31,C0210,Backpack,Accessories,Faisalabad,1,6500,4100,10
ORD00708,2025-04-02,C0294,Desk Lamp,Home,Faisalabad,3,4800,2900,15
ORD00708,2025-04-02,C0294,Backpack,Accessories,Faisalabad,1,6500,4100,25
ORD00708,2025-04-02,C0294,Notebook Set,Stationery,Faisalabad,2,950,420,45
ORD00709,2025-12-03,C0219,Wireless Mouse,Electronics,Islamabad,4,3200,2050,0
ORD00709,2025-12-03,C0219,Water Bottle,Accessories,Islamabad,2,1800,800,10
ORD00709,2025-12-03,C0219,Notebook Set,Stationery,Islamabad,2,950,420,0
ORD00710,2025-07-14,C0162,Desk Lamp,Home,Islamabad,2,4800,2900,0
ORD00710,2025-07-14,C0162,Notebook Set,Stationery,Islamabad,4,950,420,45
ORD00710,2025-07-14,C0162,Backpack,Accessories,Islamabad,1,6500,4100,5
ORD00711,2025-06-23,C0370,Desk Lamp,Home,Lahore,3,4800,2900,0
ORD00712,2025-12-09,C0299,Wireless Mouse,Electronics,Faisalabad,1,3200,2050,45
ORD00713,2026-02-21,C0213,Desk Lamp,Home,Faisalabad,1,4800,2900,15
ORD00713,2026-02-21,C0213,Backpack,Accessories,Faisalabad,2,6500,4100,0
ORD00714,2025-06-18,C0180,Backpack,Accessories,Karachi,2,6500,4100,10
ORD00715,2026-05-25,C0038,Water Bottle,Accessories,Karachi,1,1800,800,25
ORD00716,2025-05-02,C0130,Desk Lamp,Home,Islamabad,3,4800,2900,0
ORD00716,2025-05-02,C0130,Water Bottle,Accessories,Islamabad,4,1800,800,45
ORD00716,2025-05-02,C0130,Wireless Mouse,Electronics,Islamabad,4,3200,2050,5
ORD00717,2025-03-14,C0171,USB Hub,Electronics,Karachi,1,4500,2850,0
ORD00717,2025-03-14,C0171,Notebook Set,Stationery,Karachi,3,950,420,0
ORD00717,2025-03-14,C0171,Water Bottle,Accessories,Karachi,4,1800,800,0
ORD00718,2026-08-28,C0268,Notebook Set,Stationery,Lahore,2,950,420,5
ORD00719,2025-12-04,C0052,Water Bottle,Accessories,Lahore,1,1800,800,5
ORD00719,2025-12-04,C0052,Backpack,Accessories,Lahore,2,6500,4100,15
ORD00719,2025-12-04,C0052,Desk Lamp,Home,Lahore,1,4800,2900,0
ORD00720,2025-10-03,C0028,Backpack,Accessories,Lahore,4,6500,4100,10
ORD00720,2025-10-03,C0028,USB Hub,Electronics,Lahore,3,4500,2850,0
ORD00721,2026-01-05,C0031,Water Bottle,Accessories,Islamabad,1,1800,800,15
ORD00722,2025-03-30,C0275,Wireless Mouse,Electronics,Karachi,1,3200,2050,15
ORD00722,2025-03-30,C0275,Notebook Set,Stationery,Karachi,1,950,420,0
ORD00722,2025-03-30,C0275,Desk Lamp,Home,Karachi,1,4800,2900,5
ORD00723,2025-05-20,C0029,Wireless Mouse,Electronics,Karachi,2,3200,2050,0
ORD00724,2026-09-24,C0189,Notebook Set,Stationery,Faisalabad,4,950,420,5
ORD00724,2026-09-24,C0189,Backpack,Accessories,Faisalabad,1,6500,4100,0
ORD00724,2026-09-24,C0189,Water Bottle,Accessories,Faisalabad,1,1800,800,0
ORD00725,2026-03-03,C0039,Notebook Set,Stationery,Faisalabad,1,950,420,15
ORD00725,2026-03-03,C0039,Backpack,Accessories,Faisalabad,3,6500,4100,0
ORD00726,2025-08-16,C0379,Desk Lamp,Home,Faisalabad,3,4800,2900,0
ORD00726,2025-08-16,C0379,Water Bottle,Accessories,Faisalabad,1,1800,800,10
ORD00727,2026-05-24,C0061,Desk Lamp,Home,Karachi,3,4800,2900,5
ORD00728,2025-06-18,C0399,Water Bottle,Accessories,Lahore,3,1800,800,0
ORD00729,2025-09-29,C0227,Backpack,Accessories,Karachi,2,6500,4100,45
ORD00729,2025-09-29,C0227,Desk Lamp,Home,Karachi,1,4800,2900,5
ORD00730,2026-04-06,C0358,Wireless Mouse,Electronics,Lahore,3,3200,2050,25
ORD00730,2026-04-06,C0358,Desk Lamp,Home,Lahore,2,4800,2900,45
ORD00730,2026-04-06,C0358,Notebook Set,Stationery,Lahore,2,950,420,15
ORD00731,2026-03-22,C0266,Water Bottle,Accessories,Islamabad,3,1800,800,0
ORD00731,2026-03-22,C0266,Backpack,Accessories,Islamabad,2,6500,4100,25
ORD00732,2026-02-13,C0085,Notebook Set,Stationery,Islamabad,4,950,420,25
ORD00732,2026-02-13,C0085,Wireless Mouse,Electronics,Islamabad,3,3200,2050,5
ORD00732,2026-02-13,C0085,USB Hub,Electronics,Islamabad,1,4500,2850,25
ORD00733,2026-07-26,C0177,Notebook Set,Stationery,Islamabad,2,950,420,10
ORD00733,2026-07-26,C0177,Wireless Mouse,Electronics,Islamabad,2,3200,2050,15
ORD00733,2026-07-26,C0177,USB Hub,Electronics,Islamabad,1,4500,2850,5
ORD00734,2025-06-19,C0135,USB Hub,Electronics,Karachi,2,4500,2850,45
ORD00735,2025-04-26,C0268,Notebook Set,Stationery,Lahore,4,950,420,5
ORD00735,2025-04-26,C0268,Water Bottle,Accessories,Lahore,4,1800,800,0
ORD00736,2025-07-06,C0125,Notebook Set,Stationery,Faisalabad,2,950,420,25
ORD00737,2025-11-07,C0387,Notebook Set,Stationery,Islamabad,1,950,420,0
ORD00737,2025-11-07,C0387,Backpack,Accessories,Islamabad,4,6500,4100,15
ORD00737,2025-11-07,C0387,Wireless Mouse,Electronics,Islamabad,2,3200,2050,25
ORD00738,2026-03-20,C0327,Wireless Mouse,Electronics,Faisalabad,3,3200,2050,5
ORD00738,2026-03-20,C0327,Notebook Set,Stationery,Faisalabad,4,950,420,0
ORD00738,2026-03-20,C0327,Backpack,Accessories,Faisalabad,1,6500,4100,0
ORD00739,2026-06-04,C0163,Backpack,Accessories,Karachi,1,6500,4100,45
ORD00739,2026-06-04,C0163,Notebook Set,Stationery,Karachi,2,950,420,0
ORD00740,2025-08-24,C0134,USB Hub,Electronics,Karachi,1,4500,2850,5
ORD00741,2025-10-26,C0217,Wireless Mouse,Electronics,Faisalabad,1,3200,2050,15
ORD00741,2025-10-26,C0217,Desk Lamp,Home,Faisalabad,1,4800,2900,10
ORD00741,2025-10-26,C0217,Notebook Set,Stationery,Faisalabad,1,950,420,25
ORD00742,2026-05-03,C0230,Water Bottle,Accessories,Faisalabad,1,1800,800,5
ORD00742,2026-05-03,C0230,Wireless Mouse,Electronics,Faisalabad,1,3200,2050,15
ORD00743,2025-04-05,C0249,Water Bottle,Accessories,Karachi,3,1800,800,10
ORD00743,2025-04-05,C0249,USB Hub,Electronics,Karachi,3,4500,2850,10
ORD00743,2025-04-05,C0249,Notebook Set,Stationery,Karachi,2,950,420,5
ORD00744,2026-08-02,C0271,Notebook Set,Stationery,Lahore,2,950,420,10
ORD00744,2026-08-02,C0271,USB Hub,Electronics,Lahore,2,4500,2850,5
ORD00744,2026-08-02,C0271,Wireless Mouse,Electronics,Lahore,3,3200,2050,25
ORD00745,2026-07-23,C0309,USB Hub,Electronics,Islamabad,2,4500,2850,45
ORD00745,2026-07-23,C0309,Desk Lamp,Home,Islamabad,3,4800,2900,5
ORD00746,2026-07-06,C0386,Notebook Set,Stationery,Karachi,3,950,420,25
ORD00746,2026-07-06,C0386,USB Hub,Electronics,Karachi,3,4500,2850,45
ORD00747,2025-09-16,C0155,Notebook Set,Stationery,Karachi,2,950,420,10
ORD00747,2025-09-16,C0155,Water Bottle,Accessories,Karachi,4,1800,800,10
ORD00747,2025-09-16,C0155,Wireless Mouse,Electronics,Karachi,4,3200,2050,15
ORD00748,2026-04-12,C0313,Notebook Set,Stationery,Islamabad,1,950,420,10
ORD00749,2025-04-02,C0204,Wireless Mouse,Electronics,Karachi,3,3200,2050,0
ORD00750,2026-07-01,C0304,USB Hub,Electronics,Islamabad,3,4500,2850,5
ORD00751,2025-01-01,C0212,Wireless Mouse,Electronics,Faisalabad,2,3200,2050,10
ORD00752,2025-10-30,C0171,Wireless Mouse,Electronics,Karachi,1,3200,2050,15
ORD00753,2026-05-17,C0175,Desk Lamp,Home,Lahore,3,4800,2900,5
ORD00753,2026-05-17,C0175,USB Hub,Electronics,Lahore,2,4500,2850,10
ORD00754,2025-10-30,C0288,Wireless Mouse,Electronics,Islamabad,2,3200,2050,45
ORD00755,2025-01-24,C0029,Desk Lamp,Home,Islamabad,3,4800,2900,15
ORD00755,2025-01-24,C0029,Water Bottle,Accessories,Islamabad,2,1800,800,10
ORD00756,2026-07-03,C0127,Backpack,Accessories,Karachi,1,6500,4100,0
ORD00757,2026-03-31,C0008,Desk Lamp,Home,Faisalabad,2,4800,2900,45
ORD00757,2026-03-31,C0008,Backpack,Accessories,Faisalabad,4,6500,4100,0
ORD00758,2026-03-27,C0121,Desk Lamp,Home,Faisalabad,3,4800,2900,25
ORD00759,2025-03-24,C0223,Notebook Set,Stationery,Karachi,3,950,420,15
ORD00759,2025-03-24,C0223,Water Bottle,Accessories,Karachi,4,1800,800,0
ORD00760,2026-04-09,C0309,Notebook Set,Stationery,Lahore,4,950,420,25
ORD00760,2026-04-09,C0309,Water Bottle,Accessories,Lahore,3,1800,800,0
ORD00760,2026-04-09,C0309,Desk Lamp,Home,Lahore,4,4800,2900,0
ORD00761,2025-04-17,C0028,Wireless Mouse,Electronics,Faisalabad,3,3200,2050,45
ORD00761,2025-04-17,C0028,Desk Lamp,Home,Faisalabad,3,4800,2900,15
ORD00762,2026-06-18,C0361,Wireless Mouse,Electronics,Karachi,3,3200,2050,0
ORD00762,2026-06-18,C0361,USB Hub,Electronics,Karachi,4,4500,2850,0
ORD00762,2026-06-18,C0361,Notebook Set,Stationery,Karachi,3,950,420,0
ORD00763,2025-02-15,C0323,Wireless Mouse,Electronics,Faisalabad,3,3200,2050,0
ORD00764,2026-04-22,C0367,Desk Lamp,Home,Faisalabad,3,4800,2900,0
ORD00765,2025-12-10,C0180,USB Hub,Electronics,Islamabad,3,4500,2850,0
ORD00766,2025-08-16,C0027,Wireless Mouse,Electronics,Karachi,3,3200,2050,10
ORD00767,2025-02-24,C0075,Wireless Mouse,Electronics,Lahore,3,3200,2050,10
ORD00767,2025-02-24,C0075,Desk Lamp,Home,Lahore,1,4800,2900,5
ORD00767,2025-02-24,C0075,Water Bottle,Accessories,Lahore,1,1800,800,25
ORD00768,2025-08-02,C0200,Wireless Mouse,Electronics,Lahore,4,3200,2050,0
ORD00768,2025-08-02,C0200,Notebook Set,Stationery,Lahore,4,950,420,10
ORD00768,2025-08-02,C0200,Water Bottle,Accessories,Lahore,2,1800,800,0
ORD00769,2026-04-21,C0391,Notebook Set,Stationery,Islamabad,3,950,420,5
ORD00770,2026-05-09,C0283,Notebook Set,Stationery,Lahore,4,950,420,45
ORD00770,2026-05-09,C0283,Wireless Mouse,Electronics,Lahore,2,3200,2050,10
ORD00771,2026-02-04,C0263,Wireless Mouse,Electronics,Islamabad,3,3200,2050,10
ORD00771,2026-02-04,C0263,Backpack,Accessories,Islamabad,3,6500,4100,5
ORD00771,2026-02-04,C0263,USB Hub,Electronics,Islamabad,2,4500,2850,10
ORD00772,2026-06-30,C0125,Backpack,Accessories,Lahore,2,6500,4100,0
ORD00772,2026-06-30,C0125,USB Hub,Electronics,Lahore,1,4500,2850,0
ORD00772,2026-06-30,C0125,Wireless Mouse,Electronics,Lahore,2,3200,2050,10
ORD00773,2025-01-11,C0339,Water Bottle,Accessories,Islamabad,1,1800,800,10
ORD00774,2025-10-24,C0201,Desk Lamp,Home,Faisalabad,2,4800,2900,0
ORD00774,2025-10-24,C0201,Notebook Set,Stationery,Faisalabad,3,950,420,25
ORD00774,2025-10-24,C0201,Water Bottle,Accessories,Faisalabad,4,1800,800,15
ORD00775,2026-03-27,C0205,Notebook Set,Stationery,Karachi,4,950,420,0
ORD00775,2026-03-27,C0205,USB Hub,Electronics,Karachi,4,4500,2850,10
ORD00776,2026-09-29,C0189,USB Hub,Electronics,Karachi,3,4500,2850,45
ORD00777,2025-03-01,C0085,Backpack,Accessories,Faisalabad,2,6500,4100,45
ORD00778,2026-07-01,C0359,Water Bottle,Accessories,Karachi,4,1800,800,5
ORD00778,2026-07-01,C0359,Backpack,Accessories,Karachi,1,6500,4100,15
ORD00779,2026-05-14,C0052,Backpack,Accessories,Lahore,1,6500,4100,15
ORD00779,2026-05-14,C0052,Wireless Mouse,Electronics,Lahore,4,3200,2050,45
ORD00779,2026-05-14,C0052,Water Bottle,Accessories,Lahore,3,1800,800,0
ORD00780,2025-02-23,C0104,Wireless Mouse,Electronics,Lahore,4,3200,2050,15
ORD00781,2025-11-27,C0324,Notebook Set,Stationery,Karachi,3,950,420,45
ORD00781,2025-11-27,C0324,Desk Lamp,Home,Karachi,3,4800,2900,5
ORD00782,2026-03-15,C0329,USB Hub,Electronics,Karachi,1,4500,2850,45
ORD00783,2025-07-22,C0141,Desk Lamp,Home,Islamabad,1,4800,2900,5
ORD00784,2025-12-20,C0072,Water Bottle,Accessories,Karachi,4,1800,800,25
ORD00784,2025-12-20,C0072,Wireless Mouse,Electronics,Karachi,1,3200,2050,0
ORD00784,2025-12-20,C0072,Backpack,Accessories,Karachi,4,6500,4100,25
ORD00785,2025-06-29,C0002,Notebook Set,Stationery,Karachi,4,950,420,0
ORD00785,2025-06-29,C0002,Water Bottle,Accessories,Karachi,4,1800,800,25
ORD00786,2025-09-11,C0236,Wireless Mouse,Electronics,Faisalabad,4,3200,2050,0
ORD00786,2025-09-11,C0236,Notebook Set,Stationery,Faisalabad,4,950,420,10
ORD00786,2025-09-11,C0236,Backpack,Accessories,Faisalabad,2,6500,4100,0
ORD00787,2025-01-12,C0297,Water Bottle,Accessories,Karachi,4,1800,800,5
ORD00787,2025-01-12,C0297,USB Hub,Electronics,Karachi,1,4500,2850,45
ORD00787,2025-01-12,C0297,Wireless Mouse,Electronics,Karachi,2,3200,2050,0
ORD00788,2026-06-21,C0272,Wireless Mouse,Electronics,Lahore,4,3200,2050,0
ORD00789,2026-05-23,C0205,Water Bottle,Accessories,Islamabad,3,1800,800,0
ORD00789,2026-05-23,C0205,Wireless Mouse,Electronics,Islamabad,1,3200,2050,10
ORD00789,2026-05-23,C0205,Backpack,Accessories,Islamabad,3,6500,4100,5
ORD00790,2026-08-29,C0397,USB Hub,Electronics,Faisalabad,2,4500,2850,25
ORD00790,2026-08-29,C0397,Water Bottle,Accessories,Faisalabad,3,1800,800,0
ORD00791,2026-09-30,C0028,Wireless Mouse,Electronics,Islamabad,4,3200,2050,0
ORD00791,2026-09-30,C0028,Notebook Set,Stationery,Islamabad,3,950,420,45
ORD00792,2026-08-31,C0207,Backpack,Accessories,Karachi,4,6500,4100,10
ORD00792,2026-08-31,C0207,Desk Lamp,Home,Karachi,4,4800,2900,15
ORD00792,2026-08-31,C0207,USB Hub,Electronics,Karachi,4,4500,2850,45
ORD00793,2026-09-27,C0298,Notebook Set,Stationery,Islamabad,2,950,420,25
ORD00794,2026-01-11,C0176,Wireless Mouse,Electronics,Lahore,2,3200,2050,10
ORD00794,2026-01-11,C0176,Desk Lamp,Home,Lahore,1,4800,2900,0
ORD00794,2026-01-11,C0176,Water Bottle,Accessories,Lahore,4,1800,800,15
ORD00795,2025-05-15,C0068,Wireless Mouse,Electronics,Karachi,1,3200,2050,45
ORD00795,2025-05-15,C0068,Notebook Set,Stationery,Karachi,3,950,420,25
ORD00795,2025-05-15,C0068,USB Hub,Electronics,Karachi,2,4500,2850,5
ORD00796,2025-05-24,C0087,Water Bottle,Accessories,Karachi,3,1800,800,45
ORD00797,2025-11-17,C0122,USB Hub,Electronics,Islamabad,3,4500,2850,0
ORD00798,2026-01-07,C0216,USB Hub,Electronics,Lahore,2,4500,2850,10
ORD00799,2025-06-08,C0262,Notebook Set,Stationery,Lahore,1,950,420,10
ORD00799,2025-06-08,C0262,Water Bottle,Accessories,Lahore,4,1800,800,5
ORD00800,2025-04-11,C0340,Water Bottle,Accessories,Faisalabad,3,1800,800,0
ORD00800,2025-04-11,C0340,Backpack,Accessories,Faisalabad,4,6500,4100,10
ORD00800,2025-04-11,C0340,USB Hub,Electronics,Faisalabad,4,4500,2850,15
ORD00801,2025-12-18,C0368,Desk Lamp,Home,Karachi,1,4800,2900,10
ORD00801,2025-12-18,C0368,Water Bottle,Accessories,Karachi,2,1800,800,15
ORD00802,2025-02-03,C0286,Wireless Mouse,Electronics,Islamabad,3,3200,2050,0
ORD00803,2026-08-24,C0311,Wireless Mouse,Electronics,Faisalabad,1,3200,2050,15
ORD00803,2026-08-24,C0311,USB Hub,Electronics,Faisalabad,3,4500,2850,5
ORD00804,2025-07-14,C0258,Desk Lamp,Home,Lahore,2,4800,2900,15
ORD00804,2025-07-14,C0258,Backpack,Accessories,Lahore,2,6500,4100,5
ORD00805,2025-12-13,C0075,Wireless Mouse,Electronics,Islamabad,1,3200,2050,5
ORD00806,2025-01-20,C0385,USB Hub,Electronics,Karachi,3,4500,2850,15
ORD00806,2025-01-20,C0385,Water Bottle,Accessories,Karachi,1,1800,800,10
ORD00806,2025-01-20,C0385,Backpack,Accessories,Karachi,4,6500,4100,25
ORD00807,2025-09-02,C0095,Notebook Set,Stationery,Karachi,2,950,420,10
ORD00808,2025-01-27,C0111,Water Bottle,Accessories,Karachi,3,1800,800,45
ORD00809,2025-12-25,C0044,Notebook Set,Stationery,Faisalabad,2,950,420,0
ORD00809,2025-12-25,C0044,Backpack,Accessories,Faisalabad,3,6500,4100,25
ORD00810,2025-01-13,C0053,USB Hub,Electronics,Faisalabad,4,4500,2850,15
ORD00810,2025-01-13,C0053,Backpack,Accessories,Faisalabad,2,6500,4100,10
ORD00811,2025-05-31,C0134,USB Hub,Electronics,Islamabad,3,4500,2850,5
ORD00812,2025-01-29,C0282,Notebook Set,Stationery,Faisalabad,1,950,420,45
ORD00812,2025-01-29,C0282,Desk Lamp,Home,Faisalabad,3,4800,2900,0
ORD00812,2025-01-29,C0282,Backpack,Accessories,Faisalabad,4,6500,4100,0
ORD00813,2026-01-14,C0067,USB Hub,Electronics,Karachi,1,4500,2850,0
ORD00813,2026-01-14,C0067,Water Bottle,Accessories,Karachi,4,1800,800,45
ORD00814,2025-06-27,C0008,Wireless Mouse,Electronics,Islamabad,4,3200,2050,10
ORD00815,2025-03-13,C0262,USB Hub,Electronics,Karachi,4,4500,2850,5
ORD00815,2025-03-13,C0262,Desk Lamp,Home,Karachi,4,4800,2900,10
ORD00816,2025-10-20,C0354,Backpack,Accessories,Islamabad,3,6500,4100,0
ORD00816,2025-10-20,C0354,Desk Lamp,Home,Islamabad,2,4800,2900,25
ORD00816,2025-10-20,C0354,USB Hub,Electronics,Islamabad,1,4500,2850,0
ORD00817,2026-05-04,C0116,USB Hub,Electronics,Faisalabad,4,4500,2850,0
ORD00817,2026-05-04,C0116,Backpack,Accessories,Faisalabad,4,6500,4100,25
ORD00818,2025-03-10,C0003,Notebook Set,Stationery,Karachi,4,950,420,10
ORD00819,2025-01-16,C0198,Notebook Set,Stationery,Lahore,2,950,420,25
ORD00819,2025-01-16,C0198,Backpack,Accessories,Lahore,3,6500,4100,25
ORD00819,2025-01-16,C0198,Wireless Mouse,Electronics,Lahore,2,3200,2050,0
ORD00820,2025-03-25,C0184,Desk Lamp,Home,Karachi,1,4800,2900,5
ORD00820,2025-03-25,C0184,Water Bottle,Accessories,Karachi,4,1800,800,15
ORD00820,2025-03-25,C0184,USB Hub,Electronics,Karachi,4,4500,2850,10
ORD00821,2026-07-03,C0351,Backpack,Accessories,Faisalabad,1,6500,4100,0
ORD00822,2025-07-11,C0259,Backpack,Accessories,Karachi,3,6500,4100,0
ORD00822,2025-07-11,C0259,Desk Lamp,Home,Karachi,3,4800,2900,5
ORD00822,2025-07-11,C0259,USB Hub,Electronics,Karachi,4,4500,2850,25
ORD00823,2026-08-15,C0341,Wireless Mouse,Electronics,Karachi,3,3200,2050,25
ORD00823,2026-08-15,C0341,Notebook Set,Stationery,Karachi,1,950,420,45
ORD00823,2026-08-15,C0341,Water Bottle,Accessories,Karachi,3,1800,800,15
ORD00824,2026-05-07,C0256,Water Bottle,Accessories,Karachi,3,1800,800,10
ORD00824,2026-05-07,C0256,Backpack,Accessories,Karachi,1,6500,4100,0
ORD00825,2025-01-14,C0267,Notebook Set,Stationery,Karachi,1,950,420,0
ORD00825,2025-01-14,C0267,Water Bottle,Accessories,Karachi,1,1800,800,5
ORD00825,2025-01-14,C0267,Wireless Mouse,Electronics,Karachi,4,3200,2050,15
ORD00826,2025-11-11,C0058,Desk Lamp,Home,Karachi,1,4800,2900,0
ORD00826,2025-11-11,C0058,USB Hub,Electronics,Karachi,1,4500,2850,25
ORD00827,2025-10-22,C0114,Notebook Set,Stationery,Lahore,3,950,420,0
ORD00828,2025-01-02,C0190,Desk Lamp,Home,Islamabad,4,4800,2900,25
ORD00828,2025-01-02,C0190,Wireless Mouse,Electronics,Islamabad,3,3200,2050,25
ORD00829,2025-09-11,C0010,USB Hub,Electronics,Karachi,2,4500,2850,45
ORD00829,2025-09-11,C0010,Water Bottle,Accessories,Karachi,4,1800,800,0
ORD00829,2025-09-11,C0010,Notebook Set,Stationery,Karachi,1,950,420,10
ORD00830,2026-02-26,C0393,Wireless Mouse,Electronics,Faisalabad,3,3200,2050,10
ORD00831,2026-08-12,C0231,Wireless Mouse,Electronics,Islamabad,4,3200,2050,25
ORD00832,2025-04-14,C0282,Water Bottle,Accessories,Karachi,2,1800,800,25
ORD00832,2025-04-14,C0282,USB Hub,Electronics,Karachi,4,4500,2850,0
ORD00833,2026-06-16,C0196,USB Hub,Electronics,Islamabad,3,4500,2850,15
ORD00834,2026-05-20,C0379,Backpack,Accessories,Faisalabad,1,6500,4100,10
ORD00834,2026-05-20,C0379,Water Bottle,Accessories,Faisalabad,2,1800,800,45
ORD00834,2026-05-20,C0379,USB Hub,Electronics,Faisalabad,1,4500,2850,15
ORD00835,2025-04-28,C0354,Water Bottle,Accessories,Faisalabad,2,1800,800,45
ORD00836,2026-04-11,C0014,Desk Lamp,Home,Lahore,4,4800,2900,10
ORD00836,2026-04-11,C0014,Wireless Mouse,Electronics,Lahore,1,3200,2050,0
ORD00837,2026-08-08,C0133,Backpack,Accessories,Lahore,4,6500,4100,15
ORD00837,2026-08-08,C0133,Notebook Set,Stationery,Lahore,4,950,420,5
ORD00838,2026-02-20,C0147,USB Hub,Electronics,Islamabad,3,4500,2850,0
ORD00838,2026-02-20,C0147,Desk Lamp,Home,Islamabad,1,4800,2900,45
ORD00838,2026-02-20,C0147,Water Bottle,Accessories,Islamabad,1,1800,800,45
ORD00839,2025-10-02,C0122,Water Bottle,Accessories,Lahore,2,1800,800,15
ORD00839,2025-10-02,C0122,USB Hub,Electronics,Lahore,1,4500,2850,10
ORD00839,2025-10-02,C0122,Notebook Set,Stationery,Lahore,3,950,420,10
ORD00840,2025-10-12,C0258,Desk Lamp,Home,Islamabad,3,4800,2900,45
ORD00841,2026-04-26,C0256,Backpack,Accessories,Faisalabad,4,6500,4100,45
ORD00841,2026-04-26,C0256,Notebook Set,Stationery,Faisalabad,2,950,420,10
ORD00841,2026-04-26,C0256,Wireless Mouse,Electronics,Faisalabad,1,3200,2050,0
ORD00842,2025-06-19,C0147,Notebook Set,Stationery,Karachi,3,950,420,5
ORD00843,2025-12-07,C0109,USB Hub,Electronics,Islamabad,2,4500,2850,0
ORD00843,2025-12-07,C0109,Wireless Mouse,Electronics,Islamabad,3,3200,2050,0
ORD00844,2025-04-23,C0392,Wireless Mouse,Electronics,Lahore,1,3200,2050,10
ORD00844,2025-04-23,C0392,Desk Lamp,Home,Lahore,2,4800,2900,0
ORD00845,2025-08-12,C0110,Desk Lamp,Home,Islamabad,2,4800,2900,25
ORD00845,2025-08-12,C0110,USB Hub,Electronics,Islamabad,2,4500,2850,0
ORD00845,2025-08-12,C0110,Notebook Set,Stationery,Islamabad,4,950,420,10
ORD00846,2026-05-28,C0181,Wireless Mouse,Electronics,Lahore,2,3200,2050,45
ORD00846,2026-05-28,C0181,Backpack,Accessories,Lahore,1,6500,4100,0
ORD00846,2026-05-28,C0181,Notebook Set,Stationery,Lahore,4,950,420,15
ORD00847,2025-10-15,C0063,Notebook Set,Stationery,Karachi,1,950,420,10
ORD00847,2025-10-15,C0063,Backpack,Accessories,Karachi,3,6500,4100,0
ORD00847,2025-10-15,C0063,USB Hub,Electronics,Karachi,2,4500,2850,15
ORD00848,2026-06-02,C0376,Water Bottle,Accessories,Karachi,3,1800,800,0
ORD00848,2026-06-02,C0376,USB Hub,Electronics,Karachi,2,4500,2850,5
ORD00849,2026-09-26,C0014,Wireless Mouse,Electronics,Faisalabad,3,3200,2050,15
ORD00850,2025-04-01,C0016,USB Hub,Electronics,Lahore,4,4500,2850,45
ORD00850,2025-04-01,C0016,Wireless Mouse,Electronics,Lahore,3,3200,2050,45
ORD00851,2026-08-23,C0019,Backpack,Accessories,Karachi,2,6500,4100,0
ORD00851,2026-08-23,C0019,Desk Lamp,Home,Karachi,2,4800,2900,0
ORD00851,2026-08-23,C0019,USB Hub,Electronics,Karachi,2,4500,2850,5
ORD00852,2026-07-01,C0310,Notebook Set,Stationery,Islamabad,3,950,420,0
ORD00853,2025-09-29,C0291,USB Hub,Electronics,Faisalabad,2,4500,2850,0
ORD00853,2025-09-29,C0291,Desk Lamp,Home,Faisalabad,2,4800,2900,0
ORD00853,2025-09-29,C0291,Notebook Set,Stationery,Faisalabad,3,950,420,45
ORD00854,2026-05-10,C0192,Backpack,Accessories,Faisalabad,2,6500,4100,0
ORD00854,2026-05-10,C0192,Desk Lamp,Home,Faisalabad,4,4800,2900,5
ORD00854,2026-05-10,C0192,Notebook Set,Stationery,Faisalabad,4,950,420,0
ORD00855,2025-11-16,C0172,Wireless Mouse,Electronics,Karachi,2,3200,2050,10
ORD00856,2026-05-22,C0185,Backpack,Accessories,Lahore,2,6500,4100,45
ORD00857,2025-10-08,C0227,Water Bottle,Accessories,Lahore,2,1800,800,5
ORD00858,2026-01-12,C0024,Notebook Set,Stationery,Islamabad,1,950,420,10
ORD00858,2026-01-12,C0024,Wireless Mouse,Electronics,Islamabad,3,3200,2050,0
ORD00859,2026-09-09,C0245,USB Hub,Electronics,Faisalabad,2,4500,2850,15
ORD00860,2026-05-29,C0101,Backpack,Accessories,Karachi,4,6500,4100,5
ORD00861,2025-04-13,C0127,Backpack,Accessories,Karachi,4,6500,4100,5
ORD00861,2025-04-13,C0127,Desk Lamp,Home,Karachi,3,4800,2900,25
ORD00861,2025-04-13,C0127,Wireless Mouse,Electronics,Karachi,3,3200,2050,0
ORD00862,2025-02-01,C0139,Backpack,Accessories,Lahore,3,6500,4100,0
ORD00863,2025-01-12,C0091,USB Hub,Electronics,Karachi,1,4500,2850,10
ORD00863,2025-01-12,C0091,Backpack,Accessories,Karachi,2,6500,4100,15
ORD00863,2025-01-12,C0091,Desk Lamp,Home,Karachi,3,4800,2900,5
ORD00864,2026-07-09,C0368,Desk Lamp,Home,Lahore,1,4800,2900,10
ORD00864,2026-07-09,C0368,Backpack,Accessories,Lahore,4,6500,4100,45
ORD00864,2026-07-09,C0368,Wireless Mouse,Electronics,Lahore,1,3200,2050,10
ORD00865,2025-10-30,C0167,Wireless Mouse,Electronics,Islamabad,3,3200,2050,45
ORD00865,2025-10-30,C0167,Desk Lamp,Home,Islamabad,3,4800,2900,10
ORD00865,2025-10-30,C0167,Water Bottle,Accessories,Islamabad,4,1800,800,25
ORD00866,2025-11-20,C0065,Backpack,Accessories,Karachi,3,6500,4100,0
ORD00866,2025-11-20,C0065,Notebook Set,Stationery,Karachi,3,950,420,15
ORD00866,2025-11-20,C0065,Desk Lamp,Home,Karachi,1,4800,2900,15
ORD00867,2025-06-15,C0159,Wireless Mouse,Electronics,Islamabad,2,3200,2050,45
ORD00868,2025-01-04,C0316,Water Bottle,Accessories,Lahore,4,1800,800,0
ORD00868,2025-01-04,C0316,Notebook Set,Stationery,Lahore,4,950,420,15
ORD00869,2025-12-18,C0124,Desk Lamp,Home,Islamabad,4,4800,2900,45
ORD00869,2025-12-18,C0124,Backpack,Accessories,Islamabad,4,6500,4100,0
ORD00869,2025-12-18,C0124,USB Hub,Electronics,Islamabad,2,4500,2850,15
ORD00870,2026-04-24,C0141,USB Hub,Electronics,Lahore,2,4500,2850,10
ORD00871,2026-06-05,C0007,Water Bottle,Accessories,Faisalabad,4,1800,800,10
ORD00872,2025-07-21,C0094,Wireless Mouse,Electronics,Lahore,3,3200,2050,25
ORD00872,2025-07-21,C0094,Notebook Set,Stationery,Lahore,3,950,420,10
ORD00872,2025-07-21,C0094,Water Bottle,Accessories,Lahore,1,1800,800,0
ORD00873,2025-10-03,C0019,Notebook Set,Stationery,Karachi,3,950,420,0
ORD00873,2025-10-03,C0019,USB Hub,Electronics,Karachi,2,4500,2850,25
ORD00874,2026-01-15,C0184,Notebook Set,Stationery,Karachi,1,950,420,15
ORD00874,2026-01-15,C0184,Desk Lamp,Home,Karachi,4,4800,2900,10
ORD00875,2025-09-05,C0377,Water Bottle,Accessories,Islamabad,1,1800,800,25
ORD00875,2025-09-05,C0377,Wireless Mouse,Electronics,Islamabad,3,3200,2050,45
ORD00876,2025-12-11,C0362,Notebook Set,Stationery,Islamabad,2,950,420,15
ORD00876,2025-12-11,C0362,Backpack,Accessories,Islamabad,2,6500,4100,15
ORD00877,2026-09-18,C0165,USB Hub,Electronics,Karachi,2,4500,2850,25
ORD00877,2026-09-18,C0165,Desk Lamp,Home,Karachi,4,4800,2900,25
ORD00878,2026-08-03,C0074,Desk Lamp,Home,Islamabad,1,4800,2900,15
ORD00879,2026-01-23,C0297,USB Hub,Electronics,Lahore,4,4500,2850,45
ORD00880,2025-02-17,C0162,Water Bottle,Accessories,Lahore,2,1800,800,5
ORD00880,2025-02-17,C0162,USB Hub,Electronics,Lahore,3,4500,2850,0
ORD00880,2025-02-17,C0162,Wireless Mouse,Electronics,Lahore,3,3200,2050,10
ORD00881,2025-06-23,C0158,Backpack,Accessories,Lahore,1,6500,4100,0
ORD00882,2026-02-23,C0172,Backpack,Accessories,Lahore,1,6500,4100,25
ORD00882,2026-02-23,C0172,Desk Lamp,Home,Lahore,2,4800,2900,0
ORD00882,2026-02-23,C0172,Wireless Mouse,Electronics,Lahore,4,3200,2050,0
ORD00883,2025-03-24,C0380,Backpack,Accessories,Islamabad,1,6500,4100,10
ORD00883,2025-03-24,C0380,Water Bottle,Accessories,Islamabad,2,1800,800,25
ORD00884,2025-11-19,C0050,Desk Lamp,Home,Faisalabad,4,4800,2900,25
ORD00885,2026-07-03,C0265,Backpack,Accessories,Faisalabad,2,6500,4100,5
ORD00886,2025-06-01,C0083,Water Bottle,Accessories,Karachi,3,1800,800,15
ORD00886,2025-06-01,C0083,Notebook Set,Stationery,Karachi,1,950,420,15
ORD00886,2025-06-01,C0083,Desk Lamp,Home,Karachi,3,4800,2900,10
ORD00887,2025-07-06,C0222,Backpack,Accessories,Faisalabad,3,6500,4100,5
ORD00888,2025-09-05,C0356,Wireless Mouse,Electronics,Karachi,4,3200,2050,15
ORD00888,2025-09-05,C0356,Water Bottle,Accessories,Karachi,2,1800,800,5
ORD00889,2026-03-24,C0344,Backpack,Accessories,Lahore,2,6500,4100,15
ORD00889,2026-03-24,C0344,Wireless Mouse,Electronics,Lahore,4,3200,2050,5
ORD00889,2026-03-24,C0344,Water Bottle,Accessories,Lahore,1,1800,800,45
ORD00890,2025-06-28,C0190,Desk Lamp,Home,Karachi,1,4800,2900,10
ORD00890,2025-06-28,C0190,USB Hub,Electronics,Karachi,1,4500,2850,0
ORD00891,2026-09-22,C0203,Notebook Set,Stationery,Islamabad,2,950,420,45
ORD00891,2026-09-22,C0203,USB Hub,Electronics,Islamabad,1,4500,2850,45
ORD00891,2026-09-22,C0203,Backpack,Accessories,Islamabad,4,6500,4100,0
ORD00892,2026-03-30,C0396,Backpack,Accessories,Islamabad,1,6500,4100,15
ORD00892,2026-03-30,C0396,USB Hub,Electronics,Islamabad,2,4500,2850,0
ORD00893,2026-05-25,C0049,Wireless Mouse,Electronics,Lahore,4,3200,2050,45
ORD00893,2026-05-25,C0049,Notebook Set,Stationery,Lahore,2,950,420,0
ORD00894,2026-06-04,C0150,USB Hub,Electronics,Islamabad,3,4500,2850,45
ORD00895,2025-03-07,C0164,Backpack,Accessories,Faisalabad,2,6500,4100,15
ORD00895,2025-03-07,C0164,Wireless Mouse,Electronics,Faisalabad,4,3200,2050,15
ORD00896,2025-10-30,C0077,Notebook Set,Stationery,Karachi,2,950,420,5
ORD00896,2025-10-30,C0077,Backpack,Accessories,Karachi,3,6500,4100,25
ORD00896,2025-10-30,C0077,Wireless Mouse,Electronics,Karachi,4,3200,2050,15
ORD00897,2026-02-27,C0316,Notebook Set,Stationery,Karachi,3,950,420,15
ORD00898,2025-04-09,C0313,Backpack,Accessories,Karachi,2,6500,4100,45
ORD00898,2025-04-09,C0313,Notebook Set,Stationery,Karachi,2,950,420,0
ORD00898,2025-04-09,C0313,USB Hub,Electronics,Karachi,1,4500,2850,15
ORD00899,2026-02-06,C0394,USB Hub,Electronics,Faisalabad,3,4500,2850,10
ORD00899,2026-02-06,C0394,Notebook Set,Stationery,Faisalabad,4,950,420,25
ORD00900,2026-02-23,C0263,Desk Lamp,Home,Islamabad,3,4800,2900,0
ORD00900,2026-02-23,C0263,Water Bottle,Accessories,Islamabad,4,1800,800,45
ORD00901,2026-02-04,C0092,Notebook Set,Stationery,Faisalabad,4,950,420,10
ORD00902,2025-06-05,C0033,Desk Lamp,Home,Karachi,1,4800,2900,10
ORD00902,2025-06-05,C0033,Notebook Set,Stationery,Karachi,3,950,420,0
ORD00902,2025-06-05,C0033,Wireless Mouse,Electronics,Karachi,1,3200,2050,0
ORD00903,2025-08-07,C0004,Wireless Mouse,Electronics,Lahore,1,3200,2050,15
ORD00903,2025-08-07,C0004,Desk Lamp,Home,Lahore,3,4800,2900,15
ORD00904,2026-02-04,C0324,Desk Lamp,Home,Lahore,3,4800,2900,45
ORD00905,2026-08-10,C0233,Wireless Mouse,Electronics,Karachi,1,3200,2050,25
ORD00905,2026-08-10,C0233,Notebook Set,Stationery,Karachi,4,950,420,5
ORD00906,2026-08-07,C0043,Backpack,Accessories,Faisalabad,1,6500,4100,5
ORD00906,2026-08-07,C0043,Wireless Mouse,Electronics,Faisalabad,1,3200,2050,5
ORD00906,2026-08-07,C0043,Desk Lamp,Home,Faisalabad,3,4800,2900,15
ORD00907,2025-12-20,C0076,Wireless Mouse,Electronics,Lahore,4,3200,2050,0
ORD00907,2025-12-20,C0076,Notebook Set,Stationery,Lahore,3,950,420,10
ORD00907,2025-12-20,C0076,Desk Lamp,Home,Lahore,2,4800,2900,15
ORD00908,2026-01-15,C0128,USB Hub,Electronics,Lahore,3,4500,2850,15
ORD00908,2026-01-15,C0128,Wireless Mouse,Electronics,Lahore,2,3200,2050,0
ORD00908,2026-01-15,C0128,Notebook Set,Stationery,Lahore,3,950,420,15
ORD00909,2025-06-16,C0307,Water Bottle,Accessories,Islamabad,1,1800,800,15
ORD00910,2025-10-08,C0262,USB Hub,Electronics,Faisalabad,1,4500,2850,0
ORD00910,2025-10-08,C0262,Notebook Set,Stationery,Faisalabad,3,950,420,10
ORD00910,2025-10-08,C0262,Water Bottle,Accessories,Faisalabad,1,1800,800,0
ORD00911,2026-09-10,C0291,Wireless Mouse,Electronics,Faisalabad,2,3200,2050,25
ORD00912,2025-11-20,C0314,Water Bottle,Accessories,Karachi,3,1800,800,45
ORD00912,2025-11-20,C0314,Backpack,Accessories,Karachi,2,6500,4100,25
ORD00913,2025-12-08,C0352,Backpack,Accessories,Karachi,3,6500,4100,25
ORD00913,2025-12-08,C0352,Desk Lamp,Home,Karachi,2,4800,2900,10
ORD00914,2025-07-25,C0293,Water Bottle,Accessories,Islamabad,4,1800,800,25
ORD00914,2025-07-25,C0293,Wireless Mouse,Electronics,Islamabad,1,3200,2050,0
ORD00915,2026-05-14,C0210,Water Bottle,Accessories,Karachi,4,1800,800,25
ORD00915,2026-05-14,C0210,Desk Lamp,Home,Karachi,1,4800,2900,10
ORD00916,2026-07-19,C0381,Desk Lamp,Home,Faisalabad,1,4800,2900,0
ORD00917,2025-04-22,C0127,Desk Lamp,Home,Islamabad,4,4800,2900,15
ORD00917,2025-04-22,C0127,Notebook Set,Stationery,Islamabad,1,950,420,25
ORD00918,2026-06-14,C0387,Water Bottle,Accessories,Lahore,4,1800,800,5
ORD00918,2026-06-14,C0387,USB Hub,Electronics,Lahore,2,4500,2850,10
ORD00919,2026-05-08,C0049,Notebook Set,Stationery,Islamabad,3,950,420,45
ORD00919,2026-05-08,C0049,Wireless Mouse,Electronics,Islamabad,3,3200,2050,10
ORD00919,2026-05-08,C0049,Desk Lamp,Home,Islamabad,1,4800,2900,10
ORD00920,2025-04-18,C0290,Wireless Mouse,Electronics,Lahore,2,3200,2050,10
ORD00920,2025-04-18,C0290,Notebook Set,Stationery,Lahore,4,950,420,15
ORD00920,2025-04-18,C0290,Desk Lamp,Home,Lahore,1,4800,2900,5
ORD00921,2025-09-04,C0111,Water Bottle,Accessories,Lahore,2,1800,800,0
ORD00921,2025-09-04,C0111,Desk Lamp,Home,Lahore,2,4800,2900,45
ORD00922,2025-11-19,C0240,Notebook Set,Stationery,Faisalabad,2,950,420,0
ORD00922,2025-11-19,C0240,Desk Lamp,Home,Faisalabad,1,4800,2900,5
ORD00923,2026-08-07,C0287,Notebook Set,Stationery,Faisalabad,3,950,420,10
ORD00924,2025-09-23,C0144,Backpack,Accessories,Lahore,4,6500,4100,5
ORD00924,2025-09-23,C0144,Notebook Set,Stationery,Lahore,3,950,420,45
ORD00924,2025-09-23,C0144,Wireless Mouse,Electronics,Lahore,4,3200,2050,5
ORD00925,2026-06-06,C0165,Notebook Set,Stationery,Lahore,4,950,420,0
ORD00925,2026-06-06,C0165,Backpack,Accessories,Lahore,3,6500,4100,0
ORD00925,2026-06-06,C0165,Desk Lamp,Home,Lahore,3,4800,2900,45
ORD00926,2026-02-15,C0243,Desk Lamp,Home,Faisalabad,3,4800,2900,0
ORD00926,2026-02-15,C0243,Backpack,Accessories,Faisalabad,4,6500,4100,15
ORD00926,2026-02-15,C0243,Water Bottle,Accessories,Faisalabad,3,1800,800,25
ORD00927,2025-05-20,C0181,USB Hub,Electronics,Faisalabad,2,4500,2850,15
ORD00928,2025-11-22,C0275,Wireless Mouse,Electronics,Faisalabad,4,3200,2050,25
ORD00928,2025-11-22,C0275,Notebook Set,Stationery,Faisalabad,2,950,420,45
ORD00929,2025-02-23,C0047,Wireless Mouse,Electronics,Lahore,1,3200,2050,5
ORD00929,2025-02-23,C0047,Backpack,Accessories,Lahore,3,6500,4100,15
ORD00929,2025-02-23,C0047,USB Hub,Electronics,Lahore,3,4500,2850,10
ORD00930,2025-07-15,C0043,Backpack,Accessories,Karachi,4,6500,4100,10
ORD00931,2026-01-07,C0017,Wireless Mouse,Electronics,Islamabad,4,3200,2050,10
ORD00931,2026-01-07,C0017,Desk Lamp,Home,Islamabad,4,4800,2900,0
ORD00932,2025-07-11,C0373,Water Bottle,Accessories,Lahore,2,1800,800,45
ORD00932,2025-07-11,C0373,Desk Lamp,Home,Lahore,4,4800,2900,10
ORD00933,2025-12-02,C0023,Water Bottle,Accessories,Lahore,1,1800,800,5
ORD00934,2026-06-22,C0286,Backpack,Accessories,Islamabad,3,6500,4100,5
ORD00935,2026-04-21,C0372,Desk Lamp,Home,Karachi,4,4800,2900,0
ORD00936,2026-07-26,C0311,Water Bottle,Accessories,Karachi,1,1800,800,15
ORD00936,2026-07-26,C0311,USB Hub,Electronics,Karachi,1,4500,2850,0
ORD00937,2026-09-19,C0190,Wireless Mouse,Electronics,Islamabad,1,3200,2050,5
ORD00938,2025-01-03,C0169,Desk Lamp,Home,Karachi,1,4800,2900,5
ORD00938,2025-01-03,C0169,Notebook Set,Stationery,Karachi,4,950,420,45
ORD00939,2025-11-06,C0376,Water Bottle,Accessories,Islamabad,2,1800,800,15
ORD00940,2026-02-18,C0124,Desk Lamp,Home,Islamabad,1,4800,2900,0
ORD00940,2026-02-18,C0124,Water Bottle,Accessories,Islamabad,4,1800,800,5
ORD00941,2026-02-13,C0287,Backpack,Accessories,Faisalabad,1,6500,4100,25
ORD00941,2026-02-13,C0287,Water Bottle,Accessories,Faisalabad,1,1800,800,45
ORD00942,2025-01-31,C0099,Wireless Mouse,Electronics,Lahore,4,3200,2050,10
ORD00942,2025-01-31,C0099,Water Bottle,Accessories,Lahore,2,1800,800,15
ORD00943,2025-12-19,C0154,Desk Lamp,Home,Islamabad,3,4800,2900,5
ORD00944,2025-02-04,C0050,Wireless Mouse,Electronics,Faisalabad,3,3200,2050,10
ORD00945,2025-10-15,C0358,Water Bottle,Accessories,Karachi,3,1800,800,25
ORD00945,2025-10-15,C0358,Backpack,Accessories,Karachi,1,6500,4100,0
ORD00946,2026-03-07,C0048,Water Bottle,Accessories,Faisalabad,3,1800,800,10
ORD00947,2025-06-21,C0138,Water Bottle,Accessories,Islamabad,1,1800,800,25
ORD00947,2025-06-21,C0138,Notebook Set,Stationery,Islamabad,1,950,420,5
ORD00947,2025-06-21,C0138,Wireless Mouse,Electronics,Islamabad,2,3200,2050,5
ORD00948,2025-04-19,C0257,Desk Lamp,Home,Lahore,3,4800,2900,0
ORD00948,2025-04-19,C0257,Water Bottle,Accessories,Lahore,4,1800,800,10
ORD00948,2025-04-19,C0257,Wireless Mouse,Electronics,Lahore,4,3200,2050,0
ORD00949,2025-04-01,C0386,Backpack,Accessories,Faisalabad,2,6500,4100,15
ORD00949,2025-04-01,C0386,Desk Lamp,Home,Faisalabad,1,4800,2900,5
ORD00949,2025-04-01,C0386,Notebook Set,Stationery,Faisalabad,2,950,420,0
ORD00950,2025-03-20,C0199,Water Bottle,Accessories,Lahore,2,1800,800,0
ORD00950,2025-03-20,C0199,Notebook Set,Stationery,Lahore,2,950,420,10
ORD00951,2026-05-25,C0177,Wireless Mouse,Electronics,Faisalabad,1,3200,2050,5
ORD00952,2025-05-04,C0037,Wireless Mouse,Electronics,Lahore,2,3200,2050,5
ORD00952,2025-05-04,C0037,Water Bottle,Accessories,Lahore,4,1800,800,15
ORD00952,2025-05-04,C0037,Backpack,Accessories,Lahore,3,6500,4100,15
ORD00953,2026-04-10,C0074,USB Hub,Electronics,Karachi,2,4500,2850,15
ORD00954,2025-12-27,C0110,Wireless Mouse,Electronics,Lahore,4,3200,2050,10
ORD00954,2025-12-27,C0110,Desk Lamp,Home,Lahore,4,4800,2900,15
ORD00954,2025-12-27,C0110,Water Bottle,Accessories,Lahore,1,1800,800,10
ORD00955,2025-09-24,C0081,USB Hub,Electronics,Islamabad,4,4500,2850,0
ORD00956,2025-11-02,C0263,Desk Lamp,Home,Lahore,2,4800,2900,25
ORD00956,2025-11-02,C0263,Wireless Mouse,Electronics,Lahore,3,3200,2050,45
ORD00957,2026-09-29,C0241,USB Hub,Electronics,Karachi,1,4500,2850,45
ORD00957,2026-09-29,C0241,Notebook Set,Stationery,Karachi,3,950,420,5
ORD00958,2026-01-09,C0161,USB Hub,Electronics,Lahore,3,4500,2850,5
ORD00958,2026-01-09,C0161,Notebook Set,Stationery,Lahore,4,950,420,45
ORD00958,2026-01-09,C0161,Backpack,Accessories,Lahore,1,6500,4100,45
ORD00959,2025-03-31,C0197,Notebook Set,Stationery,Karachi,4,950,420,5
ORD00959,2025-03-31,C0197,USB Hub,Electronics,Karachi,2,4500,2850,45
ORD00959,2025-03-31,C0197,Backpack,Accessories,Karachi,4,6500,4100,45
ORD00960,2026-01-04,C0372,Wireless Mouse,Electronics,Islamabad,2,3200,2050,5
ORD00960,2026-01-04,C0372,Notebook Set,Stationery,Islamabad,4,950,420,45
ORD00960,2026-01-04,C0372,USB Hub,Electronics,Islamabad,1,4500,2850,5
ORD00961,2026-08-28,C0080,Desk Lamp,Home,Faisalabad,4,4800,2900,15
ORD00962,2025-12-20,C0343,USB Hub,Electronics,Karachi,3,4500,2850,10
ORD00962,2025-12-20,C0343,Backpack,Accessories,Karachi,3,6500,4100,45
ORD00963,2025-09-09,C0268,Backpack,Accessories,Faisalabad,1,6500,4100,5
ORD00963,2025-09-09,C0268,Notebook Set,Stationery,Faisalabad,2,950,420,25
ORD00963,2025-09-09,C0268,Desk Lamp,Home,Faisalabad,1,4800,2900,25
ORD00964,2025-12-20,C0030,USB Hub,Electronics,Islamabad,2,4500,2850,15
ORD00964,2025-12-20,C0030,Water Bottle,Accessories,Islamabad,1,1800,800,45
ORD00964,2025-12-20,C0030,Notebook Set,Stationery,Islamabad,3,950,420,5
ORD00965,2026-09-06,C0074,Notebook Set,Stationery,Faisalabad,2,950,420,45
ORD00966,2025-06-10,C0390,Backpack,Accessories,Karachi,3,6500,4100,5
ORD00967,2025-03-27,C0159,Wireless Mouse,Electronics,Islamabad,4,3200,2050,0
ORD00968,2025-09-17,C0306,Wireless Mouse,Electronics,Karachi,4,3200,2050,45
ORD00968,2025-09-17,C0306,USB Hub,Electronics,Karachi,2,4500,2850,0
ORD00969,2025-08-09,C0059,Water Bottle,Accessories,Islamabad,3,1800,800,0
ORD00970,2026-08-11,C0308,Notebook Set,Stationery,Karachi,3,950,420,25
ORD00971,2025-06-17,C0298,Notebook Set,Stationery,Karachi,1,950,420,5
ORD00972,2025-08-17,C0113,USB Hub,Electronics,Faisalabad,3,4500,2850,15
ORD00973,2025-06-21,C0332,Water Bottle,Accessories,Lahore,2,1800,800,15
ORD00974,2025-01-28,C0246,Desk Lamp,Home,Faisalabad,3,4800,2900,25
ORD00974,2025-01-28,C0246,Notebook Set,Stationery,Faisalabad,4,950,420,25
ORD00974,2025-01-28,C0246,USB Hub,Electronics,Faisalabad,1,4500,2850,15
ORD00975,2026-05-03,C0082,Desk Lamp,Home,Karachi,3,4800,2900,25
ORD00975,2026-05-03,C0082,Water Bottle,Accessories,Karachi,4,1800,800,5
ORD00975,2026-05-03,C0082,Backpack,Accessories,Karachi,4,6500,4100,15
ORD00976,2026-01-16,C0132,Desk Lamp,Home,Karachi,2,4800,2900,15
ORD00976,2026-01-16,C0132,Water Bottle,Accessories,Karachi,1,1800,800,0
ORD00977,2026-06-26,C0057,USB Hub,Electronics,Faisalabad,2,4500,2850,5
ORD00977,2026-06-26,C0057,Desk Lamp,Home,Faisalabad,4,4800,2900,0
ORD00977,2026-06-26,C0057,Notebook Set,Stationery,Faisalabad,4,950,420,0
ORD00978,2025-07-21,C0239,Water Bottle,Accessories,Lahore,3,1800,800,15
ORD00978,2025-07-21,C0239,USB Hub,Electronics,Lahore,1,4500,2850,15
ORD00979,2025-11-29,C0273,USB Hub,Electronics,Karachi,3,4500,2850,0
ORD00980,2025-05-19,C0235,Desk Lamp,Home,Faisalabad,4,4800,2900,15
ORD00981,2026-07-30,C0314,Desk Lamp,Home,Faisalabad,1,4800,2900,0
ORD00982,2026-05-13,C0265,Desk Lamp,Home,Lahore,2,4800,2900,10
ORD00983,2025-07-04,C0373,Notebook Set,Stationery,Lahore,4,950,420,0
ORD00983,2025-07-04,C0373,Water Bottle,Accessories,Lahore,2,1800,800,0
ORD00984,2025-10-04,C0247,Desk Lamp,Home,Karachi,2,4800,2900,5
ORD00985,2025-08-27,C0276,Backpack,Accessories,Lahore,3,6500,4100,0
ORD00986,2025-05-09,C0250,Wireless Mouse,Electronics,Karachi,3,3200,2050,5
ORD00986,2025-05-09,C0250,Backpack,Accessories,Karachi,1,6500,4100,0
ORD00986,2025-05-09,C0250,USB Hub,Electronics,Karachi,4,4500,2850,0
ORD00987,2025-11-17,C0328,Wireless Mouse,Electronics,Faisalabad,4,3200,2050,15
ORD00988,2025-07-31,C0238,Water Bottle,Accessories,Lahore,1,1800,800,45
ORD00988,2025-07-31,C0238,Notebook Set,Stationery,Lahore,2,950,420,0
ORD00988,2025-07-31,C0238,Desk Lamp,Home,Lahore,1,4800,2900,5
ORD00989,2026-09-20,C0154,USB Hub,Electronics,Faisalabad,1,4500,2850,45
ORD00989,2026-09-20,C0154,Backpack,Accessories,Faisalabad,4,6500,4100,0
ORD00990,2026-02-17,C0370,USB Hub,Electronics,Faisalabad,3,4500,2850,45
ORD00991,2025-04-04,C0241,Wireless Mouse,Electronics,Lahore,3,3200,2050,5
ORD00991,2025-04-04,C0241,Notebook Set,Stationery,Lahore,2,950,420,5
ORD00992,2026-04-12,C0107,Notebook Set,Stationery,Lahore,1,950,420,45
ORD00992,2026-04-12,C0107,USB Hub,Electronics,Lahore,4,4500,2850,0
ORD00993,2025-02-17,C0052,USB Hub,Electronics,Karachi,4,4500,2850,10
ORD00993,2025-02-17,C0052,Wireless Mouse,Electronics,Karachi,2,3200,2050,0
ORD00993,2025-02-17,C0052,Water Bottle,Accessories,Karachi,4,1800,800,5
ORD00994,2025-08-13,C0295,Wireless Mouse,Electronics,Islamabad,1,3200,2050,15
ORD00994,2025-08-13,C0295,Notebook Set,Stationery,Islamabad,3,950,420,25
ORD00995,2026-07-25,C0070,USB Hub,Electronics,Faisalabad,3,4500,2850,10
ORD00995,2026-07-25,C0070,Desk Lamp,Home,Faisalabad,1,4800,2900,0
ORD00995,2026-07-25,C0070,Notebook Set,Stationery,Faisalabad,1,950,420,15
ORD00996,2026-03-14,C0253,Wireless Mouse,Electronics,Lahore,4,3200,2050,25
ORD00997,2025-07-08,C0023,Notebook Set,Stationery,Karachi,3,950,420,15
ORD00997,2025-07-08,C0023,Backpack,Accessories,Karachi,1,6500,4100,5
ORD00997,2025-07-08,C0023,Wireless Mouse,Electronics,Karachi,3,3200,2050,15
ORD00998,2025-02-10,C0242,USB Hub,Electronics,Faisalabad,4,4500,2850,0
ORD00998,2025-02-10,C0242,Water Bottle,Accessories,Faisalabad,1,1800,800,10
ORD00998,2025-02-10,C0242,Wireless Mouse,Electronics,Faisalabad,3,3200,2050,15
ORD00999,2026-02-25,C0400,Wireless Mouse,Electronics,Faisalabad,1,3200,2050,5
ORD01000,2025-08-12,C0374,Water Bottle,Accessories,Karachi,2,1800,800,45
ORD01001,2026-05-10,C0353,Backpack,Accessories,Faisalabad,2,6500,4100,15
ORD01002,2026-04-21,C0201,USB Hub,Electronics,Karachi,2,4500,2850,45
ORD01002,2026-04-21,C0201,Notebook Set,Stationery,Karachi,2,950,420,0
ORD01002,2026-04-21,C0201,Desk Lamp,Home,Karachi,4,4800,2900,45
ORD01003,2025-07-18,C0123,Backpack,Accessories,Lahore,2,6500,4100,25
ORD01004,2025-04-20,C0255,Wireless Mouse,Electronics,Islamabad,2,3200,2050,45
ORD01004,2025-04-20,C0255,Notebook Set,Stationery,Islamabad,3,950,420,5
ORD01005,2025-01-20,C0068,Water Bottle,Accessories,Karachi,3,1800,800,10
ORD01005,2025-01-20,C0068,USB Hub,Electronics,Karachi,1,4500,2850,15
ORD01006,2025-12-09,C0035,Wireless Mouse,Electronics,Karachi,3,3200,2050,0
ORD01006,2025-12-09,C0035,USB Hub,Electronics,Karachi,2,4500,2850,0
ORD01006,2025-12-09,C0035,Desk Lamp,Home,Karachi,2,4800,2900,0
ORD01007,2026-01-30,C0229,Water Bottle,Accessories,Islamabad,2,1800,800,10
ORD01007,2026-01-30,C0229,Desk Lamp,Home,Islamabad,3,4800,2900,0
ORD01008,2025-06-29,C0342,Water Bottle,Accessories,Faisalabad,4,1800,800,25
ORD01008,2025-06-29,C0342,Wireless Mouse,Electronics,Faisalabad,3,3200,2050,5
ORD01008,2025-06-29,C0342,Desk Lamp,Home,Faisalabad,2,4800,2900,25
ORD01009,2026-06-04,C0208,Water Bottle,Accessories,Faisalabad,4,1800,800,10
ORD01009,2026-06-04,C0208,Notebook Set,Stationery,Faisalabad,2,950,420,0
ORD01010,2026-01-23,C0192,Wireless Mouse,Electronics,Karachi,1,3200,2050,15
ORD01010,2026-01-23,C0192,Water Bottle,Accessories,Karachi,2,1800,800,15
ORD01010,2026-01-23,C0192,USB Hub,Electronics,Karachi,1,4500,2850,10
ORD01011,2026-01-04,C0117,Backpack,Accessories,Lahore,2,6500,4100,45
ORD01011,2026-01-04,C0117,Notebook Set,Stationery,Lahore,2,950,420,45
ORD01011,2026-01-04,C0117,USB Hub,Electronics,Lahore,1,4500,2850,5
ORD01012,2025-08-12,C0247,Backpack,Accessories,Lahore,2,6500,4100,45
ORD01013,2026-07-10,C0122,Notebook Set,Stationery,Islamabad,3,950,420,5
ORD01014,2025-04-06,C0104,Notebook Set,Stationery,Faisalabad,3,950,420,0
ORD01015,2025-06-21,C0070,Backpack,Accessories,Faisalabad,1,6500,4100,25
ORD01015,2025-06-21,C0070,Water Bottle,Accessories,Faisalabad,1,1800,800,10
ORD01015,2025-06-21,C0070,Desk Lamp,Home,Faisalabad,4,4800,2900,0
ORD01016,2025-04-05,C0326,Desk Lamp,Home,Lahore,1,4800,2900,0
ORD01016,2025-04-05,C0326,Notebook Set,Stationery,Lahore,1,950,420,45
ORD01016,2025-04-05,C0326,Water Bottle,Accessories,Lahore,3,1800,800,15
ORD01017,2025-05-28,C0341,Desk Lamp,Home,Islamabad,2,4800,2900,45
ORD01017,2025-05-28,C0341,Water Bottle,Accessories,Islamabad,3,1800,800,25
ORD01017,2025-05-28,C0341,Backpack,Accessories,Islamabad,3,6500,4100,10
ORD01018,2026-08-30,C0084,Desk Lamp,Home,Islamabad,3,4800,2900,10
ORD01019,2026-08-24,C0246,USB Hub,Electronics,Karachi,3,4500,2850,15
ORD01019,2026-08-24,C0246,Backpack,Accessories,Karachi,1,6500,4100,45
ORD01020,2025-12-30,C0097,Notebook Set,Stationery,Islamabad,3,950,420,10
ORD01020,2025-12-30,C0097,Wireless Mouse,Electronics,Islamabad,4,3200,2050,10
ORD01020,2025-12-30,C0097,Backpack,Accessories,Islamabad,2,6500,4100,0
ORD01021,2025-07-04,C0359,Water Bottle,Accessories,Karachi,1,1800,800,10
ORD01021,2025-07-04,C0359,Notebook Set,Stationery,Karachi,3,950,420,10
ORD01021,2025-07-04,C0359,USB Hub,Electronics,Karachi,2,4500,2850,5
ORD01022,2026-03-29,C0242,USB Hub,Electronics,Lahore,4,4500,2850,15
ORD01022,2026-03-29,C0242,Backpack,Accessories,Lahore,2,6500,4100,15
ORD01023,2026-07-11,C0091,Wireless Mouse,Electronics,Lahore,3,3200,2050,45
ORD01023,2026-07-11,C0091,Water Bottle,Accessories,Lahore,1,1800,800,15
ORD01024,2025-10-10,C0111,Backpack,Accessories,Karachi,4,6500,4100,0
ORD01024,2025-10-10,C0111,Wireless Mouse,Electronics,Karachi,4,3200,2050,15
ORD01025,2025-08-07,C0294,USB Hub,Electronics,Islamabad,2,4500,2850,25
ORD01025,2025-08-07,C0294,Backpack,Accessories,Islamabad,1,6500,4100,45
ORD01025,2025-08-07,C0294,Wireless Mouse,Electronics,Islamabad,2,3200,2050,0
ORD01026,2025-02-15,C0343,Water Bottle,Accessories,Lahore,1,1800,800,15
ORD01026,2025-02-15,C0343,Backpack,Accessories,Lahore,2,6500,4100,0
ORD01027,2025-04-26,C0226,Wireless Mouse,Electronics,Lahore,4,3200,2050,0
ORD01027,2025-04-26,C0226,USB Hub,Electronics,Lahore,2,4500,2850,0
ORD01028,2026-02-02,C0329,USB Hub,Electronics,Lahore,2,4500,2850,0
ORD01028,2026-02-02,C0329,Notebook Set,Stationery,Lahore,4,950,420,45
ORD01028,2026-02-02,C0329,Wireless Mouse,Electronics,Lahore,1,3200,2050,10
ORD01029,2026-04-13,C0237,Desk Lamp,Home,Lahore,1,4800,2900,15
ORD01029,2026-04-13,C0237,Water Bottle,Accessories,Lahore,4,1800,800,25
ORD01030,2026-05-26,C0064,Water Bottle,Accessories,Lahore,2,1800,800,10
ORD01030,2026-05-26,C0064,Notebook Set,Stationery,Lahore,1,950,420,0
ORD01030,2026-05-26,C0064,Backpack,Accessories,Lahore,1,6500,4100,0
ORD01031,2026-09-26,C0279,Backpack,Accessories,Faisalabad,4,6500,4100,5
ORD01032,2026-02-24,C0278,USB Hub,Electronics,Faisalabad,3,4500,2850,10
ORD01032,2026-02-24,C0278,Notebook Set,Stationery,Faisalabad,1,950,420,10
ORD01032,2026-02-24,C0278,Water Bottle,Accessories,Faisalabad,3,1800,800,45
ORD01033,2026-01-06,C0066,USB Hub,Electronics,Faisalabad,2,4500,2850,25
ORD01033,2026-01-06,C0066,Desk Lamp,Home,Faisalabad,4,4800,2900,10
ORD01034,2025-08-26,C0346,USB Hub,Electronics,Lahore,4,4500,2850,0
ORD01034,2025-08-26,C0346,Notebook Set,Stationery,Lahore,3,950,420,0
ORD01034,2025-08-26,C0346,Water Bottle,Accessories,Lahore,4,1800,800,25
ORD01035,2025-03-08,C0357,Water Bottle,Accessories,Karachi,3,1800,800,10
ORD01035,2025-03-08,C0357,Wireless Mouse,Electronics,Karachi,4,3200,2050,0
ORD01036,2026-04-24,C0003,Wireless Mouse,Electronics,Karachi,3,3200,2050,45
ORD01037,2026-03-02,C0342,Notebook Set,Stationery,Islamabad,4,950,420,0
ORD01038,2025-03-04,C0334,USB Hub,Electronics,Lahore,4,4500,2850,45
ORD01038,2025-03-04,C0334,Water Bottle,Accessories,Lahore,2,1800,800,25
ORD01038,2025-03-04,C0334,Backpack,Accessories,Lahore,4,6500,4100,0
ORD01039,2026-01-31,C0247,Backpack,Accessories,Islamabad,3,6500,4100,15
ORD01039,2026-01-31,C0247,Notebook Set,Stationery,Islamabad,1,950,420,5
ORD01039,2026-01-31,C0247,Desk Lamp,Home,Islamabad,1,4800,2900,10
ORD01040,2026-06-12,C0090,Wireless Mouse,Electronics,Faisalabad,4,3200,2050,0
ORD01041,2026-04-15,C0306,Desk Lamp,Home,Karachi,1,4800,2900,15
ORD01042,2026-07-22,C0399,USB Hub,Electronics,Faisalabad,2,4500,2850,45
ORD01042,2026-07-22,C0399,Backpack,Accessories,Faisalabad,2,6500,4100,5
ORD01042,2026-07-22,C0399,Water Bottle,Accessories,Faisalabad,1,1800,800,0
ORD01043,2026-01-14,C0355,USB Hub,Electronics,Lahore,4,4500,2850,45
ORD01043,2026-01-14,C0355,Water Bottle,Accessories,Lahore,3,1800,800,45
ORD01043,2026-01-14,C0355,Backpack,Accessories,Lahore,3,6500,4100,0
ORD01044,2026-08-07,C0068,USB Hub,Electronics,Karachi,1,4500,2850,15
ORD01045,2026-07-06,C0316,Backpack,Accessories,Karachi,1,6500,4100,45
ORD01045,2026-07-06,C0316,Water Bottle,Accessories,Karachi,4,1800,800,5
ORD01045,2026-07-06,C0316,Desk Lamp,Home,Karachi,4,4800,2900,0
ORD01046,2026-09-10,C0093,Water Bottle,Accessories,Lahore,1,1800,800,0
ORD01046,2026-09-10,C0093,USB Hub,Electronics,Lahore,2,4500,2850,15
ORD01046,2026-09-10,C0093,Desk Lamp,Home,Lahore,1,4800,2900,0
ORD01047,2026-04-23,C0198,Wireless Mouse,Electronics,Karachi,1,3200,2050,15
ORD01048,2025-02-21,C0099,Backpack,Accessories,Faisalabad,4,6500,4100,10
ORD01048,2025-02-21,C0099,Notebook Set,Stationery,Faisalabad,3,950,420,5
ORD01049,2026-08-26,C0144,Backpack,Accessories,Faisalabad,3,6500,4100,25
ORD01049,2026-08-26,C0144,Notebook Set,Stationery,Faisalabad,4,950,420,0
ORD01050,2026-07-13,C0337,Water Bottle,Accessories,Lahore,3,1800,800,15
ORD01050,2026-07-13,C0337,Notebook Set,Stationery,Lahore,3,950,420,10
ORD01050,2026-07-13,C0337,Desk Lamp,Home,Lahore,2,4800,2900,25
ORD01051,2026-07-10,C0036,Desk Lamp,Home,Karachi,4,4800,2900,10
ORD01051,2026-07-10,C0036,Backpack,Accessories,Karachi,1,6500,4100,0
ORD01051,2026-07-10,C0036,USB Hub,Electronics,Karachi,3,4500,2850,25
ORD01052,2026-07-15,C0389,Backpack,Accessories,Faisalabad,1,6500,4100,15
ORD01052,2026-07-15,C0389,USB Hub,Electronics,Faisalabad,2,4500,2850,0
ORD01052,2026-07-15,C0389,Notebook Set,Stationery,Faisalabad,1,950,420,0
ORD01053,2026-07-27,C0309,Backpack,Accessories,Lahore,4,6500,4100,10
ORD01053,2026-07-27,C0309,Water Bottle,Accessories,Lahore,3,1800,800,10
ORD01054,2025-09-10,C0357,Notebook Set,Stationery,Karachi,3,950,420,10
ORD01054,2025-09-10,C0357,Backpack,Accessories,Karachi,2,6500,4100,25
ORD01054,2025-09-10,C0357,USB Hub,Electronics,Karachi,4,4500,2850,15
ORD01055,2026-05-08,C0333,Notebook Set,Stationery,Karachi,4,950,420,25
ORD01056,2025-11-24,C0312,Backpack,Accessories,Lahore,2,6500,4100,10
ORD01056,2025-11-24,C0312,Water Bottle,Accessories,Lahore,3,1800,800,25
ORD01057,2025-06-08,C0121,Notebook Set,Stationery,Karachi,2,950,420,5
ORD01058,2025-09-19,C0202,Water Bottle,Accessories,Islamabad,2,1800,800,25
ORD01059,2025-03-15,C0070,Wireless Mouse,Electronics,Karachi,3,3200,2050,25
ORD01059,2025-03-15,C0070,Notebook Set,Stationery,Karachi,1,950,420,5
ORD01060,2025-12-02,C0208,Water Bottle,Accessories,Faisalabad,4,1800,800,5
ORD01060,2025-12-02,C0208,Backpack,Accessories,Faisalabad,2,6500,4100,15
ORD01061,2026-02-01,C0220,Water Bottle,Accessories,Lahore,4,1800,800,45
ORD01062,2025-11-24,C0354,Desk Lamp,Home,Karachi,2,4800,2900,5
ORD01063,2026-08-23,C0134,Backpack,Accessories,Islamabad,3,6500,4100,0
ORD01064,2025-10-22,C0043,USB Hub,Electronics,Faisalabad,4,4500,2850,25
ORD01064,2025-10-22,C0043,Backpack,Accessories,Faisalabad,3,6500,4100,45
ORD01064,2025-10-22,C0043,Desk Lamp,Home,Faisalabad,4,4800,2900,45
ORD01065,2025-03-05,C0010,Notebook Set,Stationery,Faisalabad,1,950,420,15
ORD01066,2026-06-08,C0337,Notebook Set,Stationery,Islamabad,4,950,420,0
ORD01066,2026-06-08,C0337,Water Bottle,Accessories,Islamabad,2,1800,800,15
ORD01067,2025-12-30,C0013,Backpack,Accessories,Karachi,3,6500,4100,15
ORD01067,2025-12-30,C0013,USB Hub,Electronics,Karachi,2,4500,2850,5
ORD01068,2026-06-12,C0188,Wireless Mouse,Electronics,Islamabad,1,3200,2050,0
ORD01069,2026-01-23,C0255,Backpack,Accessories,Islamabad,1,6500,4100,10
ORD01070,2025-04-09,C0031,Notebook Set,Stationery,Lahore,3,950,420,15
ORD01071,2025-10-08,C0071,Desk Lamp,Home,Lahore,1,4800,2900,10
ORD01071,2025-10-08,C0071,Water Bottle,Accessories,Lahore,4,1800,800,15
ORD01071,2025-10-08,C0071,Backpack,Accessories,Lahore,4,6500,4100,5
ORD01072,2025-11-11,C0153,Notebook Set,Stationery,Lahore,3,950,420,25
ORD01072,2025-11-11,C0153,Desk Lamp,Home,Lahore,4,4800,2900,0
ORD01073,2025-03-17,C0387,Desk Lamp,Home,Faisalabad,4,4800,2900,10
ORD01073,2025-03-17,C0387,Backpack,Accessories,Faisalabad,1,6500,4100,15
ORD01074,2026-05-11,C0120,Water Bottle,Accessories,Lahore,2,1800,800,10
ORD01075,2026-09-05,C0025,USB Hub,Electronics,Lahore,4,4500,2850,25
ORD01075,2026-09-05,C0025,Wireless Mouse,Electronics,Lahore,2,3200,2050,0
ORD01075,2026-09-05,C0025,Notebook Set,Stationery,Lahore,4,950,420,10
ORD01076,2026-02-10,C0055,USB Hub,Electronics,Islamabad,3,4500,2850,45
ORD01076,2026-02-10,C0055,Desk Lamp,Home,Islamabad,3,4800,2900,0
ORD01077,2025-12-20,C0212,Backpack,Accessories,Islamabad,2,6500,4100,10
ORD01078,2026-01-15,C0259,USB Hub,Electronics,Faisalabad,3,4500,2850,10
ORD01078,2026-01-15,C0259,Water Bottle,Accessories,Faisalabad,3,1800,800,0
ORD01078,2026-01-15,C0259,Backpack,Accessories,Faisalabad,1,6500,4100,25
ORD01079,2026-06-09,C0121,Notebook Set,Stationery,Karachi,4,950,420,25
ORD01079,2026-06-09,C0121,Desk Lamp,Home,Karachi,4,4800,2900,15
ORD01080,2026-07-14,C0100,Water Bottle,Accessories,Lahore,3,1800,800,0
ORD01081,2026-06-29,C0124,Wireless Mouse,Electronics,Islamabad,2,3200,2050,0
ORD01082,2025-12-19,C0009,Desk Lamp,Home,Lahore,4,4800,2900,25
ORD01082,2025-12-19,C0009,Backpack,Accessories,Lahore,1,6500,4100,15
ORD01083,2026-02-05,C0238,Notebook Set,Stationery,Faisalabad,4,950,420,45
ORD01084,2025-01-24,C0189,Wireless Mouse,Electronics,Karachi,3,3200,2050,15
ORD01085,2025-12-05,C0148,Notebook Set,Stationery,Faisalabad,2,950,420,10
ORD01085,2025-12-05,C0148,USB Hub,Electronics,Faisalabad,2,4500,2850,25
ORD01086,2025-01-30,C0212,Backpack,Accessories,Karachi,4,6500,4100,10
ORD01087,2025-02-24,C0031,USB Hub,Electronics,Karachi,1,4500,2850,45
ORD01087,2025-02-24,C0031,Water Bottle,Accessories,Karachi,2,1800,800,0
ORD01087,2025-02-24,C0031,Desk Lamp,Home,Karachi,2,4800,2900,45
ORD01088,2026-03-20,C0090,USB Hub,Electronics,Lahore,1,4500,2850,5
ORD01089,2025-08-11,C0249,Notebook Set,Stationery,Islamabad,3,950,420,10
ORD01089,2025-08-11,C0249,USB Hub,Electronics,Islamabad,4,4500,2850,0
ORD01089,2025-08-11,C0249,Desk Lamp,Home,Islamabad,4,4800,2900,15
ORD01090,2025-05-22,C0272,Water Bottle,Accessories,Faisalabad,1,1800,800,15
ORD01090,2025-05-22,C0272,Desk Lamp,Home,Faisalabad,4,4800,2900,10
ORD01091,2025-03-28,C0216,Notebook Set,Stationery,Karachi,2,950,420,10
ORD01091,2025-03-28,C0216,Desk Lamp,Home,Karachi,1,4800,2900,5
ORD01091,2025-03-28,C0216,Backpack,Accessories,Karachi,2,6500,4100,10
ORD01092,2026-08-30,C0382,Wireless Mouse,Electronics,Karachi,3,3200,2050,45
ORD01092,2026-08-30,C0382,Notebook Set,Stationery,Karachi,2,950,420,45
ORD01093,2026-09-17,C0229,Backpack,Accessories,Lahore,4,6500,4100,0
ORD01093,2026-09-17,C0229,Water Bottle,Accessories,Lahore,4,1800,800,5
ORD01094,2026-06-07,C0204,Wireless Mouse,Electronics,Karachi,3,3200,2050,10
ORD01095,2025-12-21,C0063,Wireless Mouse,Electronics,Islamabad,2,3200,2050,15
ORD01096,2026-02-23,C0393,Backpack,Accessories,Faisalabad,2,6500,4100,25
ORD01096,2026-02-23,C0393,Wireless Mouse,Electronics,Faisalabad,4,3200,2050,15
ORD01097,2026-08-11,C0005,Notebook Set,Stationery,Lahore,1,950,420,45
ORD01097,2026-08-11,C0005,Wireless Mouse,Electronics,Lahore,1,3200,2050,10
ORD01098,2026-06-10,C0206,Backpack,Accessories,Islamabad,3,6500,4100,0
ORD01098,2026-06-10,C0206,Water Bottle,Accessories,Islamabad,3,1800,800,45
ORD01098,2026-06-10,C0206,Notebook Set,Stationery,Islamabad,1,950,420,25
ORD01099,2025-03-09,C0349,USB Hub,Electronics,Faisalabad,1,4500,2850,10
ORD01100,2026-08-13,C0083,Wireless Mouse,Electronics,Lahore,2,3200,2050,0
ORD01100,2026-08-13,C0083,Desk Lamp,Home,Lahore,2,4800,2900,0
ORD01101,2026-08-07,C0398,Water Bottle,Accessories,Karachi,1,1800,800,25
ORD01101,2026-08-07,C0398,USB Hub,Electronics,Karachi,2,4500,2850,5
ORD01101,2026-08-07,C0398,Desk Lamp,Home,Karachi,2,4800,2900,25
ORD01102,2025-01-04,C0301,Water Bottle,Accessories,Faisalabad,4,1800,800,5
ORD01102,2025-01-04,C0301,Backpack,Accessories,Faisalabad,3,6500,4100,0
ORD01102,2025-01-04,C0301,USB Hub,Electronics,Faisalabad,2,4500,2850,0
ORD01103,2025-10-05,C0201,Backpack,Accessories,Islamabad,4,6500,4100,25
ORD01103,2025-10-05,C0201,Wireless Mouse,Electronics,Islamabad,1,3200,2050,0
ORD01104,2025-01-18,C0146,Water Bottle,Accessories,Lahore,1,1800,800,45
ORD01104,2025-01-18,C0146,Backpack,Accessories,Lahore,3,6500,4100,15
ORD01104,2025-01-18,C0146,Wireless Mouse,Electronics,Lahore,4,3200,2050,5
ORD01105,2025-06-29,C0062,USB Hub,Electronics,Faisalabad,4,4500,2850,5
ORD01105,2025-06-29,C0062,Desk Lamp,Home,Faisalabad,2,4800,2900,25
ORD01106,2025-05-25,C0010,Wireless Mouse,Electronics,Karachi,1,3200,2050,0
ORD01106,2025-05-25,C0010,Notebook Set,Stationery,Karachi,2,950,420,0
ORD01107,2025-01-18,C0074,Wireless Mouse,Electronics,Lahore,2,3200,2050,45
ORD01107,2025-01-18,C0074,USB Hub,Electronics,Lahore,1,4500,2850,0
ORD01107,2025-01-18,C0074,Notebook Set,Stationery,Lahore,4,950,420,0
ORD01108,2025-05-03,C0070,Backpack,Accessories,Lahore,3,6500,4100,0
ORD01109,2026-08-25,C0039,Wireless Mouse,Electronics,Islamabad,2,3200,2050,0
ORD01109,2026-08-25,C0039,USB Hub,Electronics,Islamabad,3,4500,2850,15
ORD01109,2026-08-25,C0039,Notebook Set,Stationery,Islamabad,1,950,420,0
ORD01110,2025-03-16,C0021,Backpack,Accessories,Islamabad,1,6500,4100,45
ORD01111,2026-04-09,C0150,Wireless Mouse,Electronics,Karachi,3,3200,2050,0
ORD01112,2026-02-12,C0153,USB Hub,Electronics,Lahore,3,4500,2850,25
ORD01112,2026-02-12,C0153,Notebook Set,Stationery,Lahore,2,950,420,25
ORD01113,2026-04-07,C0172,USB Hub,Electronics,Faisalabad,2,4500,2850,45
ORD01113,2026-04-07,C0172,Water Bottle,Accessories,Faisalabad,3,1800,800,15
ORD01113,2026-04-07,C0172,Wireless Mouse,Electronics,Faisalabad,1,3200,2050,10
ORD01114,2025-09-02,C0192,Water Bottle,Accessories,Karachi,3,1800,800,5
ORD01115,2025-02-17,C0306,Backpack,Accessories,Karachi,4,6500,4100,10
ORD01115,2025-02-17,C0306,Wireless Mouse,Electronics,Karachi,1,3200,2050,0
ORD01116,2025-02-05,C0201,USB Hub,Electronics,Karachi,1,4500,2850,5
ORD01117,2026-09-23,C0027,Backpack,Accessories,Lahore,1,6500,4100,45
ORD01118,2025-01-04,C0380,Wireless Mouse,Electronics,Islamabad,1,3200,2050,5
ORD01119,2025-08-01,C0257,Water Bottle,Accessories,Karachi,1,1800,800,0
ORD01119,2025-08-01,C0257,USB Hub,Electronics,Karachi,4,4500,2850,15
ORD01119,2025-08-01,C0257,Desk Lamp,Home,Karachi,1,4800,2900,45
ORD01120,2025-04-27,C0065,Backpack,Accessories,Karachi,2,6500,4100,15
ORD01120,2025-04-27,C0065,Wireless Mouse,Electronics,Karachi,2,3200,2050,15
ORD01120,2025-04-27,C0065,Water Bottle,Accessories,Karachi,3,1800,800,15
ORD01121,2025-09-11,C0310,USB Hub,Electronics,Islamabad,4,4500,2850,25
ORD01122,2026-04-13,C0307,USB Hub,Electronics,Faisalabad,1,4500,2850,5
ORD01123,2026-08-20,C0114,Desk Lamp,Home,Faisalabad,2,4800,2900,10
ORD01123,2026-08-20,C0114,Wireless Mouse,Electronics,Faisalabad,1,3200,2050,0
ORD01124,2025-01-03,C0121,USB Hub,Electronics,Faisalabad,1,4500,2850,10
ORD01125,2026-08-11,C0137,Desk Lamp,Home,Lahore,3,4800,2900,15
ORD01125,2026-08-11,C0137,Water Bottle,Accessories,Lahore,3,1800,800,25
ORD01126,2025-10-21,C0388,USB Hub,Electronics,Karachi,3,4500,2850,45
ORD01127,2025-09-10,C0170,Backpack,Accessories,Islamabad,2,6500,4100,0
ORD01127,2025-09-10,C0170,Notebook Set,Stationery,Islamabad,4,950,420,10
ORD01128,2026-03-27,C0237,USB Hub,Electronics,Karachi,4,4500,2850,10
ORD01128,2026-03-27,C0237,Notebook Set,Stationery,Karachi,2,950,420,25
ORD01128,2026-03-27,C0237,Desk Lamp,Home,Karachi,3,4800,2900,15
ORD01129,2026-03-14,C0080,Water Bottle,Accessories,Lahore,3,1800,800,25
ORD01129,2026-03-14,C0080,Backpack,Accessories,Lahore,3,6500,4100,0
ORD01129,2026-03-14,C0080,Wireless Mouse,Electronics,Lahore,4,3200,2050,0
ORD01130,2025-03-28,C0352,USB Hub,Electronics,Lahore,1,4500,2850,5
ORD01130,2025-03-28,C0352,Notebook Set,Stationery,Lahore,2,950,420,25
ORD01131,2026-01-22,C0060,Water Bottle,Accessories,Faisalabad,3,1800,800,5
ORD01131,2026-01-22,C0060,USB Hub,Electronics,Faisalabad,2,4500,2850,5
ORD01132,2025-12-23,C0197,Wireless Mouse,Electronics,Lahore,4,3200,2050,15
ORD01133,2025-09-05,C0159,Water Bottle,Accessories,Lahore,1,1800,800,0
ORD01134,2026-06-24,C0209,Notebook Set,Stationery,Lahore,3,950,420,15
ORD01134,2026-06-24,C0209,Backpack,Accessories,Lahore,4,6500,4100,0
ORD01135,2025-06-26,C0063,USB Hub,Electronics,Islamabad,1,4500,2850,10
ORD01135,2025-06-26,C0063,Desk Lamp,Home,Islamabad,2,4800,2900,5
ORD01136,2025-10-11,C0366,Backpack,Accessories,Lahore,1,6500,4100,0
ORD01137,2025-12-28,C0204,Water Bottle,Accessories,Islamabad,2,1800,800,0
ORD01138,2025-07-18,C0091,Notebook Set,Stationery,Karachi,4,950,420,10
ORD01138,2025-07-18,C0091,Water Bottle,Accessories,Karachi,4,1800,800,25
ORD01139,2026-06-08,C0091,Wireless Mouse,Electronics,Karachi,2,3200,2050,25
ORD01139,2026-06-08,C0091,Water Bottle,Accessories,Karachi,3,1800,800,0
ORD01140,2026-06-19,C0199,Desk Lamp,Home,Islamabad,1,4800,2900,25
ORD01140,2026-06-19,C0199,Notebook Set,Stationery,Islamabad,1,950,420,0
ORD01140,2026-06-19,C0199,Wireless Mouse,Electronics,Islamabad,3,3200,2050,0
ORD01141,2025-06-13,C0376,Water Bottle,Accessories,Islamabad,4,1800,800,0
ORD01141,2025-06-13,C0376,Desk Lamp,Home,Islamabad,1,4800,2900,10
ORD01141,2025-06-13,C0376,Backpack,Accessories,Islamabad,2,6500,4100,5
ORD01142,2025-08-16,C0119,USB Hub,Electronics,Faisalabad,4,4500,2850,0
ORD01142,2025-08-16,C0119,Water Bottle,Accessories,Faisalabad,4,1800,800,10
ORD01143,2026-04-01,C0099,Wireless Mouse,Electronics,Lahore,3,3200,2050,25
ORD01143,2026-04-01,C0099,Backpack,Accessories,Lahore,2,6500,4100,5
ORD01143,2026-04-01,C0099,Desk Lamp,Home,Lahore,4,4800,2900,0
ORD01144,2025-02-17,C0063,Desk Lamp,Home,Faisalabad,4,4800,2900,10
ORD01144,2025-02-17,C0063,Wireless Mouse,Electronics,Faisalabad,1,3200,2050,0
ORD01145,2026-01-29,C0238,Wireless Mouse,Electronics,Faisalabad,1,3200,2050,5
ORD01146,2026-04-09,C0266,Backpack,Accessories,Lahore,2,6500,4100,0
ORD01146,2026-04-09,C0266,Desk Lamp,Home,Lahore,2,4800,2900,25
ORD01147,2026-03-21,C0108,Notebook Set,Stationery,Faisalabad,4,950,420,0
ORD01147,2026-03-21,C0108,Wireless Mouse,Electronics,Faisalabad,3,3200,2050,25
ORD01148,2025-11-18,C0085,Notebook Set,Stationery,Faisalabad,2,950,420,45
ORD01149,2025-11-16,C0288,Backpack,Accessories,Faisalabad,1,6500,4100,0
ORD01149,2025-11-16,C0288,USB Hub,Electronics,Faisalabad,4,4500,2850,5
ORD01149,2025-11-16,C0288,Water Bottle,Accessories,Faisalabad,4,1800,800,45
ORD01150,2026-02-16,C0306,Water Bottle,Accessories,Karachi,4,1800,800,10
ORD01150,2026-02-16,C0306,USB Hub,Electronics,Karachi,4,4500,2850,10
ORD01151,2026-01-21,C0065,Wireless Mouse,Electronics,Karachi,4,3200,2050,0
ORD01151,2026-01-21,C0065,Backpack,Accessories,Karachi,2,6500,4100,0
ORD01151,2026-01-21,C0065,Water Bottle,Accessories,Karachi,3,1800,800,45
ORD01152,2025-04-11,C0130,Water Bottle,Accessories,Faisalabad,4,1800,800,0
ORD01153,2025-03-30,C0277,Backpack,Accessories,Lahore,3,6500,4100,45
ORD01153,2025-03-30,C0277,Wireless Mouse,Electronics,Lahore,2,3200,2050,15
ORD01154,2026-01-19,C0394,Notebook Set,Stationery,Lahore,3,950,420,45
ORD01155,2025-06-27,C0044,Desk Lamp,Home,Islamabad,4,4800,2900,25
ORD01155,2025-06-27,C0044,Water Bottle,Accessories,Islamabad,3,1800,800,0
ORD01156,2025-09-15,C0028,Notebook Set,Stationery,Lahore,2,950,420,10
ORD01156,2025-09-15,C0028,Wireless Mouse,Electronics,Lahore,2,3200,2050,10
ORD01157,2026-06-24,C0299,Desk Lamp,Home,Faisalabad,2,4800,2900,10
ORD01157,2026-06-24,C0299,Notebook Set,Stationery,Faisalabad,1,950,420,15
ORD01158,2026-04-01,C0211,Water Bottle,Accessories,Faisalabad,2,1800,800,0
ORD01158,2026-04-01,C0211,Backpack,Accessories,Faisalabad,4,6500,4100,15
ORD01158,2026-04-01,C0211,Wireless Mouse,Electronics,Faisalabad,4,3200,2050,45
ORD01159,2025-09-25,C0291,Backpack,Accessories,Islamabad,4,6500,4100,15
ORD01159,2025-09-25,C0291,USB Hub,Electronics,Islamabad,4,4500,2850,0
ORD01160,2026-05-02,C0157,Notebook Set,Stationery,Karachi,2,950,420,45
ORD01160,2026-05-02,C0157,Desk Lamp,Home,Karachi,1,4800,2900,10
ORD01160,2026-05-02,C0157,USB Hub,Electronics,Karachi,4,4500,2850,10
ORD01161,2025-12-28,C0140,Backpack,Accessories,Lahore,1,6500,4100,45
ORD01161,2025-12-28,C0140,USB Hub,Electronics,Lahore,4,4500,2850,45
ORD01162,2025-08-18,C0251,Desk Lamp,Home,Karachi,2,4800,2900,10
ORD01163,2025-03-19,C0281,Wireless Mouse,Electronics,Karachi,3,3200,2050,25
ORD01163,2025-03-19,C0281,Desk Lamp,Home,Karachi,2,4800,2900,15
ORD01163,2025-03-19,C0281,Water Bottle,Accessories,Karachi,1,1800,800,5
ORD01164,2025-07-08,C0269,Desk Lamp,Home,Faisalabad,4,4800,2900,10
ORD01165,2025-11-24,C0283,Desk Lamp,Home,Lahore,1,4800,2900,0
ORD01165,2025-11-24,C0283,Backpack,Accessories,Lahore,4,6500,4100,10
ORD01165,2025-11-24,C0283,Notebook Set,Stationery,Lahore,2,950,420,0
ORD01166,2025-03-23,C0368,Notebook Set,Stationery,Faisalabad,3,950,420,15
ORD01166,2025-03-23,C0368,Desk Lamp,Home,Faisalabad,4,4800,2900,5
ORD01167,2025-05-07,C0054,USB Hub,Electronics,Karachi,4,4500,2850,10
ORD01167,2025-05-07,C0054,Wireless Mouse,Electronics,Karachi,1,3200,2050,0
ORD01168,2025-12-22,C0216,Desk Lamp,Home,Faisalabad,1,4800,2900,10
ORD01168,2025-12-22,C0216,Water Bottle,Accessories,Faisalabad,1,1800,800,0
ORD01168,2025-12-22,C0216,Wireless Mouse,Electronics,Faisalabad,1,3200,2050,25
ORD01169,2026-02-10,C0385,Notebook Set,Stationery,Lahore,3,950,420,0
ORD01170,2025-05-16,C0169,Water Bottle,Accessories,Lahore,2,1800,800,45
ORD01170,2025-05-16,C0169,Backpack,Accessories,Lahore,3,6500,4100,10
ORD01171,2026-08-17,C0063,Water Bottle,Accessories,Lahore,4,1800,800,15
ORD01171,2026-08-17,C0063,Desk Lamp,Home,Lahore,3,4800,2900,0
ORD01172,2025-08-06,C0249,USB Hub,Electronics,Islamabad,4,4500,2850,0
ORD01172,2025-08-06,C0249,Water Bottle,Accessories,Islamabad,2,1800,800,0
ORD01172,2025-08-06,C0249,Notebook Set,Stationery,Islamabad,1,950,420,5
ORD01173,2025-03-24,C0187,Water Bottle,Accessories,Faisalabad,2,1800,800,15
ORD01174,2025-10-09,C0127,USB Hub,Electronics,Lahore,3,4500,2850,5
ORD01174,2025-10-09,C0127,Backpack,Accessories,Lahore,1,6500,4100,10
ORD01175,2026-07-09,C0126,Wireless Mouse,Electronics,Faisalabad,4,3200,2050,15
ORD01175,2026-07-09,C0126,USB Hub,Electronics,Faisalabad,4,4500,2850,25
ORD01175,2026-07-09,C0126,Notebook Set,Stationery,Faisalabad,4,950,420,25
ORD01176,2025-05-24,C0008,USB Hub,Electronics,Lahore,3,4500,2850,10
ORD01177,2025-01-06,C0274,Water Bottle,Accessories,Karachi,2,1800,800,10
ORD01177,2025-01-06,C0274,Desk Lamp,Home,Karachi,2,4800,2900,0
ORD01177,2025-01-06,C0274,Wireless Mouse,Electronics,Karachi,3,3200,2050,45
ORD01178,2026-04-22,C0295,USB Hub,Electronics,Karachi,4,4500,2850,10
ORD01179,2025-02-28,C0286,Wireless Mouse,Electronics,Faisalabad,3,3200,2050,5
ORD01180,2026-04-02,C0282,Backpack,Accessories,Karachi,2,6500,4100,25
ORD01181,2025-08-17,C0100,Notebook Set,Stationery,Faisalabad,2,950,420,0
ORD01181,2025-08-17,C0100,USB Hub,Electronics,Faisalabad,3,4500,2850,25
ORD01181,2025-08-17,C0100,Water Bottle,Accessories,Faisalabad,4,1800,800,15
ORD01182,2025-12-29,C0231,Wireless Mouse,Electronics,Lahore,4,3200,2050,25
ORD01183,2025-06-15,C0170,Notebook Set,Stationery,Karachi,2,950,420,15
ORD01184,2026-04-29,C0040,Water Bottle,Accessories,Karachi,3,1800,800,45
ORD01184,2026-04-29,C0040,USB Hub,Electronics,Karachi,4,4500,2850,0
ORD01184,2026-04-29,C0040,Backpack,Accessories,Karachi,1,6500,4100,15
ORD01185,2025-10-20,C0009,Backpack,Accessories,Karachi,4,6500,4100,15
ORD01185,2025-10-20,C0009,Desk Lamp,Home,Karachi,1,4800,2900,5
ORD01185,2025-10-20,C0009,USB Hub,Electronics,Karachi,4,4500,2850,0
ORD01186,2025-01-08,C0263,Notebook Set,Stationery,Karachi,1,950,420,5
ORD01187,2025-05-30,C0235,Wireless Mouse,Electronics,Islamabad,4,3200,2050,45
ORD01187,2025-05-30,C0235,Water Bottle,Accessories,Islamabad,4,1800,800,0
ORD01187,2025-05-30,C0235,Desk Lamp,Home,Islamabad,1,4800,2900,45
ORD01188,2026-08-25,C0101,Notebook Set,Stationery,Lahore,1,950,420,0
ORD01188,2026-08-25,C0101,USB Hub,Electronics,Lahore,4,4500,2850,0
ORD01188,2026-08-25,C0101,Backpack,Accessories,Lahore,1,6500,4100,25
ORD01189,2025-05-11,C0060,Backpack,Accessories,Lahore,3,6500,4100,25
ORD01189,2025-05-11,C0060,USB Hub,Electronics,Lahore,1,4500,2850,5
ORD01190,2025-07-13,C0027,Notebook Set,Stationery,Faisalabad,2,950,420,0
ORD01191,2026-07-31,C0088,Water Bottle,Accessories,Lahore,2,1800,800,0
ORD01191,2026-07-31,C0088,Wireless Mouse,Electronics,Lahore,1,3200,2050,0
ORD01192,2025-11-24,C0094,Desk Lamp,Home,Lahore,2,4800,2900,45
ORD01193,2025-07-15,C0282,Backpack,Accessories,Faisalabad,2,6500,4100,10
ORD01194,2025-04-20,C0187,Notebook Set,Stationery,Lahore,2,950,420,45
ORD01194,2025-04-20,C0187,Wireless Mouse,Electronics,Lahore,1,3200,2050,0
ORD01194,2025-04-20,C0187,Backpack,Accessories,Lahore,1,6500,4100,45
ORD01195,2026-04-03,C0208,Wireless Mouse,Electronics,Islamabad,4,3200,2050,45
ORD01196,2025-01-23,C0021,USB Hub,Electronics,Islamabad,4,4500,2850,0
ORD01197,2025-07-07,C0346,Wireless Mouse,Electronics,Karachi,4,3200,2050,45
ORD01198,2025-02-20,C0322,Notebook Set,Stationery,Lahore,2,950,420,25
ORD01199,2026-03-23,C0058,Wireless Mouse,Electronics,Islamabad,2,3200,2050,0
ORD01199,2026-03-23,C0058,Notebook Set,Stationery,Islamabad,1,950,420,10
ORD01199,2026-03-23,C0058,Desk Lamp,Home,Islamabad,4,4800,2900,15
ORD01200,2025-10-07,C0373,Notebook Set,Stationery,Islamabad,4,950,420,45
ORD01200,2025-10-07,C0373,Water Bottle,Accessories,Islamabad,2,1800,800,15
ORD01200,2025-10-07,C0373,Backpack,Accessories,Islamabad,1,6500,4100,10
ORD01201,2026-07-28,C0259,Notebook Set,Stationery,Karachi,3,950,420,0
ORD01201,2026-07-28,C0259,Desk Lamp,Home,Karachi,2,4800,2900,45
ORD01202,2026-04-29,C0166,Water Bottle,Accessories,Faisalabad,2,1800,800,25
ORD01203,2026-08-28,C0241,Wireless Mouse,Electronics,Islamabad,2,3200,2050,10
ORD01203,2026-08-28,C0241,Notebook Set,Stationery,Islamabad,1,950,420,0
ORD01203,2026-08-28,C0241,USB Hub,Electronics,Islamabad,4,4500,2850,25
ORD01204,2026-07-06,C0132,USB Hub,Electronics,Islamabad,2,4500,2850,25
ORD01204,2026-07-06,C0132,Desk Lamp,Home,Islamabad,4,4800,2900,45
ORD01204,2026-07-06,C0132,Backpack,Accessories,Islamabad,4,6500,4100,5
ORD01205,2026-05-14,C0098,Notebook Set,Stationery,Faisalabad,1,950,420,0
ORD01206,2025-09-09,C0221,Desk Lamp,Home,Lahore,4,4800,2900,25
ORD01206,2025-09-09,C0221,Wireless Mouse,Electronics,Lahore,1,3200,2050,0
ORD01206,2025-09-09,C0221,USB Hub,Electronics,Lahore,3,4500,2850,45
ORD01207,2025-03-12,C0089,Desk Lamp,Home,Islamabad,1,4800,2900,10
ORD01208,2026-04-02,C0165,Wireless Mouse,Electronics,Karachi,1,3200,2050,45
ORD01208,2026-04-02,C0165,Notebook Set,Stationery,Karachi,3,950,420,0
ORD01209,2025-07-12,C0165,Wireless Mouse,Electronics,Lahore,4,3200,2050,5
ORD01209,2025-07-12,C0165,Desk Lamp,Home,Lahore,2,4800,2900,0
ORD01209,2025-07-12,C0165,Backpack,Accessories,Lahore,1,6500,4100,0
ORD01210,2025-10-01,C0248,Water Bottle,Accessories,Lahore,4,1800,800,15
ORD01211,2025-11-29,C0234,Notebook Set,Stationery,Karachi,3,950,420,15
ORD01212,2026-03-09,C0244,USB Hub,Electronics,Lahore,1,4500,2850,25
ORD01212,2026-03-09,C0244,Backpack,Accessories,Lahore,2,6500,4100,0
ORD01213,2025-11-09,C0049,Desk Lamp,Home,Faisalabad,1,4800,2900,15
ORD01213,2025-11-09,C0049,Wireless Mouse,Electronics,Faisalabad,4,3200,2050,15
ORD01213,2025-11-09,C0049,Backpack,Accessories,Faisalabad,1,6500,4100,25
ORD01214,2025-08-05,C0295,Wireless Mouse,Electronics,Islamabad,1,3200,2050,0
ORD01215,2025-07-11,C0011,Wireless Mouse,Electronics,Faisalabad,4,3200,2050,15
ORD01215,2025-07-11,C0011,USB Hub,Electronics,Faisalabad,3,4500,2850,10
ORD01215,2025-07-11,C0011,Desk Lamp,Home,Faisalabad,3,4800,2900,5
ORD01216,2025-11-29,C0368,Backpack,Accessories,Karachi,4,6500,4100,45
ORD01217,2025-12-12,C0316,Notebook Set,Stationery,Karachi,4,950,420,5
ORD01217,2025-12-12,C0316,Desk Lamp,Home,Karachi,1,4800,2900,25
ORD01218,2026-06-27,C0374,Backpack,Accessories,Karachi,1,6500,4100,0
ORD01218,2026-06-27,C0374,Notebook Set,Stationery,Karachi,4,950,420,25
ORD01218,2026-06-27,C0374,USB Hub,Electronics,Karachi,1,4500,2850,5
ORD01219,2025-06-06,C0129,Notebook Set,Stationery,Islamabad,3,950,420,0
ORD01219,2025-06-06,C0129,Water Bottle,Accessories,Islamabad,1,1800,800,5
ORD01220,2025-10-05,C0399,Water Bottle,Accessories,Faisalabad,3,1800,800,15
ORD01220,2025-10-05,C0399,Wireless Mouse,Electronics,Faisalabad,1,3200,2050,45
ORD01221,2025-11-11,C0238,Water Bottle,Accessories,Lahore,4,1800,800,25
ORD01221,2025-11-11,C0238,Notebook Set,Stationery,Lahore,4,950,420,5
ORD01221,2025-11-11,C0238,Desk Lamp,Home,Lahore,3,4800,2900,10
ORD01222,2025-10-31,C0236,Wireless Mouse,Electronics,Karachi,2,3200,2050,10
ORD01222,2025-10-31,C0236,USB Hub,Electronics,Karachi,1,4500,2850,0
ORD01222,2025-10-31,C0236,Water Bottle,Accessories,Karachi,3,1800,800,5
ORD01223,2025-11-03,C0050,USB Hub,Electronics,Karachi,3,4500,2850,10
ORD01223,2025-11-03,C0050,Water Bottle,Accessories,Karachi,4,1800,800,0
ORD01223,2025-11-03,C0050,Notebook Set,Stationery,Karachi,1,950,420,5
ORD01224,2025-10-20,C0357,Wireless Mouse,Electronics,Karachi,3,3200,2050,15
ORD01224,2025-10-20,C0357,Notebook Set,Stationery,Karachi,2,950,420,0
ORD01225,2025-04-08,C0062,Wireless Mouse,Electronics,Islamabad,3,3200,2050,5
ORD01225,2025-04-08,C0062,Backpack,Accessories,Islamabad,4,6500,4100,15
ORD01225,2025-04-08,C0062,Desk Lamp,Home,Islamabad,3,4800,2900,5
ORD01226,2026-06-21,C0211,Water Bottle,Accessories,Islamabad,1,1800,800,5
ORD01226,2026-06-21,C0211,Notebook Set,Stationery,Islamabad,2,950,420,5
ORD01227,2025-02-15,C0052,Notebook Set,Stationery,Karachi,1,950,420,0
ORD01227,2025-02-15,C0052,Wireless Mouse,Electronics,Karachi,2,3200,2050,0
ORD01228,2026-04-25,C0029,USB Hub,Electronics,Islamabad,4,4500,2850,25
ORD01228,2026-04-25,C0029,Backpack,Accessories,Islamabad,1,6500,4100,25
ORD01229,2025-10-22,C0040,Water Bottle,Accessories,Islamabad,4,1800,800,5
ORD01229,2025-10-22,C0040,Wireless Mouse,Electronics,Islamabad,2,3200,2050,5
ORD01229,2025-10-22,C0040,USB Hub,Electronics,Islamabad,3,4500,2850,0
ORD01230,2025-08-20,C0123,Water Bottle,Accessories,Lahore,2,1800,800,15
ORD01230,2025-08-20,C0123,Wireless Mouse,Electronics,Lahore,1,3200,2050,10
ORD01230,2025-08-20,C0123,USB Hub,Electronics,Lahore,4,4500,2850,10
ORD01231,2025-03-13,C0277,Notebook Set,Stationery,Lahore,2,950,420,0
ORD01232,2026-05-11,C0240,Water Bottle,Accessories,Faisalabad,2,1800,800,25
ORD01232,2026-05-11,C0240,Notebook Set,Stationery,Faisalabad,2,950,420,45
ORD01233,2025-07-01,C0166,Water Bottle,Accessories,Faisalabad,1,1800,800,0
ORD01234,2026-01-13,C0238,Notebook Set,Stationery,Faisalabad,1,950,420,25
ORD01234,2026-01-13,C0238,Backpack,Accessories,Faisalabad,2,6500,4100,10
ORD01234,2026-01-13,C0238,Desk Lamp,Home,Faisalabad,2,4800,2900,25
ORD01235,2025-06-20,C0157,Wireless Mouse,Electronics,Lahore,2,3200,2050,45
ORD01235,2025-06-20,C0157,Backpack,Accessories,Lahore,4,6500,4100,0
ORD01236,2025-11-26,C0212,Wireless Mouse,Electronics,Karachi,3,3200,2050,25
ORD01236,2025-11-26,C0212,Backpack,Accessories,Karachi,2,6500,4100,5
ORD01236,2025-11-26,C0212,Desk Lamp,Home,Karachi,1,4800,2900,5
ORD01237,2026-01-06,C0247,Backpack,Accessories,Karachi,3,6500,4100,0
ORD01238,2025-11-19,C0039,Backpack,Accessories,Karachi,1,6500,4100,25
ORD01238,2025-11-19,C0039,USB Hub,Electronics,Karachi,2,4500,2850,5
ORD01239,2026-05-18,C0131,Wireless Mouse,Electronics,Lahore,3,3200,2050,10
ORD01239,2026-05-18,C0131,Notebook Set,Stationery,Lahore,4,950,420,45
ORD01239,2026-05-18,C0131,USB Hub,Electronics,Lahore,1,4500,2850,0
ORD01240,2025-12-21,C0381,Notebook Set,Stationery,Lahore,2,950,420,10
ORD01240,2025-12-21,C0381,Desk Lamp,Home,Lahore,4,4800,2900,5
ORD01241,2025-01-14,C0354,Backpack,Accessories,Karachi,2,6500,4100,25
ORD01241,2025-01-14,C0354,Notebook Set,Stationery,Karachi,4,950,420,25
ORD01241,2025-01-14,C0354,Wireless Mouse,Electronics,Karachi,1,3200,2050,15
ORD01242,2025-07-02,C0032,Wireless Mouse,Electronics,Karachi,3,3200,2050,10
ORD01243,2025-09-11,C0077,Desk Lamp,Home,Faisalabad,1,4800,2900,0
ORD01243,2025-09-11,C0077,Notebook Set,Stationery,Faisalabad,4,950,420,5
ORD01244,2026-02-24,C0393,Notebook Set,Stationery,Faisalabad,2,950,420,0
ORD01245,2026-05-06,C0230,Backpack,Accessories,Karachi,4,6500,4100,25
ORD01245,2026-05-06,C0230,Wireless Mouse,Electronics,Karachi,3,3200,2050,0
ORD01246,2026-04-21,C0301,Wireless Mouse,Electronics,Karachi,4,3200,2050,45
ORD01246,2026-04-21,C0301,Backpack,Accessories,Karachi,2,6500,4100,5
ORD01247,2026-08-07,C0065,Desk Lamp,Home,Karachi,3,4800,2900,5
ORD01248,2026-09-20,C0357,Water Bottle,Accessories,Faisalabad,1,1800,800,5
ORD01248,2026-09-20,C0357,USB Hub,Electronics,Faisalabad,2,4500,2850,15
ORD01248,2026-09-20,C0357,Notebook Set,Stationery,Faisalabad,4,950,420,0
ORD01249,2026-01-19,C0089,Desk Lamp,Home,Lahore,4,4800,2900,5
ORD01249,2026-01-19,C0089,Notebook Set,Stationery,Lahore,4,950,420,25
ORD01250,2025-08-25,C0231,Desk Lamp,Home,Islamabad,1,4800,2900,5
ORD01250,2025-08-25,C0231,Notebook Set,Stationery,Islamabad,4,950,420,0
ORD01251,2025-04-25,C0132,Desk Lamp,Home,Islamabad,1,4800,2900,5
ORD01252,2025-05-19,C0333,Water Bottle,Accessories,Faisalabad,2,1800,800,10
ORD01252,2025-05-19,C0333,Wireless Mouse,Electronics,Faisalabad,2,3200,2050,5
ORD01253,2025-06-30,C0208,Notebook Set,Stationery,Islamabad,3,950,420,15
ORD01254,2025-12-26,C0211,Desk Lamp,Home,Islamabad,1,4800,2900,5
ORD01254,2025-12-26,C0211,Notebook Set,Stationery,Islamabad,1,950,420,0
ORD01255,2025-09-25,C0201,Water Bottle,Accessories,Faisalabad,2,1800,800,25
ORD01256,2026-03-09,C0389,Backpack,Accessories,Lahore,1,6500,4100,25
ORD01256,2026-03-09,C0389,Wireless Mouse,Electronics,Lahore,3,3200,2050,45
ORD01256,2026-03-09,C0389,USB Hub,Electronics,Lahore,3,4500,2850,45
ORD01257,2026-07-20,C0171,USB Hub,Electronics,Islamabad,3,4500,2850,10
ORD01258,2026-02-05,C0111,Water Bottle,Accessories,Islamabad,4,1800,800,0
ORD01258,2026-02-05,C0111,Desk Lamp,Home,Islamabad,1,4800,2900,0
ORD01259,2025-03-07,C0050,Notebook Set,Stationery,Faisalabad,4,950,420,5
ORD01259,2025-03-07,C0050,Water Bottle,Accessories,Faisalabad,2,1800,800,25
ORD01259,2025-03-07,C0050,Wireless Mouse,Electronics,Faisalabad,3,3200,2050,25
ORD01260,2026-03-20,C0336,Notebook Set,Stationery,Karachi,3,950,420,25
ORD01261,2025-06-20,C0299,Water Bottle,Accessories,Faisalabad,3,1800,800,0
ORD01261,2025-06-20,C0299,Backpack,Accessories,Faisalabad,3,6500,4100,15
ORD01261,2025-06-20,C0299,USB Hub,Electronics,Faisalabad,3,4500,2850,5
ORD01262,2026-04-18,C0029,Notebook Set,Stationery,Islamabad,1,950,420,0
ORD01262,2026-04-18,C0029,USB Hub,Electronics,Islamabad,3,4500,2850,15
ORD01262,2026-04-18,C0029,Backpack,Accessories,Islamabad,3,6500,4100,25
ORD01263,2025-04-16,C0317,Notebook Set,Stationery,Islamabad,2,950,420,0
ORD01263,2025-04-16,C0317,Backpack,Accessories,Islamabad,1,6500,4100,5
ORD01264,2025-06-16,C0207,Desk Lamp,Home,Faisalabad,1,4800,2900,45
ORD01265,2026-03-24,C0097,Backpack,Accessories,Karachi,3,6500,4100,0
ORD01265,2026-03-24,C0097,Notebook Set,Stationery,Karachi,3,950,420,0
ORD01265,2026-03-24,C0097,Desk Lamp,Home,Karachi,4,4800,2900,45
ORD01266,2025-12-26,C0259,USB Hub,Electronics,Lahore,3,4500,2850,10
ORD01266,2025-12-26,C0259,Desk Lamp,Home,Lahore,2,4800,2900,15
ORD01266,2025-12-26,C0259,Water Bottle,Accessories,Lahore,4,1800,800,5
ORD01267,2026-05-09,C0310,Backpack,Accessories,Faisalabad,4,6500,4100,45
ORD01267,2026-05-09,C0310,USB Hub,Electronics,Faisalabad,3,4500,2850,15
ORD01267,2026-05-09,C0310,Water Bottle,Accessories,Faisalabad,4,1800,800,5
ORD01268,2025-03-18,C0354,Wireless Mouse,Electronics,Islamabad,2,3200,2050,5
ORD01268,2025-03-18,C0354,Backpack,Accessories,Islamabad,4,6500,4100,10
ORD01269,2025-03-31,C0146,Notebook Set,Stationery,Lahore,3,950,420,10
ORD01269,2025-03-31,C0146,USB Hub,Electronics,Lahore,2,4500,2850,15
ORD01269,2025-03-31,C0146,Desk Lamp,Home,Lahore,1,4800,2900,45
ORD01270,2025-12-27,C0092,Wireless Mouse,Electronics,Islamabad,3,3200,2050,25
ORD01270,2025-12-27,C0092,Notebook Set,Stationery,Islamabad,4,950,420,5
ORD01270,2025-12-27,C0092,Backpack,Accessories,Islamabad,3,6500,4100,0
ORD01271,2026-06-23,C0381,USB Hub,Electronics,Karachi,4,4500,2850,45
ORD01271,2026-06-23,C0381,Wireless Mouse,Electronics,Karachi,1,3200,2050,25
ORD01272,2026-05-17,C0002,USB Hub,Electronics,Islamabad,3,4500,2850,0
ORD01272,2026-05-17,C0002,Wireless Mouse,Electronics,Islamabad,2,3200,2050,25
ORD01273,2026-09-28,C0127,Wireless Mouse,Electronics,Faisalabad,1,3200,2050,0
ORD01273,2026-09-28,C0127,Backpack,Accessories,Faisalabad,1,6500,4100,10
ORD01274,2025-02-06,C0373,Desk Lamp,Home,Lahore,4,4800,2900,45
ORD01275,2025-06-10,C0208,Wireless Mouse,Electronics,Faisalabad,2,3200,2050,45
ORD01275,2025-06-10,C0208,USB Hub,Electronics,Faisalabad,4,4500,2850,10
ORD01275,2025-06-10,C0208,Water Bottle,Accessories,Faisalabad,3,1800,800,5
ORD01276,2026-04-20,C0036,Notebook Set,Stationery,Faisalabad,1,950,420,45
ORD01276,2026-04-20,C0036,Desk Lamp,Home,Faisalabad,3,4800,2900,10
ORD01277,2026-06-18,C0325,Desk Lamp,Home,Lahore,1,4800,2900,15
ORD01278,2025-12-04,C0216,Backpack,Accessories,Lahore,3,6500,4100,0
ORD01278,2025-12-04,C0216,Wireless Mouse,Electronics,Lahore,4,3200,2050,45
ORD01278,2025-12-04,C0216,Notebook Set,Stationery,Lahore,3,950,420,5
ORD01279,2025-12-02,C0011,Wireless Mouse,Electronics,Islamabad,3,3200,2050,10
ORD01280,2026-09-22,C0204,Notebook Set,Stationery,Faisalabad,1,950,420,10
ORD01280,2026-09-22,C0204,Desk Lamp,Home,Faisalabad,2,4800,2900,15
ORD01280,2026-09-22,C0204,USB Hub,Electronics,Faisalabad,1,4500,2850,0
ORD01281,2026-03-01,C0245,Wireless Mouse,Electronics,Faisalabad,1,3200,2050,10
ORD01281,2026-03-01,C0245,Water Bottle,Accessories,Faisalabad,1,1800,800,10
ORD01281,2026-03-01,C0245,Backpack,Accessories,Faisalabad,1,6500,4100,10
ORD01282,2026-02-04,C0072,Water Bottle,Accessories,Lahore,1,1800,800,15
ORD01282,2026-02-04,C0072,Desk Lamp,Home,Lahore,1,4800,2900,0
ORD01282,2026-02-04,C0072,Notebook Set,Stationery,Lahore,2,950,420,0
ORD01283,2025-10-19,C0093,Wireless Mouse,Electronics,Lahore,2,3200,2050,5
ORD01283,2025-10-19,C0093,Backpack,Accessories,Lahore,3,6500,4100,10
ORD01283,2025-10-19,C0093,USB Hub,Electronics,Lahore,2,4500,2850,45
ORD01284,2026-09-18,C0133,Water Bottle,Accessories,Lahore,1,1800,800,0
ORD01284,2026-09-18,C0133,Desk Lamp,Home,Lahore,1,4800,2900,5
ORD01285,2025-07-21,C0343,Water Bottle,Accessories,Faisalabad,3,1800,800,5
ORD01286,2025-09-17,C0177,USB Hub,Electronics,Lahore,2,4500,2850,5
ORD01286,2025-09-17,C0177,Desk Lamp,Home,Lahore,1,4800,2900,25
ORD01286,2025-09-17,C0177,Wireless Mouse,Electronics,Lahore,4,3200,2050,25
ORD01287,2025-11-30,C0379,USB Hub,Electronics,Karachi,3,4500,2850,25
ORD01287,2025-11-30,C0379,Wireless Mouse,Electronics,Karachi,1,3200,2050,15
ORD01288,2025-07-13,C0160,USB Hub,Electronics,Islamabad,2,4500,2850,10
ORD01289,2026-06-04,C0092,Desk Lamp,Home,Karachi,4,4800,2900,0
ORD01289,2026-06-04,C0092,Wireless Mouse,Electronics,Karachi,4,3200,2050,5
ORD01289,2026-06-04,C0092,Water Bottle,Accessories,Karachi,4,1800,800,45
ORD01290,2025-05-13,C0376,Wireless Mouse,Electronics,Islamabad,1,3200,2050,0
ORD01290,2025-05-13,C0376,USB Hub,Electronics,Islamabad,4,4500,2850,5
ORD01290,2025-05-13,C0376,Backpack,Accessories,Islamabad,2,6500,4100,10
ORD01291,2026-03-31,C0230,Backpack,Accessories,Islamabad,2,6500,4100,15
ORD01291,2026-03-31,C0230,Desk Lamp,Home,Islamabad,2,4800,2900,0
ORD01291,2026-03-31,C0230,Water Bottle,Accessories,Islamabad,2,1800,800,0
ORD01292,2025-05-30,C0314,Desk Lamp,Home,Lahore,4,4800,2900,0
ORD01292,2025-05-30,C0314,USB Hub,Electronics,Lahore,4,4500,2850,0
ORD01292,2025-05-30,C0314,Water Bottle,Accessories,Lahore,2,1800,800,0
ORD01293,2026-09-01,C0257,Notebook Set,Stationery,Faisalabad,1,950,420,45
ORD01293,2026-09-01,C0257,Wireless Mouse,Electronics,Faisalabad,4,3200,2050,10
ORD01294,2026-01-08,C0282,Backpack,Accessories,Islamabad,4,6500,4100,25
ORD01295,2026-01-16,C0359,Notebook Set,Stationery,Islamabad,1,950,420,5
ORD01295,2026-01-16,C0359,USB Hub,Electronics,Islamabad,3,4500,2850,25
ORD01296,2025-09-12,C0258,Water Bottle,Accessories,Lahore,3,1800,800,45
ORD01297,2025-05-19,C0117,Backpack,Accessories,Faisalabad,4,6500,4100,10
ORD01297,2025-05-19,C0117,USB Hub,Electronics,Faisalabad,2,4500,2850,45
ORD01297,2025-05-19,C0117,Desk Lamp,Home,Faisalabad,2,4800,2900,10
ORD01298,2026-03-01,C0375,Desk Lamp,Home,Lahore,3,4800,2900,0
ORD01298,2026-03-01,C0375,Water Bottle,Accessories,Lahore,2,1800,800,0
ORD01298,2026-03-01,C0375,Wireless Mouse,Electronics,Lahore,2,3200,2050,15
ORD01299,2026-05-28,C0063,USB Hub,Electronics,Islamabad,4,4500,2850,5
ORD01299,2026-05-28,C0063,Desk Lamp,Home,Islamabad,1,4800,2900,25
ORD01300,2026-06-28,C0226,Notebook Set,Stationery,Islamabad,2,950,420,25
ORD01301,2025-08-13,C0292,Backpack,Accessories,Karachi,3,6500,4100,0
ORD01301,2025-08-13,C0292,Desk Lamp,Home,Karachi,4,4800,2900,25
ORD01302,2026-01-05,C0364,USB Hub,Electronics,Faisalabad,2,4500,2850,25
ORD01303,2026-07-06,C0382,Wireless Mouse,Electronics,Karachi,1,3200,2050,45
ORD01304,2026-01-10,C0141,Backpack,Accessories,Karachi,2,6500,4100,25
ORD01305,2025-01-14,C0373,Desk Lamp,Home,Lahore,1,4800,2900,10
ORD01305,2025-01-14,C0373,USB Hub,Electronics,Lahore,3,4500,2850,10
ORD01306,2025-01-14,C0072,Backpack,Accessories,Islamabad,1,6500,4100,25
ORD01307,2025-05-01,C0260,Water Bottle,Accessories,Faisalabad,1,1800,800,45
ORD01307,2025-05-01,C0260,Wireless Mouse,Electronics,Faisalabad,4,3200,2050,45
ORD01308,2026-08-12,C0235,Water Bottle,Accessories,Karachi,2,1800,800,15
ORD01308,2026-08-12,C0235,Desk Lamp,Home,Karachi,2,4800,2900,5
ORD01309,2025-05-26,C0027,USB Hub,Electronics,Lahore,2,4500,2850,5
ORD01309,2025-05-26,C0027,Desk Lamp,Home,Lahore,1,4800,2900,10
ORD01310,2026-02-25,C0141,Desk Lamp,Home,Islamabad,1,4800,2900,10
ORD01310,2026-02-25,C0141,USB Hub,Electronics,Islamabad,2,4500,2850,25
ORD01311,2025-07-15,C0383,Notebook Set,Stationery,Islamabad,4,950,420,0
ORD01312,2026-03-26,C0314,Notebook Set,Stationery,Islamabad,2,950,420,5
ORD01313,2026-07-15,C0003,Backpack,Accessories,Islamabad,3,6500,4100,0
ORD01313,2026-07-15,C0003,Water Bottle,Accessories,Islamabad,1,1800,800,45
ORD01313,2026-07-15,C0003,USB Hub,Electronics,Islamabad,1,4500,2850,5
ORD01314,2026-02-02,C0231,Backpack,Accessories,Islamabad,3,6500,4100,25
ORD01314,2026-02-02,C0231,USB Hub,Electronics,Islamabad,4,4500,2850,0
ORD01314,2026-02-02,C0231,Water Bottle,Accessories,Islamabad,4,1800,800,15
ORD01315,2026-07-27,C0287,Desk Lamp,Home,Faisalabad,1,4800,2900,0
ORD01316,2025-05-17,C0177,Backpack,Accessories,Lahore,4,6500,4100,0
ORD01317,2025-11-23,C0264,USB Hub,Electronics,Islamabad,1,4500,2850,0
ORD01318,2025-07-23,C0342,USB Hub,Electronics,Lahore,4,4500,2850,0
ORD01318,2025-07-23,C0342,Desk Lamp,Home,Lahore,3,4800,2900,5
ORD01318,2025-07-23,C0342,Backpack,Accessories,Lahore,4,6500,4100,15
ORD01319,2026-01-09,C0313,Notebook Set,Stationery,Faisalabad,2,950,420,5
ORD01319,2026-01-09,C0313,Backpack,Accessories,Faisalabad,4,6500,4100,45
ORD01320,2025-12-30,C0042,Backpack,Accessories,Karachi,1,6500,4100,10
ORD01320,2025-12-30,C0042,USB Hub,Electronics,Karachi,3,4500,2850,45
ORD01321,2025-04-01,C0352,Water Bottle,Accessories,Lahore,4,1800,800,45
ORD01322,2026-01-19,C0247,Notebook Set,Stationery,Islamabad,2,950,420,15
ORD01322,2026-01-19,C0247,Desk Lamp,Home,Islamabad,3,4800,2900,10
ORD01323,2026-01-26,C0020,Desk Lamp,Home,Karachi,3,4800,2900,5
ORD01323,2026-01-26,C0020,Water Bottle,Accessories,Karachi,1,1800,800,25
ORD01324,2026-07-18,C0196,Notebook Set,Stationery,Faisalabad,1,950,420,0
ORD01324,2026-07-18,C0196,Desk Lamp,Home,Faisalabad,4,4800,2900,5
ORD01324,2026-07-18,C0196,Wireless Mouse,Electronics,Faisalabad,2,3200,2050,15
ORD01325,2025-08-21,C0366,Desk Lamp,Home,Islamabad,4,4800,2900,5
ORD01325,2025-08-21,C0366,Water Bottle,Accessories,Islamabad,1,1800,800,45
ORD01326,2025-06-02,C0339,USB Hub,Electronics,Islamabad,1,4500,2850,5
ORD01327,2025-08-16,C0263,USB Hub,Electronics,Islamabad,3,4500,2850,0
ORD01327,2025-08-16,C0263,Notebook Set,Stationery,Islamabad,1,950,420,25
ORD01328,2025-04-11,C0309,Water Bottle,Accessories,Lahore,1,1800,800,45
ORD01329,2025-08-11,C0319,Desk Lamp,Home,Faisalabad,3,4800,2900,45
ORD01330,2025-04-30,C0075,Desk Lamp,Home,Karachi,1,4800,2900,25
ORD01331,2026-05-24,C0058,Backpack,Accessories,Islamabad,3,6500,4100,0
ORD01331,2026-05-24,C0058,Water Bottle,Accessories,Islamabad,1,1800,800,15
ORD01332,2026-08-03,C0160,Notebook Set,Stationery,Islamabad,4,950,420,15
ORD01333,2025-03-14,C0352,Desk Lamp,Home,Faisalabad,2,4800,2900,0
ORD01333,2025-03-14,C0352,Backpack,Accessories,Faisalabad,1,6500,4100,25
ORD01334,2026-05-18,C0309,Notebook Set,Stationery,Lahore,1,950,420,5
ORD01335,2025-12-23,C0113,Water Bottle,Accessories,Lahore,2,1800,800,15
ORD01335,2025-12-23,C0113,Backpack,Accessories,Lahore,1,6500,4100,25
ORD01336,2026-07-09,C0011,Notebook Set,Stationery,Faisalabad,3,950,420,5
ORD01337,2025-05-10,C0019,Notebook Set,Stationery,Islamabad,2,950,420,45
ORD01338,2026-08-17,C0328,Desk Lamp,Home,Islamabad,2,4800,2900,10
ORD01338,2026-08-17,C0328,Wireless Mouse,Electronics,Islamabad,1,3200,2050,0
ORD01339,2026-02-09,C0171,Wireless Mouse,Electronics,Islamabad,4,3200,2050,10
ORD01340,2025-08-19,C0115,Desk Lamp,Home,Islamabad,1,4800,2900,15
ORD01340,2025-08-19,C0115,Water Bottle,Accessories,Islamabad,4,1800,800,10
ORD01341,2025-01-20,C0053,Water Bottle,Accessories,Islamabad,4,1800,800,0
ORD01341,2025-01-20,C0053,Notebook Set,Stationery,Islamabad,1,950,420,5
ORD01341,2025-01-20,C0053,Wireless Mouse,Electronics,Islamabad,2,3200,2050,25
ORD01342,2025-12-09,C0008,Notebook Set,Stationery,Karachi,1,950,420,0
ORD01342,2025-12-09,C0008,Water Bottle,Accessories,Karachi,3,1800,800,0
ORD01342,2025-12-09,C0008,Desk Lamp,Home,Karachi,3,4800,2900,45
ORD01343,2026-03-21,C0231,USB Hub,Electronics,Lahore,3,4500,2850,0
ORD01343,2026-03-21,C0231,Notebook Set,Stationery,Lahore,1,950,420,0
ORD01344,2025-06-26,C0134,Notebook Set,Stationery,Islamabad,3,950,420,45
ORD01344,2025-06-26,C0134,USB Hub,Electronics,Islamabad,2,4500,2850,25
ORD01345,2025-09-26,C0074,Water Bottle,Accessories,Lahore,1,1800,800,25
ORD01346,2026-05-15,C0176,Desk Lamp,Home,Faisalabad,4,4800,2900,10
ORD01346,2026-05-15,C0176,Notebook Set,Stationery,Faisalabad,1,950,420,25
ORD01346,2026-05-15,C0176,Backpack,Accessories,Faisalabad,2,6500,4100,10
ORD01347,2026-02-25,C0059,Water Bottle,Accessories,Lahore,4,1800,800,5
ORD01348,2025-09-29,C0163,Backpack,Accessories,Karachi,3,6500,4100,45
ORD01348,2025-09-29,C0163,Desk Lamp,Home,Karachi,1,4800,2900,0
ORD01349,2025-12-02,C0048,Notebook Set,Stationery,Lahore,1,950,420,10
ORD01349,2025-12-02,C0048,USB Hub,Electronics,Lahore,1,4500,2850,45
ORD01349,2025-12-02,C0048,Desk Lamp,Home,Lahore,2,4800,2900,0
ORD01350,2025-01-10,C0054,USB Hub,Electronics,Lahore,4,4500,2850,25
ORD01351,2026-09-03,C0360,Backpack,Accessories,Karachi,4,6500,4100,0
ORD01351,2026-09-03,C0360,Desk Lamp,Home,Karachi,4,4800,2900,45
ORD01352,2025-12-09,C0143,Desk Lamp,Home,Karachi,3,4800,2900,10
ORD01353,2025-05-22,C0217,Wireless Mouse,Electronics,Faisalabad,4,3200,2050,25
ORD01354,2026-01-03,C0363,Desk Lamp,Home,Islamabad,2,4800,2900,25
ORD01354,2026-01-03,C0363,USB Hub,Electronics,Islamabad,3,4500,2850,0
ORD01355,2025-04-13,C0238,Water Bottle,Accessories,Islamabad,1,1800,800,0
ORD01355,2025-04-13,C0238,Desk Lamp,Home,Islamabad,4,4800,2900,15
ORD01356,2025-10-22,C0084,Wireless Mouse,Electronics,Lahore,3,3200,2050,0
ORD01357,2025-03-23,C0114,USB Hub,Electronics,Islamabad,1,4500,2850,15
ORD01357,2025-03-23,C0114,Wireless Mouse,Electronics,Islamabad,4,3200,2050,10
ORD01358,2025-04-14,C0124,Backpack,Accessories,Islamabad,3,6500,4100,25
ORD01358,2025-04-14,C0124,Water Bottle,Accessories,Islamabad,3,1800,800,0
ORD01358,2025-04-14,C0124,USB Hub,Electronics,Islamabad,4,4500,2850,0
ORD01359,2025-09-29,C0174,Notebook Set,Stationery,Faisalabad,2,950,420,0
ORD01360,2025-05-23,C0169,USB Hub,Electronics,Faisalabad,4,4500,2850,15
ORD01360,2025-05-23,C0169,Water Bottle,Accessories,Faisalabad,3,1800,800,0
ORD01361,2026-04-03,C0020,Water Bottle,Accessories,Islamabad,2,1800,800,15
ORD01361,2026-04-03,C0020,Backpack,Accessories,Islamabad,2,6500,4100,5
ORD01362,2025-11-09,C0215,Water Bottle,Accessories,Lahore,1,1800,800,15
ORD01362,2025-11-09,C0215,Desk Lamp,Home,Lahore,3,4800,2900,45
ORD01363,2025-06-30,C0216,USB Hub,Electronics,Islamabad,3,4500,2850,10
ORD01363,2025-06-30,C0216,Water Bottle,Accessories,Islamabad,2,1800,800,0
ORD01363,2025-06-30,C0216,Notebook Set,Stationery,Islamabad,3,950,420,25
ORD01364,2025-01-25,C0237,Notebook Set,Stationery,Faisalabad,3,950,420,0
ORD01364,2025-01-25,C0237,USB Hub,Electronics,Faisalabad,1,4500,2850,0
ORD01365,2026-08-19,C0313,Desk Lamp,Home,Karachi,4,4800,2900,5
ORD01365,2026-08-19,C0313,Water Bottle,Accessories,Karachi,2,1800,800,25
ORD01366,2025-10-22,C0151,Wireless Mouse,Electronics,Karachi,2,3200,2050,0
ORD01366,2025-10-22,C0151,Notebook Set,Stationery,Karachi,2,950,420,5
ORD01367,2025-08-22,C0364,Water Bottle,Accessories,Islamabad,3,1800,800,0
ORD01367,2025-08-22,C0364,Desk Lamp,Home,Islamabad,4,4800,2900,5
ORD01368,2025-07-07,C0024,Water Bottle,Accessories,Faisalabad,2,1800,800,0
ORD01368,2025-07-07,C0024,Desk Lamp,Home,Faisalabad,1,4800,2900,0
ORD01369,2025-04-30,C0379,Backpack,Accessories,Karachi,4,6500,4100,15
ORD01369,2025-04-30,C0379,Wireless Mouse,Electronics,Karachi,3,3200,2050,45
ORD01369,2025-04-30,C0379,Desk Lamp,Home,Karachi,2,4800,2900,25
ORD01370,2025-11-17,C0218,Wireless Mouse,Electronics,Islamabad,3,3200,2050,25
ORD01370,2025-11-17,C0218,Water Bottle,Accessories,Islamabad,3,1800,800,0
ORD01371,2025-08-23,C0178,USB Hub,Electronics,Faisalabad,4,4500,2850,15
ORD01371,2025-08-23,C0178,Backpack,Accessories,Faisalabad,4,6500,4100,25
ORD01372,2026-02-01,C0013,Backpack,Accessories,Islamabad,3,6500,4100,10
ORD01373,2025-07-16,C0024,USB Hub,Electronics,Islamabad,4,4500,2850,10
ORD01373,2025-07-16,C0024,Desk Lamp,Home,Islamabad,3,4800,2900,45
ORD01373,2025-07-16,C0024,Backpack,Accessories,Islamabad,2,6500,4100,15
ORD01374,2025-01-13,C0355,Wireless Mouse,Electronics,Lahore,4,3200,2050,0
ORD01374,2025-01-13,C0355,Desk Lamp,Home,Lahore,2,4800,2900,0
ORD01375,2025-03-21,C0093,Notebook Set,Stationery,Islamabad,1,950,420,15
ORD01375,2025-03-21,C0093,USB Hub,Electronics,Islamabad,1,4500,2850,25
ORD01375,2025-03-21,C0093,Backpack,Accessories,Islamabad,1,6500,4100,0
ORD01376,2025-09-07,C0278,Notebook Set,Stationery,Lahore,3,950,420,45
ORD01377,2026-01-27,C0204,USB Hub,Electronics,Karachi,4,4500,2850,15
ORD01377,2026-01-27,C0204,Desk Lamp,Home,Karachi,2,4800,2900,0
ORD01377,2026-01-27,C0204,Wireless Mouse,Electronics,Karachi,3,3200,2050,0
ORD01378,2026-09-15,C0192,Notebook Set,Stationery,Islamabad,2,950,420,0
ORD01378,2026-09-15,C0192,Backpack,Accessories,Islamabad,3,6500,4100,0
ORD01378,2026-09-15,C0192,Desk Lamp,Home,Islamabad,2,4800,2900,45
ORD01379,2025-12-29,C0269,Backpack,Accessories,Islamabad,1,6500,4100,15
ORD01380,2026-03-12,C0351,Desk Lamp,Home,Faisalabad,3,4800,2900,5
ORD01381,2026-01-30,C0342,USB Hub,Electronics,Karachi,1,4500,2850,0
ORD01381,2026-01-30,C0342,Wireless Mouse,Electronics,Karachi,2,3200,2050,0
ORD01381,2026-01-30,C0342,Backpack,Accessories,Karachi,2,6500,4100,45
ORD01382,2026-07-18,C0375,Backpack,Accessories,Lahore,2,6500,4100,45
ORD01382,2026-07-18,C0375,Wireless Mouse,Electronics,Lahore,1,3200,2050,15
ORD01383,2025-03-25,C0380,Desk Lamp,Home,Islamabad,2,4800,2900,0
ORD01384,2025-01-06,C0371,Backpack,Accessories,Faisalabad,3,6500,4100,0
ORD01384,2025-01-06,C0371,USB Hub,Electronics,Faisalabad,4,4500,2850,5
ORD01385,2025-04-01,C0104,Wireless Mouse,Electronics,Islamabad,3,3200,2050,45
ORD01385,2025-04-01,C0104,Notebook Set,Stationery,Islamabad,2,950,420,0
ORD01385,2025-04-01,C0104,Water Bottle,Accessories,Islamabad,1,1800,800,15
ORD01386,2026-09-29,C0296,Notebook Set,Stationery,Islamabad,1,950,420,5
ORD01387,2026-02-02,C0363,Wireless Mouse,Electronics,Faisalabad,4,3200,2050,15
ORD01387,2026-02-02,C0363,Desk Lamp,Home,Faisalabad,2,4800,2900,10
ORD01387,2026-02-02,C0363,USB Hub,Electronics,Faisalabad,3,4500,2850,10
ORD01388,2025-09-16,C0162,Water Bottle,Accessories,Islamabad,1,1800,800,45
ORD01389,2025-01-23,C0206,Water Bottle,Accessories,Karachi,4,1800,800,15
ORD01389,2025-01-23,C0206,Notebook Set,Stationery,Karachi,4,950,420,0
ORD01390,2025-02-11,C0159,USB Hub,Electronics,Karachi,1,4500,2850,15
ORD01390,2025-02-11,C0159,Notebook Set,Stationery,Karachi,2,950,420,5
ORD01390,2025-02-11,C0159,Backpack,Accessories,Karachi,2,6500,4100,5
ORD01391,2026-07-12,C0324,Backpack,Accessories,Karachi,3,6500,4100,0
ORD01392,2026-04-09,C0380,Desk Lamp,Home,Faisalabad,2,4800,2900,0
ORD01392,2026-04-09,C0380,Water Bottle,Accessories,Faisalabad,3,1800,800,0
ORD01393,2026-09-22,C0167,Desk Lamp,Home,Karachi,4,4800,2900,10
ORD01394,2026-07-30,C0383,USB Hub,Electronics,Lahore,3,4500,2850,15
ORD01394,2026-07-30,C0383,Notebook Set,Stationery,Lahore,4,950,420,45
ORD01395,2026-02-03,C0231,USB Hub,Electronics,Karachi,1,4500,2850,15
ORD01396,2025-11-14,C0315,Water Bottle,Accessories,Faisalabad,1,1800,800,0
ORD01396,2025-11-14,C0315,Notebook Set,Stationery,Faisalabad,3,950,420,45
ORD01397,2025-02-04,C0131,Backpack,Accessories,Islamabad,1,6500,4100,5
ORD01397,2025-02-04,C0131,Wireless Mouse,Electronics,Islamabad,2,3200,2050,45
ORD01397,2025-02-04,C0131,Notebook Set,Stationery,Islamabad,2,950,420,45
ORD01398,2026-03-23,C0277,Notebook Set,Stationery,Faisalabad,2,950,420,0
ORD01398,2026-03-23,C0277,Wireless Mouse,Electronics,Faisalabad,1,3200,2050,25
ORD01398,2026-03-23,C0277,Backpack,Accessories,Faisalabad,1,6500,4100,25
ORD01399,2026-09-27,C0311,Notebook Set,Stationery,Lahore,3,950,420,25
ORD01400,2025-09-27,C0067,Water Bottle,Accessories,Faisalabad,3,1800,800,10
ORD01400,2025-09-27,C0067,Notebook Set,Stationery,Faisalabad,4,950,420,25
ORD01400,2025-09-27,C0067,Backpack,Accessories,Faisalabad,2,6500,4100,5
ORD01401,2025-09-27,C0254,Water Bottle,Accessories,Islamabad,1,1800,800,25
ORD01401,2025-09-27,C0254,Notebook Set,Stationery,Islamabad,4,950,420,15
ORD01402,2025-09-14,C0140,Backpack,Accessories,Karachi,2,6500,4100,0
ORD01403,2025-12-24,C0386,Notebook Set,Stationery,Lahore,3,950,420,10
ORD01403,2025-12-24,C0386,USB Hub,Electronics,Lahore,2,4500,2850,10
ORD01403,2025-12-24,C0386,Water Bottle,Accessories,Lahore,4,1800,800,25
ORD01404,2025-01-16,C0278,Water Bottle,Accessories,Faisalabad,2,1800,800,5
ORD01404,2025-01-16,C0278,Desk Lamp,Home,Faisalabad,1,4800,2900,0
ORD01404,2025-01-16,C0278,USB Hub,Electronics,Faisalabad,1,4500,2850,5
ORD01405,2025-11-22,C0164,Notebook Set,Stationery,Faisalabad,1,950,420,5
ORD01406,2026-01-08,C0124,Wireless Mouse,Electronics,Karachi,4,3200,2050,0
ORD01406,2026-01-08,C0124,Desk Lamp,Home,Karachi,1,4800,2900,10
ORD01406,2026-01-08,C0124,Backpack,Accessories,Karachi,4,6500,4100,10
ORD01407,2026-08-13,C0257,Water Bottle,Accessories,Lahore,1,1800,800,15
ORD01407,2026-08-13,C0257,Backpack,Accessories,Lahore,2,6500,4100,15
ORD01408,2025-08-26,C0136,Notebook Set,Stationery,Islamabad,2,950,420,25
ORD01409,2026-04-10,C0171,Desk Lamp,Home,Karachi,2,4800,2900,25
ORD01410,2025-01-29,C0011,USB Hub,Electronics,Islamabad,4,4500,2850,25
ORD01411,2025-10-19,C0176,Backpack,Accessories,Karachi,4,6500,4100,0
ORD01412,2025-02-06,C0226,USB Hub,Electronics,Karachi,2,4500,2850,0
ORD01412,2025-02-06,C0226,Backpack,Accessories,Karachi,4,6500,4100,15
ORD01412,2025-02-06,C0226,Notebook Set,Stationery,Karachi,2,950,420,0
ORD01413,2026-05-15,C0262,Wireless Mouse,Electronics,Faisalabad,1,3200,2050,0
ORD01413,2026-05-15,C0262,Notebook Set,Stationery,Faisalabad,4,950,420,10
ORD01414,2025-09-11,C0222,Notebook Set,Stationery,Islamabad,2,950,420,0
ORD01415,2025-01-23,C0177,Backpack,Accessories,Islamabad,4,6500,4100,15
ORD01415,2025-01-23,C0177,Notebook Set,Stationery,Islamabad,4,950,420,0
ORD01416,2026-05-17,C0279,Backpack,Accessories,Islamabad,4,6500,4100,15
ORD01417,2025-01-04,C0116,USB Hub,Electronics,Islamabad,4,4500,2850,15
ORD01417,2025-01-04,C0116,Water Bottle,Accessories,Islamabad,4,1800,800,45
ORD01417,2025-01-04,C0116,Desk Lamp,Home,Islamabad,2,4800,2900,0
ORD01418,2026-08-03,C0234,Desk Lamp,Home,Lahore,2,4800,2900,10
ORD01418,2026-08-03,C0234,Wireless Mouse,Electronics,Lahore,4,3200,2050,5
ORD01419,2026-04-15,C0377,USB Hub,Electronics,Islamabad,2,4500,2850,10
ORD01420,2026-02-10,C0118,Water Bottle,Accessories,Lahore,4,1800,800,15
ORD01420,2026-02-10,C0118,Wireless Mouse,Electronics,Lahore,2,3200,2050,0
ORD01420,2026-02-10,C0118,Notebook Set,Stationery,Lahore,1,950,420,0
ORD01421,2026-05-19,C0036,Water Bottle,Accessories,Islamabad,1,1800,800,5
ORD01421,2026-05-19,C0036,Desk Lamp,Home,Islamabad,4,4800,2900,15
ORD01421,2026-05-19,C0036,Backpack,Accessories,Islamabad,1,6500,4100,10
ORD01422,2026-03-27,C0031,Desk Lamp,Home,Faisalabad,2,4800,2900,10
ORD01423,2026-08-08,C0090,Water Bottle,Accessories,Karachi,3,1800,800,45
ORD01423,2026-08-08,C0090,USB Hub,Electronics,Karachi,4,4500,2850,15
ORD01424,2025-12-11,C0394,Backpack,Accessories,Lahore,4,6500,4100,0
ORD01424,2025-12-11,C0394,Wireless Mouse,Electronics,Lahore,4,3200,2050,5
ORD01425,2026-07-04,C0254,Desk Lamp,Home,Lahore,2,4800,2900,0
ORD01425,2026-07-04,C0254,Wireless Mouse,Electronics,Lahore,2,3200,2050,45
ORD01425,2026-07-04,C0254,Water Bottle,Accessories,Lahore,1,1800,800,15
ORD01426,2026-05-29,C0353,Desk Lamp,Home,Karachi,3,4800,2900,25
ORD01426,2026-05-29,C0353,Wireless Mouse,Electronics,Karachi,3,3200,2050,5
ORD01426,2026-05-29,C0353,Water Bottle,Accessories,Karachi,2,1800,800,45
ORD01427,2026-09-13,C0013,Water Bottle,Accessories,Faisalabad,3,1800,800,15
ORD01428,2026-03-24,C0242,Desk Lamp,Home,Karachi,2,4800,2900,15
ORD01428,2026-03-24,C0242,USB Hub,Electronics,Karachi,2,4500,2850,45
ORD01428,2026-03-24,C0242,Notebook Set,Stationery,Karachi,3,950,420,10
ORD01429,2026-03-28,C0260,Desk Lamp,Home,Islamabad,2,4800,2900,10
ORD01429,2026-03-28,C0260,USB Hub,Electronics,Islamabad,4,4500,2850,15
ORD01430,2025-05-12,C0369,Wireless Mouse,Electronics,Faisalabad,3,3200,2050,0
ORD01430,2025-05-12,C0369,Notebook Set,Stationery,Faisalabad,1,950,420,45
ORD01431,2025-10-13,C0275,Notebook Set,Stationery,Karachi,3,950,420,5
ORD01432,2026-01-21,C0176,Desk Lamp,Home,Karachi,2,4800,2900,25
ORD01433,2025-08-04,C0297,Water Bottle,Accessories,Karachi,4,1800,800,5
ORD01434,2025-06-21,C0287,USB Hub,Electronics,Lahore,1,4500,2850,0
ORD01434,2025-06-21,C0287,Notebook Set,Stationery,Lahore,1,950,420,10
ORD01435,2026-08-10,C0115,Wireless Mouse,Electronics,Karachi,3,3200,2050,0
ORD01436,2025-12-15,C0274,Backpack,Accessories,Faisalabad,4,6500,4100,10
ORD01437,2025-01-26,C0105,Water Bottle,Accessories,Faisalabad,4,1800,800,0
ORD01437,2025-01-26,C0105,Wireless Mouse,Electronics,Faisalabad,3,3200,2050,25
ORD01437,2025-01-26,C0105,Desk Lamp,Home,Faisalabad,3,4800,2900,45
ORD01438,2025-01-25,C0280,Wireless Mouse,Electronics,Lahore,2,3200,2050,0
ORD01438,2025-01-25,C0280,Desk Lamp,Home,Lahore,4,4800,2900,0
ORD01438,2025-01-25,C0280,USB Hub,Electronics,Lahore,4,4500,2850,15
ORD01439,2026-03-14,C0278,Water Bottle,Accessories,Faisalabad,1,1800,800,45
ORD01440,2025-06-16,C0339,Water Bottle,Accessories,Lahore,1,1800,800,15
ORD01440,2025-06-16,C0339,Notebook Set,Stationery,Lahore,1,950,420,25
ORD01441,2025-01-25,C0389,Desk Lamp,Home,Islamabad,2,4800,2900,25
ORD01441,2025-01-25,C0389,Notebook Set,Stationery,Islamabad,3,950,420,0
ORD01441,2025-01-25,C0389,Wireless Mouse,Electronics,Islamabad,1,3200,2050,15
ORD01442,2025-08-18,C0317,Desk Lamp,Home,Karachi,2,4800,2900,15
ORD01442,2025-08-18,C0317,Water Bottle,Accessories,Karachi,1,1800,800,10
ORD01443,2025-10-20,C0365,USB Hub,Electronics,Karachi,1,4500,2850,45
ORD01444,2025-09-02,C0314,Desk Lamp,Home,Islamabad,4,4800,2900,45
ORD01444,2025-09-02,C0314,Notebook Set,Stationery,Islamabad,4,950,420,5
ORD01445,2025-08-17,C0144,Water Bottle,Accessories,Islamabad,3,1800,800,10
ORD01445,2025-08-17,C0144,Backpack,Accessories,Islamabad,4,6500,4100,5
ORD01446,2025-04-30,C0152,Wireless Mouse,Electronics,Islamabad,4,3200,2050,45
ORD01446,2025-04-30,C0152,Water Bottle,Accessories,Islamabad,1,1800,800,0
ORD01446,2025-04-30,C0152,Backpack,Accessories,Islamabad,3,6500,4100,5
ORD01447,2025-10-04,C0350,Backpack,Accessories,Faisalabad,1,6500,4100,25
ORD01447,2025-10-04,C0350,USB Hub,Electronics,Faisalabad,4,4500,2850,5
ORD01447,2025-10-04,C0350,Water Bottle,Accessories,Faisalabad,2,1800,800,15
ORD01448,2026-02-20,C0270,Water Bottle,Accessories,Karachi,1,1800,800,0
ORD01448,2026-02-20,C0270,USB Hub,Electronics,Karachi,2,4500,2850,0
ORD01448,2026-02-20,C0270,Backpack,Accessories,Karachi,3,6500,4100,10
ORD01449,2025-05-20,C0002,Backpack,Accessories,Lahore,1,6500,4100,25
ORD01449,2025-05-20,C0002,Wireless Mouse,Electronics,Lahore,1,3200,2050,0
ORD01449,2025-05-20,C0002,Desk Lamp,Home,Lahore,3,4800,2900,0
ORD01450,2025-07-15,C0056,Desk Lamp,Home,Lahore,4,4800,2900,0
ORD01450,2025-07-15,C0056,USB Hub,Electronics,Lahore,3,4500,2850,5
ORD01450,2025-07-15,C0056,Wireless Mouse,Electronics,Lahore,1,3200,2050,15
ORD01451,2025-05-14,C0206,Wireless Mouse,Electronics,Islamabad,4,3200,2050,0
ORD01451,2025-05-14,C0206,Desk Lamp,Home,Islamabad,2,4800,2900,45
ORD01452,2025-07-03,C0180,Water Bottle,Accessories,Faisalabad,1,1800,800,0
ORD01452,2025-07-03,C0180,Backpack,Accessories,Faisalabad,3,6500,4100,25
ORD01452,2025-07-03,C0180,Notebook Set,Stationery,Faisalabad,4,950,420,15
ORD01453,2025-08-29,C0144,Notebook Set,Stationery,Karachi,1,950,420,5
ORD01454,2026-08-24,C0283,Desk Lamp,Home,Lahore,2,4800,2900,15
ORD01455,2026-07-26,C0285,Wireless Mouse,Electronics,Karachi,4,3200,2050,15
ORD01456,2025-11-22,C0231,Wireless Mouse,Electronics,Faisalabad,1,3200,2050,0
ORD01456,2025-11-22,C0231,Water Bottle,Accessories,Faisalabad,2,1800,800,10
ORD01456,2025-11-22,C0231,Desk Lamp,Home,Faisalabad,3,4800,2900,0
ORD01457,2025-06-08,C0312,USB Hub,Electronics,Islamabad,4,4500,2850,5
ORD01457,2025-06-08,C0312,Backpack,Accessories,Islamabad,2,6500,4100,15
ORD01457,2025-06-08,C0312,Water Bottle,Accessories,Islamabad,2,1800,800,0
ORD01458,2026-07-26,C0182,USB Hub,Electronics,Faisalabad,4,4500,2850,0
ORD01458,2026-07-26,C0182,Backpack,Accessories,Faisalabad,4,6500,4100,45
ORD01459,2026-02-26,C0379,Water Bottle,Accessories,Faisalabad,3,1800,800,25
ORD01459,2026-02-26,C0379,Notebook Set,Stationery,Faisalabad,4,950,420,0
ORD01460,2025-03-01,C0134,Water Bottle,Accessories,Faisalabad,2,1800,800,0
ORD01460,2025-03-01,C0134,Wireless Mouse,Electronics,Faisalabad,2,3200,2050,10
ORD01461,2025-05-08,C0093,Backpack,Accessories,Islamabad,2,6500,4100,5
ORD01461,2025-05-08,C0093,Notebook Set,Stationery,Islamabad,1,950,420,25
ORD01461,2025-05-08,C0093,Wireless Mouse,Electronics,Islamabad,4,3200,2050,0
ORD01462,2026-03-25,C0165,USB Hub,Electronics,Islamabad,2,4500,2850,25
ORD01463,2025-04-05,C0236,Backpack,Accessories,Karachi,2,6500,4100,0
ORD01463,2025-04-05,C0236,Notebook Set,Stationery,Karachi,1,950,420,15
ORD01463,2025-04-05,C0236,Wireless Mouse,Electronics,Karachi,1,3200,2050,10
ORD01464,2026-05-03,C0072,Desk Lamp,Home,Islamabad,3,4800,2900,15
ORD01465,2026-02-23,C0079,Desk Lamp,Home,Islamabad,4,4800,2900,0
ORD01466,2025-09-21,C0176,Desk Lamp,Home,Lahore,2,4800,2900,45
ORD01466,2025-09-21,C0176,Backpack,Accessories,Lahore,4,6500,4100,15
ORD01466,2025-09-21,C0176,Notebook Set,Stationery,Lahore,1,950,420,15
ORD01467,2026-03-17,C0146,Desk Lamp,Home,Lahore,1,4800,2900,15
ORD01467,2026-03-17,C0146,USB Hub,Electronics,Lahore,4,4500,2850,25
ORD01468,2025-10-01,C0019,Water Bottle,Accessories,Karachi,1,1800,800,5
ORD01468,2025-10-01,C0019,Wireless Mouse,Electronics,Karachi,3,3200,2050,25
ORD01468,2025-10-01,C0019,Desk Lamp,Home,Karachi,4,4800,2900,10
ORD01469,2025-09-27,C0373,USB Hub,Electronics,Faisalabad,3,4500,2850,0
ORD01470,2026-09-16,C0119,Water Bottle,Accessories,Islamabad,2,1800,800,25
ORD01470,2026-09-16,C0119,Backpack,Accessories,Islamabad,4,6500,4100,45
ORD01471,2026-04-26,C0282,Water Bottle,Accessories,Faisalabad,2,1800,800,45
ORD01471,2026-04-26,C0282,Wireless Mouse,Electronics,Faisalabad,3,3200,2050,10
ORD01471,2026-04-26,C0282,Notebook Set,Stationery,Faisalabad,4,950,420,0
ORD01472,2026-02-17,C0063,Backpack,Accessories,Lahore,3,6500,4100,25
ORD01473,2025-10-09,C0376,Wireless Mouse,Electronics,Karachi,1,3200,2050,10
ORD01474,2025-09-21,C0342,Water Bottle,Accessories,Lahore,1,1800,800,5
ORD01475,2025-05-07,C0214,Notebook Set,Stationery,Faisalabad,2,950,420,25
ORD01476,2026-09-21,C0039,Wireless Mouse,Electronics,Karachi,3,3200,2050,45
ORD01476,2026-09-21,C0039,Desk Lamp,Home,Karachi,3,4800,2900,0
ORD01476,2026-09-21,C0039,USB Hub,Electronics,Karachi,3,4500,2850,15
ORD01477,2025-07-18,C0031,Backpack,Accessories,Islamabad,4,6500,4100,45
ORD01477,2025-07-18,C0031,Wireless Mouse,Electronics,Islamabad,4,3200,2050,0
ORD01478,2025-04-21,C0231,Wireless Mouse,Electronics,Karachi,1,3200,2050,5
ORD01479,2026-04-17,C0027,Water Bottle,Accessories,Lahore,4,1800,800,10
ORD01480,2025-01-29,C0005,Wireless Mouse,Electronics,Faisalabad,2,3200,2050,10
ORD01480,2025-01-29,C0005,Water Bottle,Accessories,Faisalabad,1,1800,800,45
ORD01481,2026-05-18,C0080,Notebook Set,Stationery,Islamabad,3,950,420,0
ORD01482,2026-04-09,C0091,USB Hub,Electronics,Islamabad,4,4500,2850,25
ORD01482,2026-04-09,C0091,Wireless Mouse,Electronics,Islamabad,1,3200,2050,15
ORD01483,2025-08-19,C0241,Backpack,Accessories,Islamabad,2,6500,4100,45
ORD01484,2026-08-27,C0067,Water Bottle,Accessories,Islamabad,4,1800,800,5
ORD01484,2026-08-27,C0067,Backpack,Accessories,Islamabad,1,6500,4100,5
ORD01484,2026-08-27,C0067,Wireless Mouse,Electronics,Islamabad,2,3200,2050,25
ORD01485,2025-08-25,C0151,USB Hub,Electronics,Faisalabad,1,4500,2850,45
ORD01485,2025-08-25,C0151,Water Bottle,Accessories,Faisalabad,4,1800,800,0
ORD01486,2025-08-16,C0166,Desk Lamp,Home,Karachi,4,4800,2900,15
ORD01486,2025-08-16,C0166,Notebook Set,Stationery,Karachi,4,950,420,45
ORD01486,2025-08-16,C0166,Backpack,Accessories,Karachi,1,6500,4100,25
ORD01487,2025-05-01,C0330,Wireless Mouse,Electronics,Faisalabad,2,3200,2050,5
ORD01488,2025-12-20,C0033,Desk Lamp,Home,Lahore,1,4800,2900,0
ORD01488,2025-12-20,C0033,Backpack,Accessories,Lahore,2,6500,4100,0
ORD01489,2025-08-08,C0114,Backpack,Accessories,Islamabad,3,6500,4100,45
ORD01489,2025-08-08,C0114,Water Bottle,Accessories,Islamabad,2,1800,800,45
ORD01490,2025-05-12,C0056,Backpack,Accessories,Faisalabad,3,6500,4100,15
ORD01490,2025-05-12,C0056,Notebook Set,Stationery,Faisalabad,3,950,420,45
ORD01490,2025-05-12,C0056,Wireless Mouse,Electronics,Faisalabad,1,3200,2050,15
ORD01491,2025-07-21,C0390,Desk Lamp,Home,Karachi,2,4800,2900,15
ORD01491,2025-07-21,C0390,USB Hub,Electronics,Karachi,2,4500,2850,10
ORD01491,2025-07-21,C0390,Notebook Set,Stationery,Karachi,3,950,420,0
ORD01492,2025-05-29,C0123,Desk Lamp,Home,Lahore,3,4800,2900,45
ORD01492,2025-05-29,C0123,Notebook Set,Stationery,Lahore,4,950,420,0
ORD01492,2025-05-29,C0123,USB Hub,Electronics,Lahore,1,4500,2850,5
ORD01493,2026-06-17,C0386,Desk Lamp,Home,Islamabad,1,4800,2900,45
ORD01493,2026-06-17,C0386,Wireless Mouse,Electronics,Islamabad,4,3200,2050,15
ORD01493,2026-06-17,C0386,Notebook Set,Stationery,Islamabad,3,950,420,0
ORD01494,2025-12-31,C0300,Notebook Set,Stationery,Islamabad,4,950,420,0
ORD01495,2026-09-06,C0303,Desk Lamp,Home,Faisalabad,2,4800,2900,0
ORD01495,2026-09-06,C0303,Wireless Mouse,Electronics,Faisalabad,4,3200,2050,45
ORD01496,2025-08-27,C0268,Backpack,Accessories,Karachi,1,6500,4100,15
ORD01496,2025-08-27,C0268,Notebook Set,Stationery,Karachi,4,950,420,25
ORD01497,2025-01-30,C0046,Backpack,Accessories,Islamabad,3,6500,4100,25
ORD01497,2025-01-30,C0046,Wireless Mouse,Electronics,Islamabad,1,3200,2050,10
ORD01497,2025-01-30,C0046,USB Hub,Electronics,Islamabad,2,4500,2850,45
ORD01498,2025-05-10,C0131,Water Bottle,Accessories,Lahore,4,1800,800,0
ORD01499,2026-03-24,C0238,Water Bottle,Accessories,Faisalabad,2,1800,800,25
ORD01500,2025-09-11,C0269,Desk Lamp,Home,Karachi,1,4800,2900,45
ORD01500,2025-09-11,C0269,Notebook Set,Stationery,Karachi,4,950,420,15
ORD01500,2025-09-11,C0269,Water Bottle,Accessories,Karachi,4,1800,800,15
ORD01501,2025-05-29,C0095,USB Hub,Electronics,Lahore,4,4500,2850,0
ORD01502,2026-01-02,C0050,Backpack,Accessories,Karachi,2,6500,4100,5
ORD01502,2026-01-02,C0050,USB Hub,Electronics,Karachi,1,4500,2850,45
ORD01502,2026-01-02,C0050,Desk Lamp,Home,Karachi,1,4800,2900,0
ORD01503,2025-09-21,C0056,USB Hub,Electronics,Faisalabad,3,4500,2850,0
ORD01503,2025-09-21,C0056,Wireless Mouse,Electronics,Faisalabad,1,3200,2050,10
ORD01503,2025-09-21,C0056,Water Bottle,Accessories,Faisalabad,1,1800,800,15
ORD01504,2026-08-13,C0123,Backpack,Accessories,Islamabad,2,6500,4100,10
ORD01504,2026-08-13,C0123,Wireless Mouse,Electronics,Islamabad,3,3200,2050,15
ORD01504,2026-08-13,C0123,Water Bottle,Accessories,Islamabad,4,1800,800,5
ORD01505,2026-07-22,C0024,Desk Lamp,Home,Lahore,4,4800,2900,5
ORD01505,2026-07-22,C0024,Wireless Mouse,Electronics,Lahore,1,3200,2050,10
ORD01505,2026-07-22,C0024,USB Hub,Electronics,Lahore,1,4500,2850,25
ORD01506,2025-02-16,C0200,Wireless Mouse,Electronics,Karachi,3,3200,2050,5
ORD01507,2025-03-24,C0056,Notebook Set,Stationery,Faisalabad,1,950,420,10
ORD01507,2025-03-24,C0056,USB Hub,Electronics,Faisalabad,4,4500,2850,15
ORD01507,2025-03-24,C0056,Wireless Mouse,Electronics,Faisalabad,1,3200,2050,15
ORD01508,2026-04-30,C0004,Wireless Mouse,Electronics,Islamabad,4,3200,2050,25
ORD01508,2026-04-30,C0004,Desk Lamp,Home,Islamabad,2,4800,2900,45
ORD01509,2026-08-15,C0267,Water Bottle,Accessories,Islamabad,3,1800,800,25
ORD01509,2026-08-15,C0267,USB Hub,Electronics,Islamabad,2,4500,2850,45
ORD01509,2026-08-15,C0267,Notebook Set,Stationery,Islamabad,2,950,420,5
ORD01510,2025-04-11,C0129,Desk Lamp,Home,Faisalabad,4,4800,2900,5
ORD01510,2025-04-11,C0129,Notebook Set,Stationery,Faisalabad,4,950,420,25
ORD01510,2025-04-11,C0129,USB Hub,Electronics,Faisalabad,4,4500,2850,45
ORD01511,2026-05-20,C0129,Backpack,Accessories,Islamabad,2,6500,4100,0
ORD01511,2026-05-20,C0129,Wireless Mouse,Electronics,Islamabad,3,3200,2050,15
ORD01512,2025-03-09,C0254,Notebook Set,Stationery,Lahore,2,950,420,45
ORD01513,2025-02-13,C0140,Water Bottle,Accessories,Islamabad,3,1800,800,45
ORD01514,2026-08-29,C0044,Notebook Set,Stationery,Karachi,4,950,420,15
ORD01514,2026-08-29,C0044,Wireless Mouse,Electronics,Karachi,1,3200,2050,0
ORD01514,2026-08-29,C0044,USB Hub,Electronics,Karachi,4,4500,2850,0
ORD01515,2025-03-10,C0138,Water Bottle,Accessories,Faisalabad,2,1800,800,25
ORD01515,2025-03-10,C0138,Desk Lamp,Home,Faisalabad,4,4800,2900,25
ORD01515,2025-03-10,C0138,Wireless Mouse,Electronics,Faisalabad,1,3200,2050,10
ORD01516,2026-03-18,C0168,Desk Lamp,Home,Islamabad,4,4800,2900,45
ORD01516,2026-03-18,C0168,Wireless Mouse,Electronics,Islamabad,2,3200,2050,5
ORD01517,2025-07-26,C0013,Water Bottle,Accessories,Lahore,1,1800,800,10
ORD01518,2025-12-16,C0144,Water Bottle,Accessories,Faisalabad,3,1800,800,5
ORD01519,2026-05-05,C0172,Wireless Mouse,Electronics,Faisalabad,3,3200,2050,45
ORD01520,2025-02-10,C0312,Water Bottle,Accessories,Faisalabad,4,1800,800,15
ORD01520,2025-02-10,C0312,USB Hub,Electronics,Faisalabad,1,4500,2850,10
ORD01521,2026-02-22,C0321,Water Bottle,Accessories,Faisalabad,3,1800,800,45
ORD01521,2026-02-22,C0321,Desk Lamp,Home,Faisalabad,1,4800,2900,15
ORD01522,2026-01-08,C0069,USB Hub,Electronics,Lahore,2,4500,2850,25
ORD01523,2025-08-24,C0044,USB Hub,Electronics,Lahore,1,4500,2850,0
ORD01523,2025-08-24,C0044,Notebook Set,Stationery,Lahore,3,950,420,5
ORD01524,2026-03-05,C0370,USB Hub,Electronics,Karachi,2,4500,2850,15
ORD01524,2026-03-05,C0370,Desk Lamp,Home,Karachi,3,4800,2900,0
ORD01525,2025-04-30,C0010,USB Hub,Electronics,Lahore,4,4500,2850,5
ORD01526,2026-07-18,C0292,Wireless Mouse,Electronics,Faisalabad,1,3200,2050,15
ORD01526,2026-07-18,C0292,Backpack,Accessories,Faisalabad,4,6500,4100,0
ORD01526,2026-07-18,C0292,Notebook Set,Stationery,Faisalabad,2,950,420,45
ORD01527,2025-01-16,C0065,USB Hub,Electronics,Faisalabad,4,4500,2850,10
ORD01528,2025-11-06,C0172,Notebook Set,Stationery,Karachi,4,950,420,0
ORD01528,2025-11-06,C0172,Water Bottle,Accessories,Karachi,2,1800,800,25
ORD01529,2025-12-15,C0134,Desk Lamp,Home,Karachi,2,4800,2900,5
ORD01530,2025-12-17,C0110,Desk Lamp,Home,Lahore,1,4800,2900,25
ORD01530,2025-12-17,C0110,Backpack,Accessories,Lahore,1,6500,4100,25
ORD01530,2025-12-17,C0110,USB Hub,Electronics,Lahore,2,4500,2850,5
ORD01531,2025-09-05,C0170,Backpack,Accessories,Islamabad,1,6500,4100,25
ORD01531,2025-09-05,C0170,Wireless Mouse,Electronics,Islamabad,2,3200,2050,15
ORD01532,2025-04-20,C0136,Water Bottle,Accessories,Karachi,2,1800,800,15
ORD01533,2025-12-27,C0172,USB Hub,Electronics,Islamabad,2,4500,2850,5
ORD01533,2025-12-27,C0172,Wireless Mouse,Electronics,Islamabad,2,3200,2050,0
ORD01534,2026-03-24,C0168,Backpack,Accessories,Lahore,3,6500,4100,10
ORD01535,2026-04-05,C0303,Backpack,Accessories,Faisalabad,1,6500,4100,15
ORD01535,2026-04-05,C0303,Notebook Set,Stationery,Faisalabad,3,950,420,10
ORD01535,2026-04-05,C0303,USB Hub,Electronics,Faisalabad,4,4500,2850,15
ORD01536,2026-08-18,C0391,Desk Lamp,Home,Faisalabad,2,4800,2900,15
ORD01537,2026-07-06,C0353,Wireless Mouse,Electronics,Islamabad,3,3200,2050,15
ORD01537,2026-07-06,C0353,Backpack,Accessories,Islamabad,2,6500,4100,5
ORD01537,2026-07-06,C0353,USB Hub,Electronics,Islamabad,1,4500,2850,5
ORD01538,2026-06-13,C0263,Wireless Mouse,Electronics,Faisalabad,1,3200,2050,0
ORD01538,2026-06-13,C0263,Notebook Set,Stationery,Faisalabad,1,950,420,25
ORD01538,2026-06-13,C0263,Backpack,Accessories,Faisalabad,3,6500,4100,15
ORD01539,2026-02-21,C0387,Desk Lamp,Home,Lahore,4,4800,2900,10
ORD01539,2026-02-21,C0387,Backpack,Accessories,Lahore,1,6500,4100,10
ORD01540,2026-09-08,C0232,Wireless Mouse,Electronics,Islamabad,1,3200,2050,0
ORD01541,2025-10-16,C0353,USB Hub,Electronics,Karachi,4,4500,2850,0
ORD01541,2025-10-16,C0353,Water Bottle,Accessories,Karachi,2,1800,800,5
ORD01542,2026-05-25,C0164,Desk Lamp,Home,Faisalabad,3,4800,2900,25
ORD01543,2026-03-10,C0124,Notebook Set,Stationery,Lahore,2,950,420,45
ORD01544,2026-07-06,C0311,Notebook Set,Stationery,Lahore,3,950,420,15
ORD01545,2025-07-09,C0045,Water Bottle,Accessories,Karachi,1,1800,800,0
ORD01545,2025-07-09,C0045,USB Hub,Electronics,Karachi,4,4500,2850,10
ORD01545,2025-07-09,C0045,Backpack,Accessories,Karachi,1,6500,4100,10
ORD01546,2025-02-20,C0127,Water Bottle,Accessories,Faisalabad,3,1800,800,15
ORD01547,2026-03-25,C0221,Water Bottle,Accessories,Lahore,4,1800,800,0
ORD01547,2026-03-25,C0221,Desk Lamp,Home,Lahore,3,4800,2900,15
ORD01547,2026-03-25,C0221,Backpack,Accessories,Lahore,3,6500,4100,0
ORD01548,2025-09-06,C0020,Backpack,Accessories,Islamabad,1,6500,4100,25
ORD01548,2025-09-06,C0020,Water Bottle,Accessories,Islamabad,4,1800,800,5
ORD01548,2025-09-06,C0020,Notebook Set,Stationery,Islamabad,4,950,420,0
ORD01549,2025-04-09,C0114,Backpack,Accessories,Karachi,4,6500,4100,10
ORD01550,2025-10-14,C0024,Wireless Mouse,Electronics,Karachi,3,3200,2050,25
ORD01550,2025-10-14,C0024,Backpack,Accessories,Karachi,4,6500,4100,10
ORD01550,2025-10-14,C0024,Water Bottle,Accessories,Karachi,2,1800,800,25
ORD01551,2026-03-20,C0336,Wireless Mouse,Electronics,Islamabad,3,3200,2050,5
ORD01551,2026-03-20,C0336,Backpack,Accessories,Islamabad,1,6500,4100,10
ORD01551,2026-03-20,C0336,Desk Lamp,Home,Islamabad,4,4800,2900,45
ORD01552,2025-09-15,C0002,Backpack,Accessories,Faisalabad,1,6500,4100,45
ORD01552,2025-09-15,C0002,Water Bottle,Accessories,Faisalabad,1,1800,800,10
ORD01552,2025-09-15,C0002,Notebook Set,Stationery,Faisalabad,2,950,420,0
ORD01553,2026-08-10,C0008,Water Bottle,Accessories,Faisalabad,3,1800,800,5
ORD01553,2026-08-10,C0008,Backpack,Accessories,Faisalabad,2,6500,4100,5
ORD01553,2026-08-10,C0008,Wireless Mouse,Electronics,Faisalabad,3,3200,2050,15
ORD01554,2025-06-03,C0099,Desk Lamp,Home,Faisalabad,2,4800,2900,10
ORD01554,2025-06-03,C0099,USB Hub,Electronics,Faisalabad,4,4500,2850,10
ORD01555,2025-07-08,C0385,Wireless Mouse,Electronics,Islamabad,4,3200,2050,0
ORD01555,2025-07-08,C0385,Backpack,Accessories,Islamabad,1,6500,4100,45
ORD01556,2025-12-18,C0011,Desk Lamp,Home,Lahore,3,4800,2900,45
ORD01556,2025-12-18,C0011,Backpack,Accessories,Lahore,2,6500,4100,5
ORD01557,2025-08-19,C0055,Wireless Mouse,Electronics,Lahore,3,3200,2050,25
ORD01557,2025-08-19,C0055,USB Hub,Electronics,Lahore,2,4500,2850,15
ORD01557,2025-08-19,C0055,Desk Lamp,Home,Lahore,3,4800,2900,5
ORD01558,2025-01-25,C0365,USB Hub,Electronics,Lahore,4,4500,2850,0
ORD01558,2025-01-25,C0365,Backpack,Accessories,Lahore,1,6500,4100,45
ORD01558,2025-01-25,C0365,Wireless Mouse,Electronics,Lahore,3,3200,2050,0
ORD01559,2025-04-02,C0103,Backpack,Accessories,Lahore,1,6500,4100,5
ORD01560,2025-07-20,C0389,Desk Lamp,Home,Faisalabad,4,4800,2900,10
ORD01560,2025-07-20,C0389,Notebook Set,Stationery,Faisalabad,4,950,420,25
ORD01560,2025-07-20,C0389,Backpack,Accessories,Faisalabad,3,6500,4100,15
ORD01561,2025-08-03,C0244,Desk Lamp,Home,Karachi,3,4800,2900,0
ORD01561,2025-08-03,C0244,USB Hub,Electronics,Karachi,4,4500,2850,25
ORD01562,2025-04-03,C0141,Notebook Set,Stationery,Islamabad,4,950,420,5
ORD01562,2025-04-03,C0141,USB Hub,Electronics,Islamabad,2,4500,2850,0
ORD01562,2025-04-03,C0141,Desk Lamp,Home,Islamabad,4,4800,2900,45
ORD01563,2025-04-21,C0099,Notebook Set,Stationery,Islamabad,4,950,420,45
ORD01563,2025-04-21,C0099,Water Bottle,Accessories,Islamabad,2,1800,800,25
ORD01564,2026-03-19,C0079,Backpack,Accessories,Faisalabad,4,6500,4100,25
ORD01564,2026-03-19,C0079,USB Hub,Electronics,Faisalabad,3,4500,2850,5
ORD01565,2025-10-09,C0381,Backpack,Accessories,Lahore,2,6500,4100,0
ORD01565,2025-10-09,C0381,Wireless Mouse,Electronics,Lahore,3,3200,2050,0
ORD01566,2025-04-11,C0182,Notebook Set,Stationery,Islamabad,2,950,420,10
ORD01567,2025-07-11,C0001,Desk Lamp,Home,Islamabad,2,4800,2900,15
ORD01567,2025-07-11,C0001,Water Bottle,Accessories,Islamabad,2,1800,800,45
ORD01567,2025-07-11,C0001,Notebook Set,Stationery,Islamabad,3,950,420,0
ORD01568,2025-12-01,C0234,Notebook Set,Stationery,Lahore,1,950,420,0
ORD01568,2025-12-01,C0234,USB Hub,Electronics,Lahore,2,4500,2850,25
ORD01569,2026-09-20,C0265,Notebook Set,Stationery,Faisalabad,2,950,420,45
ORD01569,2026-09-20,C0265,Backpack,Accessories,Faisalabad,3,6500,4100,25
ORD01570,2025-02-02,C0081,USB Hub,Electronics,Karachi,3,4500,2850,5
ORD01570,2025-02-02,C0081,Notebook Set,Stationery,Karachi,4,950,420,0
ORD01571,2025-01-23,C0299,Water Bottle,Accessories,Islamabad,1,1800,800,0
ORD01572,2025-04-09,C0075,Wireless Mouse,Electronics,Islamabad,4,3200,2050,15
ORD01572,2025-04-09,C0075,Notebook Set,Stationery,Islamabad,4,950,420,10
ORD01572,2025-04-09,C0075,USB Hub,Electronics,Islamabad,2,4500,2850,15
ORD01573,2026-06-18,C0072,Desk Lamp,Home,Faisalabad,1,4800,2900,15
ORD01573,2026-06-18,C0072,Wireless Mouse,Electronics,Faisalabad,3,3200,2050,15
ORD01573,2026-06-18,C0072,USB Hub,Electronics,Faisalabad,2,4500,2850,25
ORD01574,2025-02-01,C0342,Desk Lamp,Home,Karachi,4,4800,2900,45
ORD01574,2025-02-01,C0342,USB Hub,Electronics,Karachi,1,4500,2850,10
ORD01575,2025-08-01,C0207,Water Bottle,Accessories,Karachi,3,1800,800,10
ORD01576,2025-03-10,C0029,USB Hub,Electronics,Karachi,1,4500,2850,10
ORD01576,2025-03-10,C0029,Desk Lamp,Home,Karachi,1,4800,2900,0
ORD01577,2025-03-25,C0114,USB Hub,Electronics,Islamabad,2,4500,2850,45
ORD01577,2025-03-25,C0114,Desk Lamp,Home,Islamabad,2,4800,2900,15
ORD01577,2025-03-25,C0114,Wireless Mouse,Electronics,Islamabad,3,3200,2050,0
ORD01578,2025-06-08,C0167,Backpack,Accessories,Karachi,2,6500,4100,5
ORD01579,2026-01-20,C0380,Water Bottle,Accessories,Faisalabad,1,1800,800,0
ORD01579,2026-01-20,C0380,Desk Lamp,Home,Faisalabad,1,4800,2900,15
ORD01579,2026-01-20,C0380,Wireless Mouse,Electronics,Faisalabad,2,3200,2050,0
ORD01580,2025-12-26,C0337,Desk Lamp,Home,Karachi,2,4800,2900,0
ORD01581,2026-08-13,C0397,Notebook Set,Stationery,Karachi,2,950,420,10
ORD01581,2026-08-13,C0397,Backpack,Accessories,Karachi,3,6500,4100,5
ORD01581,2026-08-13,C0397,Wireless Mouse,Electronics,Karachi,3,3200,2050,0
ORD01582,2026-07-22,C0034,Notebook Set,Stationery,Lahore,3,950,420,45
ORD01583,2025-10-18,C0073,Notebook Set,Stationery,Karachi,3,950,420,0
ORD01584,2026-05-12,C0092,USB Hub,Electronics,Islamabad,2,4500,2850,15
ORD01584,2026-05-12,C0092,Water Bottle,Accessories,Islamabad,3,1800,800,25
ORD01584,2026-05-12,C0092,Backpack,Accessories,Islamabad,2,6500,4100,45
ORD01585,2025-10-14,C0099,Notebook Set,Stationery,Islamabad,4,950,420,25
ORD01586,2025-06-13,C0067,USB Hub,Electronics,Lahore,4,4500,2850,10
ORD01587,2025-12-30,C0131,USB Hub,Electronics,Lahore,1,4500,2850,0
ORD01588,2026-05-21,C0234,Wireless Mouse,Electronics,Karachi,2,3200,2050,5
ORD01589,2025-12-07,C0067,Notebook Set,Stationery,Lahore,2,950,420,0
ORD01590,2025-12-17,C0199,USB Hub,Electronics,Lahore,3,4500,2850,0
ORD01590,2025-12-17,C0199,Notebook Set,Stationery,Lahore,3,950,420,0
ORD01590,2025-12-17,C0199,Desk Lamp,Home,Lahore,3,4800,2900,0
ORD01591,2025-04-22,C0141,Wireless Mouse,Electronics,Islamabad,3,3200,2050,5
ORD01591,2025-04-22,C0141,Desk Lamp,Home,Islamabad,1,4800,2900,15
ORD01591,2025-04-22,C0141,Notebook Set,Stationery,Islamabad,1,950,420,5
ORD01592,2025-05-05,C0234,Backpack,Accessories,Lahore,4,6500,4100,0
ORD01593,2025-10-21,C0322,Water Bottle,Accessories,Karachi,4,1800,800,15
ORD01593,2025-10-21,C0322,USB Hub,Electronics,Karachi,3,4500,2850,10
ORD01594,2026-08-14,C0350,Wireless Mouse,Electronics,Faisalabad,1,3200,2050,0
ORD01594,2026-08-14,C0350,Desk Lamp,Home,Faisalabad,1,4800,2900,10
ORD01594,2026-08-14,C0350,Water Bottle,Accessories,Faisalabad,3,1800,800,5
ORD01595,2026-04-20,C0193,Wireless Mouse,Electronics,Faisalabad,2,3200,2050,0
ORD01595,2026-04-20,C0193,USB Hub,Electronics,Faisalabad,4,4500,2850,25
ORD01595,2026-04-20,C0193,Desk Lamp,Home,Faisalabad,3,4800,2900,5
ORD01596,2025-01-06,C0292,Wireless Mouse,Electronics,Islamabad,3,3200,2050,5
ORD01596,2025-01-06,C0292,Backpack,Accessories,Islamabad,3,6500,4100,15
ORD01596,2025-01-06,C0292,USB Hub,Electronics,Islamabad,4,4500,2850,25
ORD01597,2025-01-03,C0312,USB Hub,Electronics,Faisalabad,2,4500,2850,25
ORD01597,2025-01-03,C0312,Notebook Set,Stationery,Faisalabad,4,950,420,0
ORD01598,2026-06-13,C0131,Water Bottle,Accessories,Lahore,1,1800,800,5
ORD01598,2026-06-13,C0131,Wireless Mouse,Electronics,Lahore,1,3200,2050,0
ORD01598,2026-06-13,C0131,Desk Lamp,Home,Lahore,4,4800,2900,15
ORD01599,2025-01-09,C0041,Wireless Mouse,Electronics,Faisalabad,3,3200,2050,25
ORD01600,2025-09-12,C0298,USB Hub,Electronics,Karachi,4,4500,2850,45
ORD01601,2025-03-05,C0227,Water Bottle,Accessories,Islamabad,1,1800,800,0
ORD01602,2026-09-10,C0223,Backpack,Accessories,Islamabad,1,6500,4100,0
ORD01602,2026-09-10,C0223,Wireless Mouse,Electronics,Islamabad,3,3200,2050,10
ORD01603,2025-04-08,C0320,Water Bottle,Accessories,Karachi,1,1800,800,10
ORD01603,2025-04-08,C0320,Wireless Mouse,Electronics,Karachi,4,3200,2050,0
ORD01603,2025-04-08,C0320,Desk Lamp,Home,Karachi,2,4800,2900,10
ORD01604,2026-04-09,C0055,Backpack,Accessories,Lahore,1,6500,4100,15
ORD01605,2025-09-29,C0132,USB Hub,Electronics,Faisalabad,2,4500,2850,10
ORD01605,2025-09-29,C0132,Backpack,Accessories,Faisalabad,3,6500,4100,15
ORD01605,2025-09-29,C0132,Desk Lamp,Home,Faisalabad,3,4800,2900,5
ORD01606,2026-01-14,C0191,Desk Lamp,Home,Karachi,2,4800,2900,5
ORD01606,2026-01-14,C0191,Backpack,Accessories,Karachi,1,6500,4100,0
ORD01607,2026-08-30,C0113,Water Bottle,Accessories,Islamabad,1,1800,800,5
ORD01608,2026-05-14,C0081,Water Bottle,Accessories,Islamabad,4,1800,800,45
ORD01608,2026-05-14,C0081,USB Hub,Electronics,Islamabad,4,4500,2850,25
ORD01608,2026-05-14,C0081,Wireless Mouse,Electronics,Islamabad,2,3200,2050,45
ORD01609,2025-08-09,C0235,Water Bottle,Accessories,Lahore,4,1800,800,10
ORD01609,2025-08-09,C0235,USB Hub,Electronics,Lahore,4,4500,2850,0
ORD01609,2025-08-09,C0235,Notebook Set,Stationery,Lahore,4,950,420,25
ORD01610,2026-07-26,C0024,Notebook Set,Stationery,Karachi,4,950,420,15
ORD01611,2026-04-26,C0296,Notebook Set,Stationery,Faisalabad,4,950,420,10
ORD01611,2026-04-26,C0296,USB Hub,Electronics,Faisalabad,1,4500,2850,25
ORD01611,2026-04-26,C0296,Wireless Mouse,Electronics,Faisalabad,4,3200,2050,0
ORD01612,2025-02-10,C0265,Wireless Mouse,Electronics,Islamabad,4,3200,2050,5
ORD01612,2025-02-10,C0265,Backpack,Accessories,Islamabad,2,6500,4100,0
ORD01613,2025-12-28,C0260,Wireless Mouse,Electronics,Karachi,1,3200,2050,5
ORD01613,2025-12-28,C0260,Backpack,Accessories,Karachi,1,6500,4100,5
ORD01613,2025-12-28,C0260,Water Bottle,Accessories,Karachi,1,1800,800,45
ORD01614,2026-01-18,C0132,Backpack,Accessories,Faisalabad,3,6500,4100,25
ORD01615,2025-05-22,C0237,Desk Lamp,Home,Faisalabad,1,4800,2900,0
ORD01615,2025-05-22,C0237,Wireless Mouse,Electronics,Faisalabad,1,3200,2050,25
ORD01615,2025-05-22,C0237,USB Hub,Electronics,Faisalabad,3,4500,2850,5
ORD01616,2025-12-16,C0242,Water Bottle,Accessories,Lahore,1,1800,800,45
ORD01617,2026-09-08,C0102,Backpack,Accessories,Karachi,1,6500,4100,25
ORD01618,2025-09-05,C0387,Wireless Mouse,Electronics,Faisalabad,3,3200,2050,10
ORD01618,2025-09-05,C0387,Notebook Set,Stationery,Faisalabad,2,950,420,0
ORD01619,2026-06-20,C0163,Notebook Set,Stationery,Karachi,3,950,420,0
ORD01619,2026-06-20,C0163,Backpack,Accessories,Karachi,4,6500,4100,0
ORD01620,2025-01-11,C0016,USB Hub,Electronics,Faisalabad,4,4500,2850,45
ORD01620,2025-01-11,C0016,Wireless Mouse,Electronics,Faisalabad,1,3200,2050,15
ORD01621,2026-01-20,C0069,USB Hub,Electronics,Karachi,4,4500,2850,25
ORD01621,2026-01-20,C0069,Wireless Mouse,Electronics,Karachi,3,3200,2050,0
ORD01622,2025-01-16,C0059,Water Bottle,Accessories,Karachi,4,1800,800,25
ORD01622,2025-01-16,C0059,Backpack,Accessories,Karachi,3,6500,4100,0
ORD01622,2025-01-16,C0059,Wireless Mouse,Electronics,Karachi,2,3200,2050,25
ORD01623,2025-02-21,C0283,Wireless Mouse,Electronics,Islamabad,1,3200,2050,10
ORD01623,2025-02-21,C0283,Water Bottle,Accessories,Islamabad,1,1800,800,10
ORD01623,2025-02-21,C0283,Desk Lamp,Home,Islamabad,2,4800,2900,45
ORD01624,2025-07-23,C0349,Desk Lamp,Home,Lahore,2,4800,2900,45
ORD01625,2025-04-23,C0314,Desk Lamp,Home,Islamabad,1,4800,2900,45
ORD01625,2025-04-23,C0314,Water Bottle,Accessories,Islamabad,2,1800,800,0
ORD01626,2026-06-04,C0348,Notebook Set,Stationery,Karachi,2,950,420,15
ORD01626,2026-06-04,C0348,USB Hub,Electronics,Karachi,3,4500,2850,5
ORD01626,2026-06-04,C0348,Wireless Mouse,Electronics,Karachi,4,3200,2050,10
ORD01627,2026-09-11,C0106,Desk Lamp,Home,Islamabad,4,4800,2900,45
ORD01627,2026-09-11,C0106,USB Hub,Electronics,Islamabad,3,4500,2850,10
ORD01628,2025-09-19,C0267,Wireless Mouse,Electronics,Islamabad,1,3200,2050,5
ORD01629,2026-03-11,C0177,Desk Lamp,Home,Islamabad,4,4800,2900,25
ORD01629,2026-03-11,C0177,USB Hub,Electronics,Islamabad,2,4500,2850,15
ORD01630,2025-08-12,C0350,Desk Lamp,Home,Islamabad,3,4800,2900,25
ORD01630,2025-08-12,C0350,Water Bottle,Accessories,Islamabad,2,1800,800,45
ORD01630,2025-08-12,C0350,Wireless Mouse,Electronics,Islamabad,4,3200,2050,0
ORD01631,2026-07-05,C0008,Desk Lamp,Home,Islamabad,1,4800,2900,0
ORD01631,2026-07-05,C0008,Water Bottle,Accessories,Islamabad,1,1800,800,5
ORD01632,2025-02-13,C0106,Notebook Set,Stationery,Faisalabad,4,950,420,25
ORD01632,2025-02-13,C0106,Backpack,Accessories,Faisalabad,2,6500,4100,10
ORD01632,2025-02-13,C0106,USB Hub,Electronics,Faisalabad,2,4500,2850,0
ORD01633,2025-05-27,C0119,Desk Lamp,Home,Lahore,4,4800,2900,15
ORD01633,2025-05-27,C0119,Notebook Set,Stationery,Lahore,2,950,420,25
ORD01634,2025-08-26,C0087,Notebook Set,Stationery,Islamabad,2,950,420,0
ORD01634,2025-08-26,C0087,Wireless Mouse,Electronics,Islamabad,4,3200,2050,5
ORD01634,2025-08-26,C0087,USB Hub,Electronics,Islamabad,2,4500,2850,15
ORD01635,2025-11-04,C0223,Wireless Mouse,Electronics,Islamabad,3,3200,2050,5
ORD01635,2025-11-04,C0223,Desk Lamp,Home,Islamabad,2,4800,2900,25
ORD01636,2026-08-06,C0308,Water Bottle,Accessories,Islamabad,4,1800,800,25
ORD01636,2026-08-06,C0308,USB Hub,Electronics,Islamabad,4,4500,2850,0
ORD01637,2025-03-24,C0120,Wireless Mouse,Electronics,Faisalabad,1,3200,2050,0
ORD01638,2026-08-10,C0289,Backpack,Accessories,Islamabad,4,6500,4100,10
ORD01639,2026-07-01,C0228,Water Bottle,Accessories,Karachi,3,1800,800,45
ORD01639,2026-07-01,C0228,USB Hub,Electronics,Karachi,3,4500,2850,10
ORD01640,2025-06-29,C0363,Wireless Mouse,Electronics,Faisalabad,1,3200,2050,5
ORD01641,2025-04-13,C0353,USB Hub,Electronics,Faisalabad,1,4500,2850,25
ORD01642,2025-08-22,C0017,Wireless Mouse,Electronics,Karachi,1,3200,2050,45
ORD01642,2025-08-22,C0017,Water Bottle,Accessories,Karachi,4,1800,800,15
ORD01642,2025-08-22,C0017,Backpack,Accessories,Karachi,3,6500,4100,45
ORD01643,2025-04-02,C0099,Notebook Set,Stationery,Lahore,1,950,420,25
ORD01643,2025-04-02,C0099,Wireless Mouse,Electronics,Lahore,3,3200,2050,25
ORD01644,2025-03-17,C0349,Backpack,Accessories,Islamabad,4,6500,4100,15
ORD01644,2025-03-17,C0349,Notebook Set,Stationery,Islamabad,1,950,420,45
ORD01644,2025-03-17,C0349,Wireless Mouse,Electronics,Islamabad,1,3200,2050,5
ORD01645,2025-05-19,C0390,Wireless Mouse,Electronics,Lahore,3,3200,2050,45
ORD01645,2025-05-19,C0390,Water Bottle,Accessories,Lahore,4,1800,800,10
ORD01645,2025-05-19,C0390,Backpack,Accessories,Lahore,2,6500,4100,0
ORD01646,2026-09-26,C0244,Notebook Set,Stationery,Faisalabad,1,950,420,10
ORD01646,2026-09-26,C0244,USB Hub,Electronics,Faisalabad,1,4500,2850,25
ORD01647,2025-01-20,C0331,Backpack,Accessories,Faisalabad,1,6500,4100,5
ORD01648,2025-08-03,C0208,Desk Lamp,Home,Faisalabad,2,4800,2900,10
ORD01648,2025-08-03,C0208,Wireless Mouse,Electronics,Faisalabad,1,3200,2050,5
ORD01649,2025-12-20,C0361,Notebook Set,Stationery,Karachi,1,950,420,45
ORD01649,2025-12-20,C0361,USB Hub,Electronics,Karachi,1,4500,2850,0
ORD01650,2025-03-30,C0284,Wireless Mouse,Electronics,Karachi,2,3200,2050,0
ORD01650,2025-03-30,C0284,Desk Lamp,Home,Karachi,1,4800,2900,5
ORD01650,2025-03-30,C0284,Notebook Set,Stationery,Karachi,2,950,420,45
ORD01651,2026-02-27,C0158,Notebook Set,Stationery,Karachi,3,950,420,0
ORD01652,2026-08-10,C0207,Water Bottle,Accessories,Faisalabad,2,1800,800,45
ORD01653,2025-11-30,C0255,Wireless Mouse,Electronics,Lahore,4,3200,2050,10
ORD01653,2025-11-30,C0255,USB Hub,Electronics,Lahore,4,4500,2850,10
ORD01653,2025-11-30,C0255,Notebook Set,Stationery,Lahore,2,950,420,0
ORD01654,2026-05-18,C0127,Desk Lamp,Home,Lahore,2,4800,2900,15
ORD01654,2026-05-18,C0127,Backpack,Accessories,Lahore,3,6500,4100,15
ORD01655,2025-04-01,C0139,Wireless Mouse,Electronics,Islamabad,2,3200,2050,15
ORD01656,2026-02-28,C0052,USB Hub,Electronics,Islamabad,3,4500,2850,0
ORD01657,2025-08-12,C0328,Notebook Set,Stationery,Karachi,2,950,420,15
ORD01657,2025-08-12,C0328,Water Bottle,Accessories,Karachi,2,1800,800,25
ORD01657,2025-08-12,C0328,Wireless Mouse,Electronics,Karachi,1,3200,2050,45
ORD01658,2025-05-13,C0354,Wireless Mouse,Electronics,Lahore,3,3200,2050,0
ORD01659,2026-01-17,C0328,Backpack,Accessories,Lahore,3,6500,4100,0
ORD01659,2026-01-17,C0328,Notebook Set,Stationery,Lahore,3,950,420,5
ORD01660,2025-03-25,C0381,Desk Lamp,Home,Lahore,4,4800,2900,15
ORD01661,2026-06-08,C0185,Backpack,Accessories,Lahore,4,6500,4100,5
ORD01661,2026-06-08,C0185,Wireless Mouse,Electronics,Lahore,2,3200,2050,45
ORD01662,2025-11-28,C0069,USB Hub,Electronics,Karachi,3,4500,2850,25
ORD01663,2026-08-23,C0292,Backpack,Accessories,Karachi,2,6500,4100,5
ORD01664,2026-06-02,C0364,Wireless Mouse,Electronics,Karachi,4,3200,2050,10
ORD01664,2026-06-02,C0364,Backpack,Accessories,Karachi,1,6500,4100,10
ORD01664,2026-06-02,C0364,Notebook Set,Stationery,Karachi,2,950,420,25
ORD01665,2025-04-05,C0063,USB Hub,Electronics,Lahore,4,4500,2850,15
ORD01665,2025-04-05,C0063,Backpack,Accessories,Lahore,3,6500,4100,0
ORD01666,2026-09-05,C0316,Desk Lamp,Home,Faisalabad,3,4800,2900,0
ORD01666,2026-09-05,C0316,Water Bottle,Accessories,Faisalabad,2,1800,800,15
ORD01666,2026-09-05,C0316,Wireless Mouse,Electronics,Faisalabad,2,3200,2050,0
ORD01667,2025-05-14,C0260,Wireless Mouse,Electronics,Lahore,3,3200,2050,0
ORD01668,2025-09-25,C0049,Wireless Mouse,Electronics,Islamabad,2,3200,2050,15
ORD01669,2025-03-11,C0199,Backpack,Accessories,Faisalabad,1,6500,4100,15
ORD01669,2025-03-11,C0199,Desk Lamp,Home,Faisalabad,2,4800,2900,0
ORD01670,2026-08-26,C0281,USB Hub,Electronics,Lahore,3,4500,2850,0
ORD01671,2026-09-22,C0288,Desk Lamp,Home,Karachi,2,4800,2900,0
ORD01672,2025-08-23,C0087,Notebook Set,Stationery,Lahore,2,950,420,5
ORD01673,2026-03-17,C0209,Notebook Set,Stationery,Lahore,2,950,420,0
ORD01673,2026-03-17,C0209,USB Hub,Electronics,Lahore,1,4500,2850,5
ORD01673,2026-03-17,C0209,Wireless Mouse,Electronics,Lahore,1,3200,2050,0
ORD01674,2025-09-17,C0019,Backpack,Accessories,Karachi,2,6500,4100,10
ORD01674,2025-09-17,C0019,Wireless Mouse,Electronics,Karachi,1,3200,2050,5
ORD01674,2025-09-17,C0019,USB Hub,Electronics,Karachi,4,4500,2850,15
ORD01675,2025-10-02,C0050,USB Hub,Electronics,Faisalabad,2,4500,2850,0
ORD01676,2025-04-20,C0151,Desk Lamp,Home,Islamabad,2,4800,2900,45
ORD01676,2025-04-20,C0151,Wireless Mouse,Electronics,Islamabad,4,3200,2050,45
ORD01677,2025-03-13,C0196,USB Hub,Electronics,Lahore,1,4500,2850,10
ORD01677,2025-03-13,C0196,Notebook Set,Stationery,Lahore,2,950,420,15
ORD01678,2025-03-05,C0246,USB Hub,Electronics,Karachi,2,4500,2850,25
ORD01678,2025-03-05,C0246,Desk Lamp,Home,Karachi,4,4800,2900,15
ORD01678,2025-03-05,C0246,Backpack,Accessories,Karachi,2,6500,4100,25
ORD01679,2025-10-31,C0264,Wireless Mouse,Electronics,Islamabad,3,3200,2050,15
ORD01679,2025-10-31,C0264,Desk Lamp,Home,Islamabad,2,4800,2900,15
ORD01680,2025-11-07,C0088,Desk Lamp,Home,Lahore,2,4800,2900,5
ORD01680,2025-11-07,C0088,Notebook Set,Stationery,Lahore,3,950,420,10
ORD01681,2025-10-27,C0066,Desk Lamp,Home,Islamabad,1,4800,2900,25
ORD01681,2025-10-27,C0066,Notebook Set,Stationery,Islamabad,4,950,420,45
ORD01681,2025-10-27,C0066,USB Hub,Electronics,Islamabad,3,4500,2850,45
ORD01682,2025-09-23,C0102,USB Hub,Electronics,Lahore,1,4500,2850,45
ORD01683,2026-05-10,C0153,Notebook Set,Stationery,Islamabad,1,950,420,0
ORD01684,2025-01-05,C0319,Water Bottle,Accessories,Islamabad,3,1800,800,0
ORD01684,2025-01-05,C0319,USB Hub,Electronics,Islamabad,1,4500,2850,45
ORD01684,2025-01-05,C0319,Backpack,Accessories,Islamabad,4,6500,4100,5
ORD01685,2025-02-17,C0134,Desk Lamp,Home,Lahore,4,4800,2900,0
ORD01685,2025-02-17,C0134,Wireless Mouse,Electronics,Lahore,4,3200,2050,25
ORD01685,2025-02-17,C0134,Water Bottle,Accessories,Lahore,4,1800,800,0
ORD01686,2025-09-07,C0372,Backpack,Accessories,Lahore,4,6500,4100,45
ORD01686,2025-09-07,C0372,USB Hub,Electronics,Lahore,4,4500,2850,0
ORD01687,2025-06-06,C0123,USB Hub,Electronics,Karachi,4,4500,2850,15
ORD01687,2025-06-06,C0123,Desk Lamp,Home,Karachi,4,4800,2900,0
ORD01688,2025-07-08,C0360,USB Hub,Electronics,Karachi,4,4500,2850,5
ORD01688,2025-07-08,C0360,Wireless Mouse,Electronics,Karachi,1,3200,2050,15
ORD01689,2025-11-01,C0189,Backpack,Accessories,Faisalabad,4,6500,4100,0
ORD01689,2025-11-01,C0189,Desk Lamp,Home,Faisalabad,1,4800,2900,0
ORD01690,2025-08-07,C0234,Desk Lamp,Home,Islamabad,2,4800,2900,10
ORD01690,2025-08-07,C0234,USB Hub,Electronics,Islamabad,1,4500,2850,45
ORD01690,2025-08-07,C0234,Backpack,Accessories,Islamabad,2,6500,4100,5
ORD01691,2026-01-21,C0172,Wireless Mouse,Electronics,Karachi,4,3200,2050,5
ORD01691,2026-01-21,C0172,Desk Lamp,Home,Karachi,1,4800,2900,0
ORD01691,2026-01-21,C0172,USB Hub,Electronics,Karachi,3,4500,2850,0
ORD01692,2025-10-27,C0294,USB Hub,Electronics,Faisalabad,2,4500,2850,0
ORD01692,2025-10-27,C0294,Desk Lamp,Home,Faisalabad,3,4800,2900,25
ORD01693,2026-08-14,C0369,Water Bottle,Accessories,Lahore,1,1800,800,15
ORD01693,2026-08-14,C0369,Backpack,Accessories,Lahore,4,6500,4100,0
ORD01694,2025-01-30,C0162,Water Bottle,Accessories,Karachi,2,1800,800,10
ORD01694,2025-01-30,C0162,Notebook Set,Stationery,Karachi,1,950,420,0
ORD01694,2025-01-30,C0162,Backpack,Accessories,Karachi,1,6500,4100,10
ORD01695,2025-05-02,C0041,Water Bottle,Accessories,Islamabad,1,1800,800,45
ORD01695,2025-05-02,C0041,Wireless Mouse,Electronics,Islamabad,2,3200,2050,0
ORD01695,2025-05-02,C0041,Notebook Set,Stationery,Islamabad,4,950,420,25
ORD01696,2026-03-25,C0034,Wireless Mouse,Electronics,Lahore,3,3200,2050,5
ORD01697,2026-05-04,C0041,Backpack,Accessories,Islamabad,4,6500,4100,45
ORD01697,2026-05-04,C0041,Water Bottle,Accessories,Islamabad,2,1800,800,0
ORD01697,2026-05-04,C0041,Wireless Mouse,Electronics,Islamabad,1,3200,2050,25
ORD01698,2025-12-30,C0173,Desk Lamp,Home,Lahore,3,4800,2900,5
ORD01698,2025-12-30,C0173,Water Bottle,Accessories,Lahore,4,1800,800,15
ORD01698,2025-12-30,C0173,Notebook Set,Stationery,Lahore,4,950,420,0
ORD01699,2026-03-05,C0225,Water Bottle,Accessories,Lahore,3,1800,800,25
ORD01700,2025-04-20,C0088,Water Bottle,Accessories,Faisalabad,4,1800,800,25
ORD01700,2025-04-20,C0088,USB Hub,Electronics,Faisalabad,1,4500,2850,0
ORD01701,2025-03-22,C0297,Notebook Set,Stationery,Lahore,1,950,420,5
ORD01702,2026-03-09,C0389,USB Hub,Electronics,Karachi,3,4500,2850,0
ORD01702,2026-03-09,C0389,Notebook Set,Stationery,Karachi,4,950,420,15
ORD01702,2026-03-09,C0389,Backpack,Accessories,Karachi,1,6500,4100,15
ORD01703,2025-10-05,C0019,Backpack,Accessories,Faisalabad,3,6500,4100,0
ORD01703,2025-10-05,C0019,Wireless Mouse,Electronics,Faisalabad,4,3200,2050,5
ORD01704,2025-09-26,C0322,Backpack,Accessories,Islamabad,3,6500,4100,5
ORD01705,2025-04-26,C0022,Backpack,Accessories,Faisalabad,4,6500,4100,5
ORD01706,2025-05-08,C0286,Backpack,Accessories,Islamabad,1,6500,4100,5
ORD01707,2025-07-13,C0334,Wireless Mouse,Electronics,Faisalabad,3,3200,2050,15
ORD01707,2025-07-13,C0334,Notebook Set,Stationery,Faisalabad,2,950,420,15
ORD01707,2025-07-13,C0334,Water Bottle,Accessories,Faisalabad,3,1800,800,0
ORD01708,2026-03-14,C0068,Backpack,Accessories,Karachi,4,6500,4100,0
ORD01708,2026-03-14,C0068,Water Bottle,Accessories,Karachi,3,1800,800,0
ORD01708,2026-03-14,C0068,Wireless Mouse,Electronics,Karachi,1,3200,2050,10
ORD01709,2025-01-18,C0253,USB Hub,Electronics,Islamabad,2,4500,2850,5
ORD01709,2025-01-18,C0253,Wireless Mouse,Electronics,Islamabad,3,3200,2050,5
ORD01710,2026-06-05,C0374,USB Hub,Electronics,Faisalabad,1,4500,2850,45
ORD01711,2026-09-17,C0034,Wireless Mouse,Electronics,Lahore,1,3200,2050,10
ORD01711,2026-09-17,C0034,Backpack,Accessories,Lahore,4,6500,4100,0
ORD01711,2026-09-17,C0034,USB Hub,Electronics,Lahore,1,4500,2850,0
ORD01712,2025-08-03,C0052,USB Hub,Electronics,Lahore,2,4500,2850,45
ORD01712,2025-08-03,C0052,Desk Lamp,Home,Lahore,1,4800,2900,10
ORD01712,2025-08-03,C0052,Notebook Set,Stationery,Lahore,3,950,420,10
ORD01713,2026-07-08,C0355,Desk Lamp,Home,Karachi,3,4800,2900,5
ORD01713,2026-07-08,C0355,Water Bottle,Accessories,Karachi,4,1800,800,0
ORD01713,2026-07-08,C0355,Wireless Mouse,Electronics,Karachi,3,3200,2050,0
ORD01714,2025-05-15,C0070,USB Hub,Electronics,Islamabad,2,4500,2850,10
ORD01715,2026-07-12,C0346,Backpack,Accessories,Lahore,3,6500,4100,10
ORD01715,2026-07-12,C0346,Desk Lamp,Home,Lahore,3,4800,2900,15
ORD01715,2026-07-12,C0346,USB Hub,Electronics,Lahore,2,4500,2850,25
ORD01716,2026-03-29,C0122,Desk Lamp,Home,Islamabad,4,4800,2900,15
ORD01716,2026-03-29,C0122,Wireless Mouse,Electronics,Islamabad,3,3200,2050,5
ORD01716,2026-03-29,C0122,Backpack,Accessories,Islamabad,3,6500,4100,5
ORD01717,2025-02-03,C0099,Desk Lamp,Home,Islamabad,2,4800,2900,10
ORD01717,2025-02-03,C0099,Water Bottle,Accessories,Islamabad,3,1800,800,15
ORD01717,2025-02-03,C0099,USB Hub,Electronics,Islamabad,3,4500,2850,10
ORD01718,2026-09-15,C0027,Wireless Mouse,Electronics,Lahore,2,3200,2050,0
ORD01718,2026-09-15,C0027,Notebook Set,Stationery,Lahore,2,950,420,15
ORD01719,2026-08-30,C0313,Desk Lamp,Home,Islamabad,2,4800,2900,0
ORD01720,2026-03-16,C0147,Notebook Set,Stationery,Faisalabad,3,950,420,0
ORD01721,2026-05-01,C0235,Water Bottle,Accessories,Islamabad,3,1800,800,45
ORD01721,2026-05-01,C0235,USB Hub,Electronics,Islamabad,2,4500,2850,10
ORD01722,2026-04-27,C0110,Wireless Mouse,Electronics,Islamabad,1,3200,2050,45
ORD01722,2026-04-27,C0110,Desk Lamp,Home,Islamabad,3,4800,2900,15
ORD01723,2025-09-11,C0120,Desk Lamp,Home,Karachi,3,4800,2900,0
ORD01723,2025-09-11,C0120,Wireless Mouse,Electronics,Karachi,1,3200,2050,5
ORD01723,2025-09-11,C0120,USB Hub,Electronics,Karachi,2,4500,2850,0
ORD01724,2026-08-25,C0132,USB Hub,Electronics,Karachi,1,4500,2850,10
ORD01724,2026-08-25,C0132,Notebook Set,Stationery,Karachi,1,950,420,0
ORD01725,2026-01-13,C0082,USB Hub,Electronics,Lahore,3,4500,2850,5
ORD01726,2026-09-14,C0155,Water Bottle,Accessories,Faisalabad,1,1800,800,0
ORD01726,2026-09-14,C0155,Wireless Mouse,Electronics,Faisalabad,2,3200,2050,45
ORD01727,2025-05-08,C0095,USB Hub,Electronics,Faisalabad,3,4500,2850,45
ORD01728,2025-12-21,C0238,Water Bottle,Accessories,Lahore,1,1800,800,0
ORD01728,2025-12-21,C0238,Backpack,Accessories,Lahore,4,6500,4100,0
ORD01729,2026-08-08,C0146,Notebook Set,Stationery,Karachi,2,950,420,45
ORD01729,2026-08-08,C0146,USB Hub,Electronics,Karachi,3,4500,2850,45
ORD01729,2026-08-08,C0146,Water Bottle,Accessories,Karachi,4,1800,800,10
ORD01730,2025-08-17,C0379,Backpack,Accessories,Faisalabad,3,6500,4100,25
ORD01731,2026-09-15,C0101,Backpack,Accessories,Faisalabad,4,6500,4100,25
ORD01731,2026-09-15,C0101,Wireless Mouse,Electronics,Faisalabad,4,3200,2050,15
ORD01732,2025-09-11,C0172,Water Bottle,Accessories,Faisalabad,2,1800,800,15
ORD01733,2026-03-02,C0033,USB Hub,Electronics,Lahore,1,4500,2850,15
ORD01734,2025-03-10,C0308,Desk Lamp,Home,Faisalabad,3,4800,2900,15
ORD01734,2025-03-10,C0308,Notebook Set,Stationery,Faisalabad,3,950,420,15
ORD01735,2025-05-19,C0083,Backpack,Accessories,Faisalabad,3,6500,4100,15
ORD01735,2025-05-19,C0083,USB Hub,Electronics,Faisalabad,1,4500,2850,10
ORD01736,2026-04-07,C0035,Backpack,Accessories,Lahore,1,6500,4100,10
ORD01737,2025-03-27,C0101,Desk Lamp,Home,Lahore,4,4800,2900,5
ORD01737,2025-03-27,C0101,Wireless Mouse,Electronics,Lahore,2,3200,2050,5
ORD01737,2025-03-27,C0101,Backpack,Accessories,Lahore,2,6500,4100,45
ORD01738,2025-03-29,C0341,Notebook Set,Stationery,Faisalabad,4,950,420,0
ORD01738,2025-03-29,C0341,USB Hub,Electronics,Faisalabad,4,4500,2850,15
ORD01738,2025-03-29,C0341,Wireless Mouse,Electronics,Faisalabad,1,3200,2050,10
ORD01739,2025-01-24,C0034,Notebook Set,Stationery,Islamabad,3,950,420,10
ORD01739,2025-01-24,C0034,Wireless Mouse,Electronics,Islamabad,4,3200,2050,5
ORD01739,2025-01-24,C0034,Desk Lamp,Home,Islamabad,2,4800,2900,0
ORD01740,2026-08-09,C0334,Desk Lamp,Home,Karachi,1,4800,2900,15
ORD01740,2026-08-09,C0334,USB Hub,Electronics,Karachi,1,4500,2850,0
ORD01741,2025-04-16,C0395,Water Bottle,Accessories,Faisalabad,3,1800,800,0
ORD01741,2025-04-16,C0395,Desk Lamp,Home,Faisalabad,2,4800,2900,5
ORD01741,2025-04-16,C0395,Notebook Set,Stationery,Faisalabad,3,950,420,45
ORD01742,2026-03-22,C0175,Wireless Mouse,Electronics,Islamabad,1,3200,2050,0
ORD01742,2026-03-22,C0175,Water Bottle,Accessories,Islamabad,1,1800,800,15
ORD01743,2025-01-19,C0042,Wireless Mouse,Electronics,Islamabad,1,3200,2050,15
ORD01744,2025-08-20,C0114,Backpack,Accessories,Islamabad,2,6500,4100,15
ORD01745,2026-02-03,C0271,Backpack,Accessories,Lahore,1,6500,4100,10
ORD01746,2026-02-03,C0329,Notebook Set,Stationery,Islamabad,2,950,420,0
ORD01746,2026-02-03,C0329,USB Hub,Electronics,Islamabad,1,4500,2850,15
ORD01746,2026-02-03,C0329,Desk Lamp,Home,Islamabad,3,4800,2900,0
ORD01747,2025-01-15,C0262,Desk Lamp,Home,Karachi,1,4800,2900,0
ORD01747,2025-01-15,C0262,USB Hub,Electronics,Karachi,3,4500,2850,15
ORD01748,2025-04-03,C0064,Backpack,Accessories,Islamabad,1,6500,4100,15
ORD01748,2025-04-03,C0064,Wireless Mouse,Electronics,Islamabad,1,3200,2050,0
ORD01749,2026-09-05,C0090,USB Hub,Electronics,Islamabad,2,4500,2850,0
ORD01749,2026-09-05,C0090,Backpack,Accessories,Islamabad,3,6500,4100,45
ORD01749,2026-09-05,C0090,Notebook Set,Stationery,Islamabad,4,950,420,45
ORD01750,2025-03-29,C0301,Wireless Mouse,Electronics,Islamabad,2,3200,2050,15
ORD01750,2025-03-29,C0301,Water Bottle,Accessories,Islamabad,4,1800,800,10
ORD01751,2025-05-14,C0194,USB Hub,Electronics,Lahore,2,4500,2850,15
ORD01752,2026-04-09,C0220,Backpack,Accessories,Islamabad,4,6500,4100,0
ORD01753,2025-05-29,C0277,USB Hub,Electronics,Faisalabad,4,4500,2850,10
ORD01753,2025-05-29,C0277,Desk Lamp,Home,Faisalabad,3,4800,2900,0
ORD01754,2025-12-03,C0235,Notebook Set,Stationery,Faisalabad,3,950,420,45
ORD01755,2025-06-01,C0278,Desk Lamp,Home,Faisalabad,1,4800,2900,0
ORD01755,2025-06-01,C0278,Notebook Set,Stationery,Faisalabad,2,950,420,0
ORD01756,2025-01-07,C0278,Backpack,Accessories,Lahore,4,6500,4100,25
ORD01757,2025-01-21,C0068,Desk Lamp,Home,Islamabad,4,4800,2900,0
ORD01757,2025-01-21,C0068,USB Hub,Electronics,Islamabad,3,4500,2850,45
ORD01757,2025-01-21,C0068,Water Bottle,Accessories,Islamabad,1,1800,800,0
ORD01758,2025-08-19,C0108,Backpack,Accessories,Faisalabad,3,6500,4100,45
ORD01758,2025-08-19,C0108,Water Bottle,Accessories,Faisalabad,3,1800,800,0
ORD01759,2026-04-09,C0129,Desk Lamp,Home,Karachi,3,4800,2900,15
ORD01759,2026-04-09,C0129,Wireless Mouse,Electronics,Karachi,4,3200,2050,15
ORD01760,2026-01-25,C0317,Notebook Set,Stationery,Karachi,4,950,420,0
ORD01760,2026-01-25,C0317,Wireless Mouse,Electronics,Karachi,4,3200,2050,45
ORD01760,2026-01-25,C0317,Water Bottle,Accessories,Karachi,4,1800,800,10
ORD01761,2025-11-21,C0172,Water Bottle,Accessories,Lahore,2,1800,800,0
ORD01761,2025-11-21,C0172,Desk Lamp,Home,Lahore,4,4800,2900,45
ORD01762,2026-05-27,C0121,Backpack,Accessories,Lahore,2,6500,4100,25
ORD01762,2026-05-27,C0121,Wireless Mouse,Electronics,Lahore,1,3200,2050,5
ORD01763,2025-10-20,C0020,Backpack,Accessories,Islamabad,4,6500,4100,15
ORD01763,2025-10-20,C0020,Notebook Set,Stationery,Islamabad,2,950,420,5
ORD01763,2025-10-20,C0020,Desk Lamp,Home,Islamabad,4,4800,2900,10
ORD01764,2025-02-18,C0343,Water Bottle,Accessories,Islamabad,4,1800,800,45
ORD01765,2025-08-30,C0370,Notebook Set,Stationery,Faisalabad,4,950,420,10
ORD01765,2025-08-30,C0370,Desk Lamp,Home,Faisalabad,3,4800,2900,0
ORD01765,2025-08-30,C0370,Water Bottle,Accessories,Faisalabad,2,1800,800,10
ORD01766,2025-03-11,C0065,USB Hub,Electronics,Islamabad,2,4500,2850,5
ORD01767,2025-03-16,C0163,Desk Lamp,Home,Islamabad,4,4800,2900,45
ORD01767,2025-03-16,C0163,Wireless Mouse,Electronics,Islamabad,2,3200,2050,15
ORD01768,2025-03-31,C0363,USB Hub,Electronics,Lahore,2,4500,2850,0
ORD01768,2025-03-31,C0363,Water Bottle,Accessories,Lahore,1,1800,800,0
ORD01769,2025-02-06,C0180,Notebook Set,Stationery,Lahore,3,950,420,15
ORD01770,2025-02-07,C0362,Water Bottle,Accessories,Islamabad,1,1800,800,5
ORD01770,2025-02-07,C0362,Desk Lamp,Home,Islamabad,1,4800,2900,0
ORD01771,2025-07-20,C0089,Backpack,Accessories,Karachi,1,6500,4100,0
ORD01772,2026-09-16,C0003,Water Bottle,Accessories,Karachi,2,1800,800,25
ORD01772,2026-09-16,C0003,Desk Lamp,Home,Karachi,3,4800,2900,45
ORD01773,2026-03-23,C0316,Notebook Set,Stationery,Karachi,2,950,420,0
ORD01773,2026-03-23,C0316,USB Hub,Electronics,Karachi,4,4500,2850,10
ORD01774,2026-05-25,C0272,Desk Lamp,Home,Lahore,3,4800,2900,0
ORD01774,2026-05-25,C0272,Notebook Set,Stationery,Lahore,3,950,420,25
ORD01775,2025-02-25,C0004,Wireless Mouse,Electronics,Lahore,2,3200,2050,5
ORD01775,2025-02-25,C0004,Backpack,Accessories,Lahore,3,6500,4100,45
ORD01775,2025-02-25,C0004,USB Hub,Electronics,Lahore,4,4500,2850,0
ORD01776,2025-06-03,C0110,Backpack,Accessories,Karachi,3,6500,4100,5
ORD01776,2025-06-03,C0110,USB Hub,Electronics,Karachi,1,4500,2850,5
ORD01777,2026-05-26,C0398,Wireless Mouse,Electronics,Karachi,1,3200,2050,15
ORD01778,2026-01-12,C0258,Wireless Mouse,Electronics,Lahore,2,3200,2050,15
ORD01778,2026-01-12,C0258,Notebook Set,Stationery,Lahore,2,950,420,10
ORD01779,2025-10-20,C0154,USB Hub,Electronics,Lahore,4,4500,2850,0
ORD01779,2025-10-20,C0154,Backpack,Accessories,Lahore,4,6500,4100,0
ORD01780,2026-03-01,C0394,Backpack,Accessories,Faisalabad,1,6500,4100,45
ORD01780,2026-03-01,C0394,USB Hub,Electronics,Faisalabad,4,4500,2850,45
ORD01781,2025-09-03,C0129,Water Bottle,Accessories,Faisalabad,3,1800,800,15
ORD01782,2025-10-07,C0392,Backpack,Accessories,Islamabad,4,6500,4100,0
ORD01783,2026-04-16,C0098,Desk Lamp,Home,Islamabad,2,4800,2900,45
ORD01783,2026-04-16,C0098,Wireless Mouse,Electronics,Islamabad,2,3200,2050,0
ORD01783,2026-04-16,C0098,Water Bottle,Accessories,Islamabad,3,1800,800,45
ORD01784,2025-06-09,C0385,Notebook Set,Stationery,Islamabad,4,950,420,5
ORD01784,2025-06-09,C0385,Backpack,Accessories,Islamabad,3,6500,4100,25
ORD01785,2025-02-22,C0289,USB Hub,Electronics,Karachi,1,4500,2850,5
ORD01785,2025-02-22,C0289,Notebook Set,Stationery,Karachi,1,950,420,0
ORD01786,2026-02-24,C0328,USB Hub,Electronics,Islamabad,2,4500,2850,0
ORD01787,2026-04-28,C0207,Desk Lamp,Home,Karachi,3,4800,2900,0
ORD01787,2026-04-28,C0207,Backpack,Accessories,Karachi,3,6500,4100,10
ORD01788,2025-05-17,C0240,Desk Lamp,Home,Karachi,3,4800,2900,0
ORD01788,2025-05-17,C0240,USB Hub,Electronics,Karachi,4,4500,2850,0
ORD01789,2025-07-04,C0015,Backpack,Accessories,Faisalabad,1,6500,4100,0
ORD01790,2026-01-24,C0322,Desk Lamp,Home,Lahore,4,4800,2900,0
ORD01791,2025-04-24,C0162,Backpack,Accessories,Karachi,3,6500,4100,0
ORD01792,2026-03-16,C0023,Desk Lamp,Home,Islamabad,1,4800,2900,45
ORD01793,2025-11-17,C0277,Wireless Mouse,Electronics,Lahore,2,3200,2050,5
ORD01794,2026-05-05,C0316,Desk Lamp,Home,Karachi,3,4800,2900,0
ORD01794,2026-05-05,C0316,USB Hub,Electronics,Karachi,2,4500,2850,45
ORD01795,2025-08-07,C0070,USB Hub,Electronics,Lahore,1,4500,2850,15
ORD01796,2025-09-12,C0038,Backpack,Accessories,Faisalabad,3,6500,4100,10
ORD01796,2025-09-12,C0038,USB Hub,Electronics,Faisalabad,1,4500,2850,5
ORD01796,2025-09-12,C0038,Water Bottle,Accessories,Faisalabad,2,1800,800,0
ORD01797,2026-06-25,C0364,USB Hub,Electronics,Karachi,3,4500,2850,0
ORD01797,2026-06-25,C0364,Notebook Set,Stationery,Karachi,4,950,420,0
ORD01798,2025-05-24,C0277,Water Bottle,Accessories,Islamabad,3,1800,800,0
ORD01798,2025-05-24,C0277,Notebook Set,Stationery,Islamabad,2,950,420,10
ORD01798,2025-05-24,C0277,Wireless Mouse,Electronics,Islamabad,1,3200,2050,25
ORD01799,2025-11-22,C0387,USB Hub,Electronics,Karachi,1,4500,2850,45
ORD01799,2025-11-22,C0387,Desk Lamp,Home,Karachi,3,4800,2900,10
ORD01800,2025-05-15,C0228,Water Bottle,Accessories,Islamabad,1,1800,800,0
ORD01800,2025-05-15,C0228,Backpack,Accessories,Islamabad,4,6500,4100,0
ORD01800,2025-05-15,C0228,Notebook Set,Stationery,Islamabad,2,950,420,15
ORD01801,2026-01-23,C0145,Notebook Set,Stationery,Faisalabad,1,950,420,10
ORD01802,2025-03-02,C0377,Backpack,Accessories,Islamabad,2,6500,4100,10
ORD01803,2025-04-17,C0201,Backpack,Accessories,Lahore,3,6500,4100,5
ORD01804,2025-02-08,C0170,Notebook Set,Stationery,Faisalabad,2,950,420,25
ORD01804,2025-02-08,C0170,Wireless Mouse,Electronics,Faisalabad,2,3200,2050,0
ORD01804,2025-02-08,C0170,USB Hub,Electronics,Faisalabad,1,4500,2850,45
ORD01805,2026-06-03,C0018,Water Bottle,Accessories,Faisalabad,1,1800,800,5
ORD01805,2026-06-03,C0018,Backpack,Accessories,Faisalabad,2,6500,4100,0
ORD01805,2026-06-03,C0018,Desk Lamp,Home,Faisalabad,4,4800,2900,15
ORD01806,2026-07-04,C0210,Notebook Set,Stationery,Lahore,4,950,420,0
ORD01807,2026-03-19,C0050,Water Bottle,Accessories,Faisalabad,1,1800,800,15
ORD01807,2026-03-19,C0050,Notebook Set,Stationery,Faisalabad,4,950,420,0
ORD01808,2026-04-23,C0227,Water Bottle,Accessories,Faisalabad,4,1800,800,10
ORD01808,2026-04-23,C0227,USB Hub,Electronics,Faisalabad,1,4500,2850,0
ORD01808,2026-04-23,C0227,Wireless Mouse,Electronics,Faisalabad,3,3200,2050,45
ORD01809,2025-08-08,C0218,Backpack,Accessories,Faisalabad,3,6500,4100,5
ORD01809,2025-08-08,C0218,Notebook Set,Stationery,Faisalabad,4,950,420,0
ORD01809,2025-08-08,C0218,Water Bottle,Accessories,Faisalabad,1,1800,800,5
ORD01810,2025-05-09,C0239,Water Bottle,Accessories,Islamabad,1,1800,800,10
ORD01810,2025-05-09,C0239,Backpack,Accessories,Islamabad,4,6500,4100,25
ORD01810,2025-05-09,C0239,Notebook Set,Stationery,Islamabad,3,950,420,5
ORD01811,2026-06-19,C0344,Backpack,Accessories,Karachi,3,6500,4100,45
ORD01812,2026-07-22,C0092,Desk Lamp,Home,Karachi,2,4800,2900,5
ORD01812,2026-07-22,C0092,Water Bottle,Accessories,Karachi,2,1800,800,0
ORD01812,2026-07-22,C0092,Notebook Set,Stationery,Karachi,4,950,420,45
ORD01813,2025-11-10,C0082,Notebook Set,Stationery,Islamabad,1,950,420,0
ORD01813,2025-11-10,C0082,Backpack,Accessories,Islamabad,1,6500,4100,0
ORD01814,2026-09-12,C0293,Wireless Mouse,Electronics,Islamabad,4,3200,2050,0
ORD01814,2026-09-12,C0293,USB Hub,Electronics,Islamabad,4,4500,2850,15
ORD01814,2026-09-12,C0293,Desk Lamp,Home,Islamabad,2,4800,2900,10
ORD01815,2025-02-17,C0082,Desk Lamp,Home,Lahore,2,4800,2900,25
ORD01815,2025-02-17,C0082,Water Bottle,Accessories,Lahore,4,1800,800,5
ORD01815,2025-02-17,C0082,Wireless Mouse,Electronics,Lahore,3,3200,2050,15
ORD01816,2026-07-31,C0322,Backpack,Accessories,Lahore,2,6500,4100,5
ORD01816,2026-07-31,C0322,Desk Lamp,Home,Lahore,1,4800,2900,0
ORD01817,2026-04-24,C0328,Wireless Mouse,Electronics,Islamabad,3,3200,2050,0
ORD01818,2025-12-17,C0389,USB Hub,Electronics,Lahore,4,4500,2850,10
ORD01818,2025-12-17,C0389,Notebook Set,Stationery,Lahore,2,950,420,15
ORD01819,2026-01-31,C0191,Water Bottle,Accessories,Lahore,2,1800,800,0
ORD01819,2026-01-31,C0191,Wireless Mouse,Electronics,Lahore,2,3200,2050,25
ORD01819,2026-01-31,C0191,USB Hub,Electronics,Lahore,2,4500,2850,10
ORD01820,2025-04-02,C0046,Backpack,Accessories,Faisalabad,1,6500,4100,5
ORD01820,2025-04-02,C0046,Wireless Mouse,Electronics,Faisalabad,3,3200,2050,15
ORD01821,2026-05-20,C0072,USB Hub,Electronics,Lahore,1,4500,2850,45
ORD01821,2026-05-20,C0072,Water Bottle,Accessories,Lahore,4,1800,800,15
ORD01822,2025-08-03,C0266,Wireless Mouse,Electronics,Islamabad,1,3200,2050,0
ORD01822,2025-08-03,C0266,USB Hub,Electronics,Islamabad,4,4500,2850,0
ORD01822,2025-08-03,C0266,Notebook Set,Stationery,Islamabad,2,950,420,0
ORD01823,2026-03-16,C0005,Desk Lamp,Home,Karachi,4,4800,2900,15
ORD01823,2026-03-16,C0005,Water Bottle,Accessories,Karachi,4,1800,800,10
ORD01823,2026-03-16,C0005,Notebook Set,Stationery,Karachi,4,950,420,15
ORD01824,2025-08-05,C0224,Notebook Set,Stationery,Karachi,3,950,420,5
ORD01824,2025-08-05,C0224,Desk Lamp,Home,Karachi,2,4800,2900,0
ORD01825,2025-09-04,C0143,Wireless Mouse,Electronics,Faisalabad,1,3200,2050,0
ORD01825,2025-09-04,C0143,Desk Lamp,Home,Faisalabad,2,4800,2900,5
ORD01826,2025-11-03,C0014,USB Hub,Electronics,Islamabad,3,4500,2850,0
ORD01827,2025-10-27,C0015,Notebook Set,Stationery,Islamabad,1,950,420,5
ORD01828,2025-09-10,C0090,Desk Lamp,Home,Faisalabad,3,4800,2900,5
ORD01829,2025-10-17,C0291,Water Bottle,Accessories,Lahore,1,1800,800,5
ORD01829,2025-10-17,C0291,Wireless Mouse,Electronics,Lahore,4,3200,2050,45
ORD01830,2025-03-07,C0397,Notebook Set,Stationery,Islamabad,3,950,420,25
ORD01830,2025-03-07,C0397,Backpack,Accessories,Islamabad,3,6500,4100,0
ORD01831,2026-08-22,C0114,Wireless Mouse,Electronics,Faisalabad,4,3200,2050,15
ORD01832,2025-05-17,C0001,Water Bottle,Accessories,Lahore,1,1800,800,0
ORD01833,2026-06-19,C0352,Backpack,Accessories,Lahore,4,6500,4100,45
ORD01833,2026-06-19,C0352,Notebook Set,Stationery,Lahore,3,950,420,45
ORD01834,2025-03-12,C0263,USB Hub,Electronics,Faisalabad,4,4500,2850,15
ORD01834,2025-03-12,C0263,Notebook Set,Stationery,Faisalabad,3,950,420,10
ORD01835,2025-07-22,C0215,Desk Lamp,Home,Faisalabad,2,4800,2900,5
ORD01836,2026-02-02,C0145,Desk Lamp,Home,Islamabad,3,4800,2900,10
ORD01837,2026-04-01,C0255,Water Bottle,Accessories,Karachi,3,1800,800,10
ORD01837,2026-04-01,C0255,USB Hub,Electronics,Karachi,1,4500,2850,15
ORD01838,2025-01-15,C0128,Water Bottle,Accessories,Islamabad,3,1800,800,0
ORD01838,2025-01-15,C0128,Desk Lamp,Home,Islamabad,4,4800,2900,5
ORD01838,2025-01-15,C0128,USB Hub,Electronics,Islamabad,4,4500,2850,25
ORD01839,2025-10-29,C0389,Notebook Set,Stationery,Faisalabad,1,950,420,0
ORD01839,2025-10-29,C0389,Wireless Mouse,Electronics,Faisalabad,3,3200,2050,15
ORD01839,2025-10-29,C0389,Water Bottle,Accessories,Faisalabad,4,1800,800,0
ORD01840,2025-09-10,C0109,Desk Lamp,Home,Faisalabad,2,4800,2900,0
ORD01841,2026-02-15,C0210,Desk Lamp,Home,Islamabad,1,4800,2900,15
ORD01841,2026-02-15,C0210,USB Hub,Electronics,Islamabad,3,4500,2850,0
ORD01841,2026-02-15,C0210,Notebook Set,Stationery,Islamabad,3,950,420,10
ORD01842,2025-04-22,C0004,Backpack,Accessories,Islamabad,4,6500,4100,0
ORD01842,2025-04-22,C0004,Notebook Set,Stationery,Islamabad,3,950,420,0
ORD01843,2025-02-11,C0383,Notebook Set,Stationery,Lahore,3,950,420,45
ORD01843,2025-02-11,C0383,USB Hub,Electronics,Lahore,4,4500,2850,25
ORD01844,2025-04-14,C0068,USB Hub,Electronics,Karachi,1,4500,2850,0
ORD01844,2025-04-14,C0068,Backpack,Accessories,Karachi,3,6500,4100,15
ORD01845,2025-03-15,C0348,Backpack,Accessories,Karachi,4,6500,4100,45
ORD01845,2025-03-15,C0348,Wireless Mouse,Electronics,Karachi,1,3200,2050,5
ORD01846,2025-05-29,C0181,Backpack,Accessories,Faisalabad,4,6500,4100,15
ORD01846,2025-05-29,C0181,Notebook Set,Stationery,Faisalabad,1,950,420,0
ORD01846,2025-05-29,C0181,Water Bottle,Accessories,Faisalabad,4,1800,800,5
ORD01847,2025-04-20,C0379,Notebook Set,Stationery,Karachi,2,950,420,25
ORD01847,2025-04-20,C0379,Desk Lamp,Home,Karachi,2,4800,2900,10
ORD01847,2025-04-20,C0379,USB Hub,Electronics,Karachi,4,4500,2850,10
ORD01848,2025-01-07,C0001,USB Hub,Electronics,Karachi,2,4500,2850,10
ORD01848,2025-01-07,C0001,Wireless Mouse,Electronics,Karachi,2,3200,2050,5
ORD01849,2025-01-12,C0030,Desk Lamp,Home,Islamabad,1,4800,2900,0
ORD01850,2025-03-22,C0151,Desk Lamp,Home,Lahore,2,4800,2900,0
ORD01851,2025-03-16,C0381,Desk Lamp,Home,Islamabad,2,4800,2900,45
ORD01852,2026-07-16,C0309,Notebook Set,Stationery,Lahore,2,950,420,10
ORD01852,2026-07-16,C0309,Backpack,Accessories,Lahore,2,6500,4100,0
ORD01853,2025-07-19,C0295,Water Bottle,Accessories,Karachi,1,1800,800,5
ORD01853,2025-07-19,C0295,Desk Lamp,Home,Karachi,4,4800,2900,15
ORD01853,2025-07-19,C0295,Notebook Set,Stationery,Karachi,2,950,420,45
ORD01854,2025-03-29,C0269,Water Bottle,Accessories,Islamabad,4,1800,800,0
ORD01855,2025-02-25,C0023,USB Hub,Electronics,Karachi,2,4500,2850,25
ORD01855,2025-02-25,C0023,Backpack,Accessories,Karachi,4,6500,4100,5
ORD01856,2025-01-29,C0062,Wireless Mouse,Electronics,Karachi,2,3200,2050,10
ORD01856,2025-01-29,C0062,Desk Lamp,Home,Karachi,1,4800,2900,25
ORD01857,2025-09-24,C0128,Water Bottle,Accessories,Faisalabad,2,1800,800,10
ORD01857,2025-09-24,C0128,Wireless Mouse,Electronics,Faisalabad,3,3200,2050,0
ORD01857,2025-09-24,C0128,USB Hub,Electronics,Faisalabad,1,4500,2850,25
ORD01858,2026-09-01,C0335,USB Hub,Electronics,Faisalabad,1,4500,2850,0
ORD01858,2026-09-01,C0335,Water Bottle,Accessories,Faisalabad,2,1800,800,10
ORD01859,2026-09-04,C0128,Desk Lamp,Home,Faisalabad,3,4800,2900,5
ORD01859,2026-09-04,C0128,Wireless Mouse,Electronics,Faisalabad,1,3200,2050,10
ORD01859,2026-09-04,C0128,Backpack,Accessories,Faisalabad,3,6500,4100,10
ORD01860,2025-06-21,C0237,USB Hub,Electronics,Islamabad,4,4500,2850,0
ORD01860,2025-06-21,C0237,Desk Lamp,Home,Islamabad,2,4800,2900,0
ORD01861,2025-08-28,C0018,USB Hub,Electronics,Islamabad,3,4500,2850,45
ORD01862,2025-08-11,C0138,Desk Lamp,Home,Lahore,3,4800,2900,0
ORD01862,2025-08-11,C0138,Wireless Mouse,Electronics,Lahore,3,3200,2050,5
ORD01863,2025-04-25,C0189,Notebook Set,Stationery,Faisalabad,4,950,420,5
ORD01864,2025-03-05,C0172,Notebook Set,Stationery,Islamabad,4,950,420,25
ORD01864,2025-03-05,C0172,Wireless Mouse,Electronics,Islamabad,1,3200,2050,5
ORD01864,2025-03-05,C0172,USB Hub,Electronics,Islamabad,3,4500,2850,10
ORD01865,2026-02-12,C0281,Backpack,Accessories,Lahore,1,6500,4100,45
ORD01865,2026-02-12,C0281,Wireless Mouse,Electronics,Lahore,2,3200,2050,0
ORD01866,2025-08-17,C0303,Water Bottle,Accessories,Lahore,1,1800,800,10
ORD01866,2025-08-17,C0303,Notebook Set,Stationery,Lahore,1,950,420,15
ORD01867,2025-06-27,C0225,Wireless Mouse,Electronics,Lahore,3,3200,2050,5
ORD01867,2025-06-27,C0225,Desk Lamp,Home,Lahore,4,4800,2900,0
ORD01867,2025-06-27,C0225,Notebook Set,Stationery,Lahore,3,950,420,15
ORD01868,2026-02-28,C0332,Notebook Set,Stationery,Islamabad,3,950,420,0
ORD01868,2026-02-28,C0332,USB Hub,Electronics,Islamabad,2,4500,2850,0
ORD01868,2026-02-28,C0332,Water Bottle,Accessories,Islamabad,1,1800,800,5
ORD01869,2025-10-24,C0212,Water Bottle,Accessories,Faisalabad,4,1800,800,15
ORD01869,2025-10-24,C0212,USB Hub,Electronics,Faisalabad,1,4500,2850,15
ORD01869,2025-10-24,C0212,Desk Lamp,Home,Faisalabad,4,4800,2900,0
ORD01870,2025-04-24,C0207,Water Bottle,Accessories,Karachi,1,1800,800,0
ORD01870,2025-04-24,C0207,Desk Lamp,Home,Karachi,4,4800,2900,5
ORD01870,2025-04-24,C0207,USB Hub,Electronics,Karachi,1,4500,2850,5
ORD01871,2025-12-25,C0315,Water Bottle,Accessories,Faisalabad,2,1800,800,25
ORD01872,2025-01-24,C0251,USB Hub,Electronics,Faisalabad,1,4500,2850,45
ORD01873,2026-04-20,C0365,Notebook Set,Stationery,Faisalabad,3,950,420,0
ORD01874,2025-07-15,C0040,Notebook Set,Stationery,Faisalabad,2,950,420,5
ORD01875,2026-05-12,C0366,USB Hub,Electronics,Islamabad,1,4500,2850,25
ORD01875,2026-05-12,C0366,Water Bottle,Accessories,Islamabad,2,1800,800,25
ORD01875,2026-05-12,C0366,Wireless Mouse,Electronics,Islamabad,2,3200,2050,0
ORD01876,2025-10-29,C0093,Water Bottle,Accessories,Karachi,3,1800,800,15
ORD01876,2025-10-29,C0093,Backpack,Accessories,Karachi,1,6500,4100,25
ORD01877,2026-06-22,C0242,Desk Lamp,Home,Karachi,1,4800,2900,0
ORD01877,2026-06-22,C0242,Notebook Set,Stationery,Karachi,3,950,420,0
ORD01878,2025-10-27,C0172,Water Bottle,Accessories,Lahore,4,1800,800,10
ORD01878,2025-10-27,C0172,USB Hub,Electronics,Lahore,3,4500,2850,45
ORD01878,2025-10-27,C0172,Backpack,Accessories,Lahore,3,6500,4100,0
ORD01879,2025-07-30,C0075,Wireless Mouse,Electronics,Karachi,1,3200,2050,0
ORD01879,2025-07-30,C0075,Desk Lamp,Home,Karachi,2,4800,2900,0
ORD01879,2025-07-30,C0075,USB Hub,Electronics,Karachi,4,4500,2850,10
ORD01880,2026-06-24,C0346,Wireless Mouse,Electronics,Karachi,4,3200,2050,5
ORD01880,2026-06-24,C0346,Backpack,Accessories,Karachi,2,6500,4100,15
ORD01880,2026-06-24,C0346,Notebook Set,Stationery,Karachi,4,950,420,45
ORD01881,2026-06-05,C0098,Notebook Set,Stationery,Lahore,3,950,420,5
ORD01881,2026-06-05,C0098,Backpack,Accessories,Lahore,4,6500,4100,10
ORD01882,2026-01-21,C0055,Wireless Mouse,Electronics,Islamabad,1,3200,2050,0
ORD01882,2026-01-21,C0055,Desk Lamp,Home,Islamabad,1,4800,2900,0
ORD01883,2025-10-05,C0196,Water Bottle,Accessories,Islamabad,3,1800,800,0
ORD01883,2025-10-05,C0196,Notebook Set,Stationery,Islamabad,4,950,420,5
ORD01884,2025-08-09,C0055,Desk Lamp,Home,Islamabad,4,4800,2900,25
ORD01884,2025-08-09,C0055,USB Hub,Electronics,Islamabad,4,4500,2850,10
ORD01885,2026-07-12,C0090,Desk Lamp,Home,Faisalabad,1,4800,2900,25
ORD01885,2026-07-12,C0090,Water Bottle,Accessories,Faisalabad,1,1800,800,5
ORD01886,2025-05-04,C0187,Water Bottle,Accessories,Karachi,4,1800,800,5
ORD01887,2025-02-06,C0339,Wireless Mouse,Electronics,Islamabad,1,3200,2050,15
ORD01887,2025-02-06,C0339,Backpack,Accessories,Islamabad,4,6500,4100,10
ORD01888,2026-01-21,C0267,Desk Lamp,Home,Faisalabad,2,4800,2900,25
ORD01889,2025-10-13,C0309,Wireless Mouse,Electronics,Karachi,2,3200,2050,45
ORD01889,2025-10-13,C0309,Backpack,Accessories,Karachi,4,6500,4100,10
ORD01889,2025-10-13,C0309,Water Bottle,Accessories,Karachi,3,1800,800,0
ORD01890,2025-12-27,C0267,USB Hub,Electronics,Karachi,2,4500,2850,0
ORD01891,2025-08-28,C0197,Water Bottle,Accessories,Karachi,2,1800,800,10
ORD01891,2025-08-28,C0197,USB Hub,Electronics,Karachi,3,4500,2850,25
ORD01892,2025-11-06,C0127,USB Hub,Electronics,Islamabad,4,4500,2850,15
ORD01893,2025-10-04,C0330,USB Hub,Electronics,Islamabad,3,4500,2850,10
ORD01893,2025-10-04,C0330,Desk Lamp,Home,Islamabad,1,4800,2900,25
ORD01894,2025-05-20,C0359,Wireless Mouse,Electronics,Faisalabad,1,3200,2050,45
ORD01894,2025-05-20,C0359,Notebook Set,Stationery,Faisalabad,3,950,420,0
ORD01895,2026-05-28,C0008,Wireless Mouse,Electronics,Islamabad,1,3200,2050,5
ORD01896,2026-04-09,C0357,Notebook Set,Stationery,Faisalabad,3,950,420,0
ORD01896,2026-04-09,C0357,Desk Lamp,Home,Faisalabad,2,4800,2900,15
ORD01896,2026-04-09,C0357,Water Bottle,Accessories,Faisalabad,2,1800,800,15
ORD01897,2026-06-01,C0009,Backpack,Accessories,Faisalabad,3,6500,4100,25
ORD01897,2026-06-01,C0009,Wireless Mouse,Electronics,Faisalabad,3,3200,2050,15
ORD01897,2026-06-01,C0009,Desk Lamp,Home,Faisalabad,1,4800,2900,45
ORD01898,2025-05-04,C0211,Backpack,Accessories,Islamabad,3,6500,4100,15
ORD01898,2025-05-04,C0211,Water Bottle,Accessories,Islamabad,3,1800,800,10
ORD01898,2025-05-04,C0211,Notebook Set,Stationery,Islamabad,1,950,420,0
ORD01899,2025-09-26,C0159,Notebook Set,Stationery,Islamabad,1,950,420,15
ORD01899,2025-09-26,C0159,USB Hub,Electronics,Islamabad,3,4500,2850,45
ORD01899,2025-09-26,C0159,Backpack,Accessories,Islamabad,3,6500,4100,0
ORD01900,2025-05-14,C0052,USB Hub,Electronics,Lahore,2,4500,2850,15
ORD01901,2026-09-30,C0259,USB Hub,Electronics,Karachi,3,4500,2850,25
ORD01902,2025-01-15,C0066,Notebook Set,Stationery,Lahore,4,950,420,10
ORD01902,2025-01-15,C0066,Water Bottle,Accessories,Lahore,3,1800,800,0
ORD01902,2025-01-15,C0066,Desk Lamp,Home,Lahore,4,4800,2900,0
ORD01903,2025-08-07,C0291,Backpack,Accessories,Faisalabad,1,6500,4100,0
ORD01904,2025-09-28,C0231,Water Bottle,Accessories,Karachi,3,1800,800,25
ORD01904,2025-09-28,C0231,Notebook Set,Stationery,Karachi,2,950,420,5
ORD01904,2025-09-28,C0231,USB Hub,Electronics,Karachi,4,4500,2850,15
ORD01905,2025-07-10,C0002,Desk Lamp,Home,Faisalabad,2,4800,2900,25
ORD01905,2025-07-10,C0002,Backpack,Accessories,Faisalabad,2,6500,4100,10
ORD01906,2026-09-28,C0088,Water Bottle,Accessories,Lahore,3,1800,800,45
ORD01907,2026-08-28,C0169,Backpack,Accessories,Lahore,2,6500,4100,0
ORD01908,2026-09-24,C0122,Notebook Set,Stationery,Islamabad,4,950,420,0
ORD01908,2026-09-24,C0122,Backpack,Accessories,Islamabad,1,6500,4100,0
ORD01908,2026-09-24,C0122,Wireless Mouse,Electronics,Islamabad,4,3200,2050,0
ORD01909,2025-12-06,C0191,Backpack,Accessories,Islamabad,2,6500,4100,10
ORD01909,2025-12-06,C0191,Water Bottle,Accessories,Islamabad,4,1800,800,25
ORD01909,2025-12-06,C0191,Desk Lamp,Home,Islamabad,3,4800,2900,5
ORD01910,2025-04-22,C0366,Notebook Set,Stationery,Karachi,1,950,420,0
ORD01910,2025-04-22,C0366,USB Hub,Electronics,Karachi,3,4500,2850,15
ORD01910,2025-04-22,C0366,Water Bottle,Accessories,Karachi,3,1800,800,0
ORD01911,2025-11-18,C0345,Desk Lamp,Home,Lahore,2,4800,2900,15
ORD01911,2025-11-18,C0345,USB Hub,Electronics,Lahore,2,4500,2850,25
ORD01912,2025-05-31,C0148,USB Hub,Electronics,Islamabad,3,4500,2850,25
ORD01913,2025-06-25,C0160,Notebook Set,Stationery,Faisalabad,2,950,420,10
ORD01914,2025-10-04,C0299,Wireless Mouse,Electronics,Lahore,2,3200,2050,25
ORD01914,2025-10-04,C0299,Water Bottle,Accessories,Lahore,4,1800,800,15
ORD01914,2025-10-04,C0299,Backpack,Accessories,Lahore,4,6500,4100,0
ORD01915,2026-07-15,C0255,Desk Lamp,Home,Lahore,1,4800,2900,0
ORD01916,2026-09-26,C0097,Notebook Set,Stationery,Islamabad,3,950,420,10
ORD01916,2026-09-26,C0097,Backpack,Accessories,Islamabad,4,6500,4100,45
ORD01916,2026-09-26,C0097,Desk Lamp,Home,Islamabad,4,4800,2900,45
ORD01917,2025-07-25,C0138,USB Hub,Electronics,Lahore,2,4500,2850,15
ORD01917,2025-07-25,C0138,Backpack,Accessories,Lahore,1,6500,4100,45
ORD01917,2025-07-25,C0138,Water Bottle,Accessories,Lahore,1,1800,800,25
ORD01918,2026-01-29,C0340,Backpack,Accessories,Faisalabad,4,6500,4100,0
ORD01918,2026-01-29,C0340,Notebook Set,Stationery,Faisalabad,2,950,420,0
ORD01919,2025-12-07,C0313,USB Hub,Electronics,Lahore,1,4500,2850,0
ORD01919,2025-12-07,C0313,Notebook Set,Stationery,Lahore,2,950,420,10
ORD01920,2026-08-10,C0187,Backpack,Accessories,Lahore,2,6500,4100,45
ORD01920,2026-08-10,C0187,Desk Lamp,Home,Lahore,2,4800,2900,45
ORD01920,2026-08-10,C0187,Wireless Mouse,Electronics,Lahore,3,3200,2050,25
ORD01921,2025-04-18,C0008,Water Bottle,Accessories,Islamabad,2,1800,800,25
ORD01921,2025-04-18,C0008,Desk Lamp,Home,Islamabad,4,4800,2900,45
ORD01922,2026-02-21,C0045,Wireless Mouse,Electronics,Lahore,4,3200,2050,5
ORD01922,2026-02-21,C0045,Notebook Set,Stationery,Lahore,2,950,420,25
ORD01922,2026-02-21,C0045,USB Hub,Electronics,Lahore,1,4500,2850,0
ORD01923,2026-09-07,C0140,Water Bottle,Accessories,Lahore,4,1800,800,10
ORD01923,2026-09-07,C0140,Wireless Mouse,Electronics,Lahore,4,3200,2050,0
ORD01923,2026-09-07,C0140,Backpack,Accessories,Lahore,2,6500,4100,25
ORD01924,2025-04-13,C0372,Water Bottle,Accessories,Faisalabad,1,1800,800,5
ORD01924,2025-04-13,C0372,USB Hub,Electronics,Faisalabad,1,4500,2850,10
ORD01924,2025-04-13,C0372,Wireless Mouse,Electronics,Faisalabad,3,3200,2050,10
ORD01925,2026-03-09,C0370,Desk Lamp,Home,Lahore,4,4800,2900,0
ORD01926,2025-01-20,C0065,Desk Lamp,Home,Faisalabad,3,4800,2900,0
ORD01926,2025-01-20,C0065,USB Hub,Electronics,Faisalabad,4,4500,2850,25
ORD01927,2025-04-02,C0338,Backpack,Accessories,Karachi,4,6500,4100,25
ORD01927,2025-04-02,C0338,USB Hub,Electronics,Karachi,1,4500,2850,15
ORD01928,2026-02-06,C0111,Backpack,Accessories,Karachi,2,6500,4100,45
ORD01928,2026-02-06,C0111,Wireless Mouse,Electronics,Karachi,2,3200,2050,10
ORD01928,2026-02-06,C0111,USB Hub,Electronics,Karachi,3,4500,2850,10
ORD01929,2026-02-03,C0170,Backpack,Accessories,Karachi,3,6500,4100,5
ORD01929,2026-02-03,C0170,USB Hub,Electronics,Karachi,4,4500,2850,5
ORD01930,2025-09-26,C0023,Desk Lamp,Home,Karachi,2,4800,2900,10
ORD01930,2025-09-26,C0023,Wireless Mouse,Electronics,Karachi,4,3200,2050,10
ORD01930,2025-09-26,C0023,USB Hub,Electronics,Karachi,1,4500,2850,10
ORD01931,2025-06-12,C0274,Wireless Mouse,Electronics,Lahore,1,3200,2050,45
ORD01931,2025-06-12,C0274,Water Bottle,Accessories,Lahore,3,1800,800,15
ORD01932,2025-02-10,C0076,Water Bottle,Accessories,Faisalabad,2,1800,800,25
ORD01932,2025-02-10,C0076,Backpack,Accessories,Faisalabad,1,6500,4100,10
ORD01933,2026-06-30,C0092,Water Bottle,Accessories,Karachi,4,1800,800,0
ORD01933,2026-06-30,C0092,Wireless Mouse,Electronics,Karachi,3,3200,2050,5
ORD01934,2026-05-01,C0133,USB Hub,Electronics,Faisalabad,3,4500,2850,0
ORD01934,2026-05-01,C0133,Backpack,Accessories,Faisalabad,2,6500,4100,5
ORD01935,2026-09-01,C0374,Water Bottle,Accessories,Faisalabad,1,1800,800,0
ORD01935,2026-09-01,C0374,USB Hub,Electronics,Faisalabad,4,4500,2850,0
ORD01935,2026-09-01,C0374,Backpack,Accessories,Faisalabad,1,6500,4100,10
ORD01936,2026-01-08,C0019,Desk Lamp,Home,Karachi,1,4800,2900,15
ORD01937,2025-10-29,C0384,Backpack,Accessories,Lahore,4,6500,4100,10
ORD01937,2025-10-29,C0384,USB Hub,Electronics,Lahore,3,4500,2850,45
ORD01937,2025-10-29,C0384,Notebook Set,Stationery,Lahore,2,950,420,0
ORD01938,2026-03-12,C0278,Wireless Mouse,Electronics,Lahore,3,3200,2050,0
ORD01938,2026-03-12,C0278,Water Bottle,Accessories,Lahore,4,1800,800,5
ORD01938,2026-03-12,C0278,Desk Lamp,Home,Lahore,4,4800,2900,45
ORD01939,2025-06-03,C0254,Notebook Set,Stationery,Lahore,4,950,420,0
ORD01939,2025-06-03,C0254,Wireless Mouse,Electronics,Lahore,4,3200,2050,25
ORD01940,2025-12-16,C0361,Notebook Set,Stationery,Karachi,3,950,420,45
ORD01940,2025-12-16,C0361,USB Hub,Electronics,Karachi,3,4500,2850,15
ORD01940,2025-12-16,C0361,Water Bottle,Accessories,Karachi,1,1800,800,5
ORD01941,2026-08-01,C0200,Wireless Mouse,Electronics,Islamabad,3,3200,2050,5
ORD01941,2026-08-01,C0200,USB Hub,Electronics,Islamabad,2,4500,2850,0
ORD01941,2026-08-01,C0200,Desk Lamp,Home,Islamabad,4,4800,2900,10
ORD01942,2025-04-02,C0244,Water Bottle,Accessories,Karachi,3,1800,800,10
ORD01942,2025-04-02,C0244,USB Hub,Electronics,Karachi,1,4500,2850,10
ORD01942,2025-04-02,C0244,Desk Lamp,Home,Karachi,3,4800,2900,0
ORD01943,2025-08-06,C0281,Notebook Set,Stationery,Islamabad,3,950,420,10
ORD01943,2025-08-06,C0281,Backpack,Accessories,Islamabad,2,6500,4100,45
ORD01943,2025-08-06,C0281,Wireless Mouse,Electronics,Islamabad,1,3200,2050,0
ORD01944,2025-04-25,C0262,Backpack,Accessories,Lahore,1,6500,4100,25
ORD01944,2025-04-25,C0262,Wireless Mouse,Electronics,Lahore,2,3200,2050,45
ORD01944,2025-04-25,C0262,USB Hub,Electronics,Lahore,1,4500,2850,15
ORD01945,2025-03-18,C0195,Notebook Set,Stationery,Lahore,2,950,420,10
ORD01945,2025-03-18,C0195,Water Bottle,Accessories,Lahore,4,1800,800,10
ORD01945,2025-03-18,C0195,Wireless Mouse,Electronics,Lahore,4,3200,2050,45
ORD01946,2026-06-26,C0383,Notebook Set,Stationery,Islamabad,3,950,420,45
ORD01946,2026-06-26,C0383,Desk Lamp,Home,Islamabad,3,4800,2900,10
ORD01947,2025-07-08,C0395,Wireless Mouse,Electronics,Islamabad,1,3200,2050,0
ORD01947,2025-07-08,C0395,USB Hub,Electronics,Islamabad,4,4500,2850,15
ORD01947,2025-07-08,C0395,Notebook Set,Stationery,Islamabad,1,950,420,10
ORD01948,2025-10-27,C0002,USB Hub,Electronics,Islamabad,1,4500,2850,25
ORD01948,2025-10-27,C0002,Wireless Mouse,Electronics,Islamabad,4,3200,2050,5
ORD01949,2025-06-28,C0057,Notebook Set,Stationery,Karachi,4,950,420,25
ORD01949,2025-06-28,C0057,Water Bottle,Accessories,Karachi,3,1800,800,15
ORD01949,2025-06-28,C0057,Wireless Mouse,Electronics,Karachi,3,3200,2050,10
ORD01950,2026-03-09,C0079,Notebook Set,Stationery,Faisalabad,2,950,420,15
ORD01950,2026-03-09,C0079,Desk Lamp,Home,Faisalabad,3,4800,2900,5
ORD01950,2026-03-09,C0079,Water Bottle,Accessories,Faisalabad,1,1800,800,10
ORD01951,2026-02-12,C0307,Notebook Set,Stationery,Lahore,3,950,420,0
ORD01952,2025-04-21,C0168,Wireless Mouse,Electronics,Karachi,3,3200,2050,45
ORD01952,2025-04-21,C0168,Desk Lamp,Home,Karachi,1,4800,2900,25
ORD01952,2025-04-21,C0168,USB Hub,Electronics,Karachi,1,4500,2850,15
ORD01953,2025-07-27,C0311,Notebook Set,Stationery,Lahore,3,950,420,45
ORD01953,2025-07-27,C0311,Backpack,Accessories,Lahore,4,6500,4100,10
ORD01953,2025-07-27,C0311,Desk Lamp,Home,Lahore,2,4800,2900,10
ORD01954,2025-10-23,C0159,USB Hub,Electronics,Karachi,3,4500,2850,45
ORD01954,2025-10-23,C0159,Desk Lamp,Home,Karachi,4,4800,2900,25
ORD01954,2025-10-23,C0159,Wireless Mouse,Electronics,Karachi,3,3200,2050,0
ORD01955,2025-11-23,C0328,Wireless Mouse,Electronics,Faisalabad,4,3200,2050,25
ORD01955,2025-11-23,C0328,Backpack,Accessories,Faisalabad,2,6500,4100,5
ORD01955,2025-11-23,C0328,Notebook Set,Stationery,Faisalabad,1,950,420,0
ORD01956,2025-07-19,C0097,Notebook Set,Stationery,Karachi,3,950,420,10
ORD01956,2025-07-19,C0097,USB Hub,Electronics,Karachi,3,4500,2850,25
ORD01956,2025-07-19,C0097,Desk Lamp,Home,Karachi,3,4800,2900,10
ORD01957,2026-03-02,C0372,Wireless Mouse,Electronics,Karachi,1,3200,2050,45
ORD01957,2026-03-02,C0372,Notebook Set,Stationery,Karachi,4,950,420,0
ORD01957,2026-03-02,C0372,Water Bottle,Accessories,Karachi,3,1800,800,0
ORD01958,2025-07-07,C0228,Notebook Set,Stationery,Lahore,1,950,420,25
ORD01958,2025-07-07,C0228,Backpack,Accessories,Lahore,1,6500,4100,0
ORD01959,2025-10-12,C0121,USB Hub,Electronics,Lahore,1,4500,2850,0
ORD01959,2025-10-12,C0121,Backpack,Accessories,Lahore,2,6500,4100,25
ORD01960,2026-07-20,C0041,Desk Lamp,Home,Karachi,4,4800,2900,10
ORD01960,2026-07-20,C0041,Backpack,Accessories,Karachi,4,6500,4100,15
ORD01961,2026-01-17,C0104,Water Bottle,Accessories,Faisalabad,4,1800,800,10
ORD01962,2026-07-09,C0287,Wireless Mouse,Electronics,Islamabad,1,3200,2050,0
ORD01963,2026-06-18,C0071,Desk Lamp,Home,Lahore,4,4800,2900,0
ORD01963,2026-06-18,C0071,Water Bottle,Accessories,Lahore,1,1800,800,5
ORD01963,2026-06-18,C0071,USB Hub,Electronics,Lahore,3,4500,2850,25
ORD01964,2025-04-27,C0078,Water Bottle,Accessories,Karachi,2,1800,800,45
ORD01965,2025-02-05,C0041,Wireless Mouse,Electronics,Faisalabad,3,3200,2050,0
ORD01966,2025-02-09,C0163,Wireless Mouse,Electronics,Islamabad,2,3200,2050,5
ORD01966,2025-02-09,C0163,Notebook Set,Stationery,Islamabad,3,950,420,0
ORD01967,2026-02-08,C0375,Notebook Set,Stationery,Islamabad,2,950,420,0
ORD01967,2026-02-08,C0375,Backpack,Accessories,Islamabad,3,6500,4100,15
ORD01968,2025-03-06,C0251,Backpack,Accessories,Lahore,1,6500,4100,0
ORD01968,2025-03-06,C0251,Wireless Mouse,Electronics,Lahore,3,3200,2050,5
ORD01969,2026-09-16,C0383,Desk Lamp,Home,Faisalabad,1,4800,2900,15
ORD01970,2025-10-02,C0299,Backpack,Accessories,Karachi,3,6500,4100,15
ORD01971,2025-07-19,C0211,Notebook Set,Stationery,Faisalabad,4,950,420,10
ORD01971,2025-07-19,C0211,USB Hub,Electronics,Faisalabad,1,4500,2850,0
ORD01972,2025-07-19,C0077,Wireless Mouse,Electronics,Islamabad,4,3200,2050,5
ORD01972,2025-07-19,C0077,Desk Lamp,Home,Islamabad,1,4800,2900,15
ORD01973,2026-07-10,C0049,Notebook Set,Stationery,Faisalabad,1,950,420,25
ORD01973,2026-07-10,C0049,Desk Lamp,Home,Faisalabad,4,4800,2900,0
ORD01973,2026-07-10,C0049,Backpack,Accessories,Faisalabad,1,6500,4100,15
ORD01974,2026-08-01,C0270,Wireless Mouse,Electronics,Islamabad,2,3200,2050,10
ORD01974,2026-08-01,C0270,USB Hub,Electronics,Islamabad,1,4500,2850,10
ORD01975,2025-06-04,C0169,Desk Lamp,Home,Lahore,4,4800,2900,0
ORD01975,2025-06-04,C0169,USB Hub,Electronics,Lahore,2,4500,2850,0
ORD01976,2026-02-07,C0043,Water Bottle,Accessories,Islamabad,2,1800,800,25
ORD01976,2026-02-07,C0043,Notebook Set,Stationery,Islamabad,4,950,420,5
ORD01976,2026-02-07,C0043,Wireless Mouse,Electronics,Islamabad,2,3200,2050,0
ORD01977,2025-09-14,C0219,Desk Lamp,Home,Islamabad,1,4800,2900,0
ORD01978,2025-02-02,C0083,Notebook Set,Stationery,Islamabad,3,950,420,25
ORD01978,2025-02-02,C0083,Backpack,Accessories,Islamabad,3,6500,4100,0
ORD01978,2025-02-02,C0083,Water Bottle,Accessories,Islamabad,3,1800,800,45
ORD01979,2025-05-31,C0226,USB Hub,Electronics,Lahore,2,4500,2850,0
ORD01980,2025-08-02,C0049,Wireless Mouse,Electronics,Faisalabad,3,3200,2050,45
ORD01980,2025-08-02,C0049,Desk Lamp,Home,Faisalabad,2,4800,2900,45
ORD01980,2025-08-02,C0049,Water Bottle,Accessories,Faisalabad,4,1800,800,0
ORD01981,2025-02-16,C0209,USB Hub,Electronics,Faisalabad,2,4500,2850,0
ORD01981,2025-02-16,C0209,Desk Lamp,Home,Faisalabad,1,4800,2900,25
ORD01981,2025-02-16,C0209,Wireless Mouse,Electronics,Faisalabad,4,3200,2050,0
ORD01982,2025-10-23,C0081,Water Bottle,Accessories,Islamabad,2,1800,800,0
ORD01982,2025-10-23,C0081,Desk Lamp,Home,Islamabad,4,4800,2900,0
ORD01982,2025-10-23,C0081,Backpack,Accessories,Islamabad,4,6500,4100,0
ORD01983,2025-12-10,C0125,Desk Lamp,Home,Islamabad,1,4800,2900,0
ORD01983,2025-12-10,C0125,Notebook Set,Stationery,Islamabad,1,950,420,25
ORD01984,2026-03-09,C0244,Water Bottle,Accessories,Lahore,2,1800,800,15
ORD01984,2026-03-09,C0244,USB Hub,Electronics,Lahore,2,4500,2850,15
ORD01984,2026-03-09,C0244,Backpack,Accessories,Lahore,4,6500,4100,15
ORD01985,2026-08-11,C0373,Backpack,Accessories,Lahore,4,6500,4100,0
ORD01985,2026-08-11,C0373,Water Bottle,Accessories,Lahore,1,1800,800,0
ORD01985,2026-08-11,C0373,Notebook Set,Stationery,Lahore,3,950,420,25
ORD01986,2026-02-21,C0055,USB Hub,Electronics,Islamabad,3,4500,2850,0
ORD01986,2026-02-21,C0055,Desk Lamp,Home,Islamabad,2,4800,2900,10
ORD01987,2026-02-02,C0368,Wireless Mouse,Electronics,Karachi,4,3200,2050,15
ORD01987,2026-02-02,C0368,Desk Lamp,Home,Karachi,3,4800,2900,0
ORD01987,2026-02-02,C0368,Backpack,Accessories,Karachi,3,6500,4100,45
ORD01988,2025-09-06,C0360,USB Hub,Electronics,Lahore,1,4500,2850,45
ORD01988,2025-09-06,C0360,Backpack,Accessories,Lahore,1,6500,4100,15
ORD01988,2025-09-06,C0360,Water Bottle,Accessories,Lahore,2,1800,800,45
ORD01989,2026-09-14,C0190,Water Bottle,Accessories,Islamabad,4,1800,800,15
ORD01989,2026-09-14,C0190,Notebook Set,Stationery,Islamabad,4,950,420,15
ORD01990,2026-06-07,C0196,Desk Lamp,Home,Karachi,1,4800,2900,5
ORD01991,2026-09-23,C0376,USB Hub,Electronics,Islamabad,4,4500,2850,45
ORD01991,2026-09-23,C0376,Notebook Set,Stationery,Islamabad,4,950,420,0
ORD01992,2026-08-28,C0246,Notebook Set,Stationery,Islamabad,2,950,420,45
ORD01993,2025-08-05,C0088,Water Bottle,Accessories,Faisalabad,4,1800,800,5
ORD01994,2026-03-16,C0319,Wireless Mouse,Electronics,Islamabad,4,3200,2050,15
ORD01994,2026-03-16,C0319,Backpack,Accessories,Islamabad,2,6500,4100,5
ORD01994,2026-03-16,C0319,Notebook Set,Stationery,Islamabad,1,950,420,10
ORD01995,2025-06-11,C0355,Water Bottle,Accessories,Faisalabad,2,1800,800,15
ORD01995,2025-06-11,C0355,Backpack,Accessories,Faisalabad,2,6500,4100,45
ORD01995,2025-06-11,C0355,Notebook Set,Stationery,Faisalabad,1,950,420,10
ORD01996,2025-12-06,C0364,Notebook Set,Stationery,Islamabad,4,950,420,0
ORD01997,2025-08-06,C0061,Notebook Set,Stationery,Islamabad,3,950,420,45
ORD01998,2025-05-22,C0133,Desk Lamp,Home,Lahore,2,4800,2900,45
ORD01998,2025-05-22,C0133,USB Hub,Electronics,Lahore,3,4500,2850,15
ORD01999,2026-05-13,C0287,Desk Lamp,Home,Islamabad,4,4800,2900,0
ORD01999,2026-05-13,C0287,Notebook Set,Stationery,Islamabad,4,950,420,10
ORD02000,2025-08-12,C0046,Backpack,Accessories,Faisalabad,1,6500,4100,45
ORD02001,2025-04-27,C0322,USB Hub,Electronics,Islamabad,4,4500,2850,0
ORD02002,2026-09-10,C0320,Wireless Mouse,Electronics,Islamabad,3,3200,2050,15
ORD02002,2026-09-10,C0320,Notebook Set,Stationery,Islamabad,4,950,420,5
ORD02003,2025-01-24,C0354,Notebook Set,Stationery,Islamabad,3,950,420,25
ORD02003,2025-01-24,C0354,Water Bottle,Accessories,Islamabad,2,1800,800,15
ORD02004,2026-09-15,C0094,USB Hub,Electronics,Islamabad,4,4500,2850,15
ORD02004,2026-09-15,C0094,Water Bottle,Accessories,Islamabad,3,1800,800,10
ORD02004,2026-09-15,C0094,Notebook Set,Stationery,Islamabad,2,950,420,45
ORD02005,2026-03-11,C0387,Notebook Set,Stationery,Faisalabad,1,950,420,45
ORD02005,2026-03-11,C0387,Desk Lamp,Home,Faisalabad,4,4800,2900,5
ORD02005,2026-03-11,C0387,Backpack,Accessories,Faisalabad,2,6500,4100,0
ORD02006,2026-08-21,C0093,Desk Lamp,Home,Karachi,4,4800,2900,10
ORD02006,2026-08-21,C0093,Backpack,Accessories,Karachi,1,6500,4100,45
ORD02007,2025-06-13,C0365,Water Bottle,Accessories,Karachi,3,1800,800,5
ORD02007,2025-06-13,C0365,Notebook Set,Stationery,Karachi,4,950,420,10
ORD02008,2026-09-08,C0119,USB Hub,Electronics,Karachi,1,4500,2850,0
ORD02009,2026-08-04,C0245,Water Bottle,Accessories,Islamabad,2,1800,800,15
ORD02009,2026-08-04,C0245,Backpack,Accessories,Islamabad,2,6500,4100,15
ORD02009,2026-08-04,C0245,USB Hub,Electronics,Islamabad,1,4500,2850,0
ORD02010,2025-08-21,C0092,Water Bottle,Accessories,Faisalabad,4,1800,800,25
ORD02010,2025-08-21,C0092,Notebook Set,Stationery,Faisalabad,1,950,420,0
ORD02011,2025-02-21,C0103,Water Bottle,Accessories,Islamabad,3,1800,800,0
ORD02011,2025-02-21,C0103,Desk Lamp,Home,Islamabad,1,4800,2900,10
ORD02011,2025-02-21,C0103,Wireless Mouse,Electronics,Islamabad,2,3200,2050,5
ORD02012,2025-05-22,C0021,Water Bottle,Accessories,Karachi,4,1800,800,10
ORD02013,2025-07-03,C0168,Water Bottle,Accessories,Islamabad,1,1800,800,0
ORD02013,2025-07-03,C0168,Backpack,Accessories,Islamabad,4,6500,4100,5
ORD02014,2025-07-28,C0248,Water Bottle,Accessories,Faisalabad,4,1800,800,10
ORD02014,2025-07-28,C0248,Desk Lamp,Home,Faisalabad,1,4800,2900,0
ORD02015,2026-03-10,C0302,USB Hub,Electronics,Lahore,1,4500,2850,15
ORD02015,2026-03-10,C0302,Water Bottle,Accessories,Lahore,3,1800,800,0
ORD02016,2025-07-18,C0354,USB Hub,Electronics,Faisalabad,3,4500,2850,15
ORD02017,2025-11-22,C0347,Backpack,Accessories,Karachi,1,6500,4100,45
ORD02017,2025-11-22,C0347,Water Bottle,Accessories,Karachi,3,1800,800,45
ORD02018,2025-08-28,C0192,Backpack,Accessories,Lahore,3,6500,4100,0
ORD02018,2025-08-28,C0192,Desk Lamp,Home,Lahore,4,4800,2900,10
ORD02018,2025-08-28,C0192,Wireless Mouse,Electronics,Lahore,3,3200,2050,45
ORD02019,2025-12-16,C0038,USB Hub,Electronics,Faisalabad,1,4500,2850,0
ORD02019,2025-12-16,C0038,Backpack,Accessories,Faisalabad,4,6500,4100,0
ORD02019,2025-12-16,C0038,Water Bottle,Accessories,Faisalabad,2,1800,800,25
ORD02020,2025-10-01,C0025,Notebook Set,Stationery,Karachi,3,950,420,10
ORD02021,2026-03-07,C0043,Backpack,Accessories,Faisalabad,2,6500,4100,5
ORD02021,2026-03-07,C0043,Desk Lamp,Home,Faisalabad,1,4800,2900,45
ORD02022,2025-08-20,C0017,Water Bottle,Accessories,Karachi,2,1800,800,15
ORD02022,2025-08-20,C0017,Backpack,Accessories,Karachi,4,6500,4100,0
ORD02022,2025-08-20,C0017,Notebook Set,Stationery,Karachi,1,950,420,45
ORD02023,2025-11-10,C0127,Desk Lamp,Home,Lahore,1,4800,2900,45
ORD02023,2025-11-10,C0127,Wireless Mouse,Electronics,Lahore,4,3200,2050,45
ORD02024,2025-06-03,C0116,Wireless Mouse,Electronics,Karachi,2,3200,2050,25
ORD02024,2025-06-03,C0116,Desk Lamp,Home,Karachi,1,4800,2900,45
ORD02025,2026-03-19,C0345,Wireless Mouse,Electronics,Islamabad,2,3200,2050,0
ORD02025,2026-03-19,C0345,Notebook Set,Stationery,Islamabad,2,950,420,5
ORD02025,2026-03-19,C0345,Desk Lamp,Home,Islamabad,3,4800,2900,0
ORD02026,2025-01-17,C0290,Water Bottle,Accessories,Lahore,3,1800,800,0
ORD02026,2025-01-17,C0290,Backpack,Accessories,Lahore,1,6500,4100,0
ORD02027,2025-11-24,C0277,Notebook Set,Stationery,Islamabad,1,950,420,5
ORD02028,2025-05-27,C0297,Wireless Mouse,Electronics,Faisalabad,1,3200,2050,45
ORD02028,2025-05-27,C0297,USB Hub,Electronics,Faisalabad,3,4500,2850,0
ORD02028,2025-05-27,C0297,Water Bottle,Accessories,Faisalabad,2,1800,800,0
ORD02029,2026-05-03,C0076,Desk Lamp,Home,Lahore,4,4800,2900,25
ORD02029,2026-05-03,C0076,USB Hub,Electronics,Lahore,3,4500,2850,25
ORD02029,2026-05-03,C0076,Water Bottle,Accessories,Lahore,1,1800,800,0
ORD02030,2026-07-18,C0057,Water Bottle,Accessories,Islamabad,2,1800,800,15
ORD02030,2026-07-18,C0057,Backpack,Accessories,Islamabad,4,6500,4100,25
ORD02031,2026-07-24,C0383,Desk Lamp,Home,Faisalabad,2,4800,2900,25
ORD02031,2026-07-24,C0383,Backpack,Accessories,Faisalabad,3,6500,4100,0
ORD02032,2026-08-11,C0339,Desk Lamp,Home,Islamabad,4,4800,2900,0
ORD02033,2025-11-05,C0248,Desk Lamp,Home,Lahore,4,4800,2900,5
ORD02033,2025-11-05,C0248,Notebook Set,Stationery,Lahore,3,950,420,10
ORD02033,2025-11-05,C0248,Wireless Mouse,Electronics,Lahore,1,3200,2050,10
ORD02034,2025-08-14,C0005,Wireless Mouse,Electronics,Karachi,2,3200,2050,15
ORD02034,2025-08-14,C0005,USB Hub,Electronics,Karachi,2,4500,2850,15
ORD02035,2025-04-09,C0245,Desk Lamp,Home,Lahore,1,4800,2900,10
ORD02036,2025-04-16,C0098,Notebook Set,Stationery,Lahore,4,950,420,0
ORD02036,2025-04-16,C0098,Desk Lamp,Home,Lahore,2,4800,2900,0
ORD02036,2025-04-16,C0098,Wireless Mouse,Electronics,Lahore,2,3200,2050,0
ORD02037,2025-01-03,C0204,Backpack,Accessories,Faisalabad,1,6500,4100,0
ORD02037,2025-01-03,C0204,USB Hub,Electronics,Faisalabad,3,4500,2850,25
ORD02038,2026-05-09,C0292,Desk Lamp,Home,Karachi,4,4800,2900,0
ORD02038,2026-05-09,C0292,Wireless Mouse,Electronics,Karachi,2,3200,2050,45
ORD02039,2026-09-02,C0151,USB Hub,Electronics,Karachi,2,4500,2850,5
ORD02039,2026-09-02,C0151,Water Bottle,Accessories,Karachi,3,1800,800,25
ORD02040,2025-02-18,C0308,Wireless Mouse,Electronics,Karachi,2,3200,2050,0
ORD02041,2025-03-08,C0118,Backpack,Accessories,Faisalabad,1,6500,4100,5
ORD02041,2025-03-08,C0118,Wireless Mouse,Electronics,Faisalabad,4,3200,2050,10
ORD02041,2025-03-08,C0118,Notebook Set,Stationery,Faisalabad,1,950,420,45
ORD02042,2026-06-11,C0218,Backpack,Accessories,Islamabad,4,6500,4100,10
ORD02043,2025-01-25,C0303,Notebook Set,Stationery,Islamabad,1,950,420,15
ORD02043,2025-01-25,C0303,Wireless Mouse,Electronics,Islamabad,3,3200,2050,5
ORD02043,2025-01-25,C0303,Water Bottle,Accessories,Islamabad,3,1800,800,45
ORD02044,2026-06-09,C0062,Notebook Set,Stationery,Karachi,4,950,420,10
ORD02044,2026-06-09,C0062,Wireless Mouse,Electronics,Karachi,3,3200,2050,10
ORD02044,2026-06-09,C0062,USB Hub,Electronics,Karachi,1,4500,2850,25
ORD02045,2025-07-29,C0097,USB Hub,Electronics,Faisalabad,2,4500,2850,25
ORD02046,2025-02-02,C0310,Wireless Mouse,Electronics,Lahore,3,3200,2050,10
ORD02046,2025-02-02,C0310,Notebook Set,Stationery,Lahore,3,950,420,45
ORD02046,2025-02-02,C0310,Desk Lamp,Home,Lahore,2,4800,2900,10
ORD02047,2025-02-07,C0115,Notebook Set,Stationery,Islamabad,1,950,420,45
ORD02048,2025-12-25,C0258,Wireless Mouse,Electronics,Islamabad,2,3200,2050,0
ORD02049,2025-07-25,C0128,Wireless Mouse,Electronics,Faisalabad,4,3200,2050,0
ORD02050,2025-05-11,C0139,Wireless Mouse,Electronics,Lahore,1,3200,2050,5
ORD02050,2025-05-11,C0139,Desk Lamp,Home,Lahore,4,4800,2900,5
ORD02050,2025-05-11,C0139,Backpack,Accessories,Lahore,4,6500,4100,0
ORD02051,2025-06-10,C0242,Backpack,Accessories,Karachi,4,6500,4100,25
ORD02051,2025-06-10,C0242,Wireless Mouse,Electronics,Karachi,2,3200,2050,5
ORD02052,2026-09-06,C0316,Water Bottle,Accessories,Faisalabad,2,1800,800,5
ORD02052,2026-09-06,C0316,Wireless Mouse,Electronics,Faisalabad,4,3200,2050,0
ORD02052,2026-09-06,C0316,Desk Lamp,Home,Faisalabad,3,4800,2900,10
ORD02053,2026-09-21,C0196,Backpack,Accessories,Islamabad,3,6500,4100,5
ORD02053,2026-09-21,C0196,USB Hub,Electronics,Islamabad,3,4500,2850,0
ORD02053,2026-09-21,C0196,Water Bottle,Accessories,Islamabad,3,1800,800,10
ORD02054,2026-09-23,C0222,USB Hub,Electronics,Faisalabad,2,4500,2850,0
ORD02054,2026-09-23,C0222,Wireless Mouse,Electronics,Faisalabad,4,3200,2050,45
ORD02054,2026-09-23,C0222,Backpack,Accessories,Faisalabad,3,6500,4100,0
ORD02055,2025-04-27,C0091,Wireless Mouse,Electronics,Faisalabad,3,3200,2050,10
ORD02055,2025-04-27,C0091,Backpack,Accessories,Faisalabad,1,6500,4100,45
ORD02056,2025-03-08,C0374,Notebook Set,Stationery,Lahore,1,950,420,0
ORD02057,2025-04-29,C0277,Backpack,Accessories,Faisalabad,2,6500,4100,10
ORD02058,2025-08-02,C0357,Backpack,Accessories,Islamabad,1,6500,4100,5
ORD02058,2025-08-02,C0357,USB Hub,Electronics,Islamabad,1,4500,2850,15
ORD02059,2025-11-13,C0018,Backpack,Accessories,Karachi,4,6500,4100,15
ORD02059,2025-11-13,C0018,Water Bottle,Accessories,Karachi,2,1800,800,45
ORD02059,2025-11-13,C0018,USB Hub,Electronics,Karachi,2,4500,2850,0
ORD02060,2025-03-09,C0227,Desk Lamp,Home,Lahore,3,4800,2900,10
ORD02061,2025-11-23,C0204,Notebook Set,Stationery,Faisalabad,3,950,420,0
ORD02062,2025-04-26,C0019,Desk Lamp,Home,Karachi,2,4800,2900,15
ORD02063,2026-06-12,C0207,Backpack,Accessories,Lahore,4,6500,4100,0
ORD02063,2026-06-12,C0207,Wireless Mouse,Electronics,Lahore,1,3200,2050,15
ORD02063,2026-06-12,C0207,USB Hub,Electronics,Lahore,2,4500,2850,25
ORD02064,2025-01-26,C0168,Notebook Set,Stationery,Lahore,3,950,420,0
ORD02065,2026-06-22,C0208,Water Bottle,Accessories,Karachi,4,1800,800,45
ORD02065,2026-06-22,C0208,USB Hub,Electronics,Karachi,2,4500,2850,15
ORD02065,2026-06-22,C0208,Desk Lamp,Home,Karachi,4,4800,2900,0
ORD02066,2025-07-15,C0189,Desk Lamp,Home,Islamabad,2,4800,2900,15
ORD02066,2025-07-15,C0189,Notebook Set,Stationery,Islamabad,3,950,420,25
ORD02066,2025-07-15,C0189,Backpack,Accessories,Islamabad,1,6500,4100,0
ORD02067,2026-04-13,C0174,Desk Lamp,Home,Faisalabad,4,4800,2900,25
ORD02068,2025-02-09,C0327,Water Bottle,Accessories,Lahore,1,1800,800,5
ORD02069,2025-03-28,C0239,Desk Lamp,Home,Lahore,3,4800,2900,10
ORD02070,2025-05-03,C0186,Desk Lamp,Home,Karachi,4,4800,2900,0
ORD02070,2025-05-03,C0186,Notebook Set,Stationery,Karachi,2,950,420,0
ORD02071,2026-03-22,C0283,Notebook Set,Stationery,Islamabad,2,950,420,25
ORD02072,2025-08-03,C0167,Notebook Set,Stationery,Karachi,3,950,420,15
ORD02072,2025-08-03,C0167,USB Hub,Electronics,Karachi,4,4500,2850,25
ORD02072,2025-08-03,C0167,Water Bottle,Accessories,Karachi,2,1800,800,25
ORD02073,2025-10-12,C0060,Backpack,Accessories,Karachi,1,6500,4100,5
ORD02073,2025-10-12,C0060,Water Bottle,Accessories,Karachi,1,1800,800,45
ORD02073,2025-10-12,C0060,USB Hub,Electronics,Karachi,3,4500,2850,45
ORD02074,2025-09-23,C0162,Desk Lamp,Home,Islamabad,1,4800,2900,0
ORD02074,2025-09-23,C0162,Water Bottle,Accessories,Islamabad,1,1800,800,0
ORD02075,2025-05-07,C0031,Notebook Set,Stationery,Lahore,3,950,420,15
ORD02075,2025-05-07,C0031,Wireless Mouse,Electronics,Lahore,4,3200,2050,15
ORD02075,2025-05-07,C0031,Water Bottle,Accessories,Lahore,3,1800,800,25
ORD02076,2026-06-05,C0152,Notebook Set,Stationery,Faisalabad,4,950,420,0
ORD02076,2026-06-05,C0152,Wireless Mouse,Electronics,Faisalabad,4,3200,2050,0
ORD02076,2026-06-05,C0152,USB Hub,Electronics,Faisalabad,2,4500,2850,15
ORD02077,2025-07-05,C0334,Desk Lamp,Home,Faisalabad,1,4800,2900,15
ORD02078,2026-07-20,C0241,Wireless Mouse,Electronics,Lahore,2,3200,2050,25
ORD02079,2025-04-06,C0340,Water Bottle,Accessories,Karachi,2,1800,800,10
ORD02079,2025-04-06,C0340,Backpack,Accessories,Karachi,1,6500,4100,5
ORD02080,2026-04-27,C0354,Desk Lamp,Home,Faisalabad,1,4800,2900,0
ORD02081,2026-01-09,C0108,Notebook Set,Stationery,Islamabad,2,950,420,10
ORD02082,2025-01-17,C0168,Desk Lamp,Home,Faisalabad,2,4800,2900,25
ORD02082,2025-01-17,C0168,USB Hub,Electronics,Faisalabad,3,4500,2850,45
ORD02082,2025-01-17,C0168,Notebook Set,Stationery,Faisalabad,4,950,420,5
ORD02083,2025-07-29,C0036,USB Hub,Electronics,Islamabad,1,4500,2850,0
ORD02083,2025-07-29,C0036,Wireless Mouse,Electronics,Islamabad,4,3200,2050,15
ORD02083,2025-07-29,C0036,Desk Lamp,Home,Islamabad,1,4800,2900,0
ORD02084,2025-11-11,C0273,Notebook Set,Stationery,Karachi,1,950,420,25
ORD02084,2025-11-11,C0273,Backpack,Accessories,Karachi,4,6500,4100,10
ORD02084,2025-11-11,C0273,Desk Lamp,Home,Karachi,4,4800,2900,5
ORD02085,2025-05-04,C0327,Desk Lamp,Home,Karachi,1,4800,2900,0
ORD02085,2025-05-04,C0327,Water Bottle,Accessories,Karachi,1,1800,800,0
ORD02085,2025-05-04,C0327,USB Hub,Electronics,Karachi,1,4500,2850,5
ORD02086,2025-01-16,C0303,Backpack,Accessories,Lahore,3,6500,4100,15
ORD02086,2025-01-16,C0303,USB Hub,Electronics,Lahore,2,4500,2850,15
ORD02086,2025-01-16,C0303,Water Bottle,Accessories,Lahore,2,1800,800,0
ORD02087,2026-08-18,C0280,USB Hub,Electronics,Islamabad,3,4500,2850,0
ORD02088,2026-09-02,C0397,Desk Lamp,Home,Faisalabad,4,4800,2900,0
ORD02088,2026-09-02,C0397,Wireless Mouse,Electronics,Faisalabad,3,3200,2050,0
ORD02089,2026-05-11,C0012,Notebook Set,Stationery,Faisalabad,3,950,420,25
ORD02090,2025-08-20,C0393,USB Hub,Electronics,Lahore,2,4500,2850,5
ORD02090,2025-08-20,C0393,Desk Lamp,Home,Lahore,4,4800,2900,10
ORD02091,2026-04-01,C0208,Backpack,Accessories,Faisalabad,4,6500,4100,0
ORD02091,2026-04-01,C0208,Water Bottle,Accessories,Faisalabad,2,1800,800,5
ORD02092,2025-11-07,C0197,USB Hub,Electronics,Lahore,2,4500,2850,45
ORD02092,2025-11-07,C0197,Backpack,Accessories,Lahore,4,6500,4100,15
ORD02092,2025-11-07,C0197,Desk Lamp,Home,Lahore,1,4800,2900,0
ORD02093,2026-09-08,C0107,Notebook Set,Stationery,Islamabad,2,950,420,5
ORD02093,2026-09-08,C0107,Water Bottle,Accessories,Islamabad,1,1800,800,10
ORD02094,2025-12-30,C0039,Wireless Mouse,Electronics,Karachi,3,3200,2050,0
ORD02094,2025-12-30,C0039,Water Bottle,Accessories,Karachi,3,1800,800,45
ORD02095,2025-01-15,C0317,Desk Lamp,Home,Faisalabad,3,4800,2900,45
ORD02096,2026-05-07,C0211,USB Hub,Electronics,Islamabad,1,4500,2850,0
ORD02096,2026-05-07,C0211,Notebook Set,Stationery,Islamabad,4,950,420,25
ORD02097,2025-02-03,C0043,Backpack,Accessories,Karachi,2,6500,4100,5
ORD02098,2025-04-15,C0260,USB Hub,Electronics,Faisalabad,3,4500,2850,0
ORD02098,2025-04-15,C0260,Water Bottle,Accessories,Faisalabad,2,1800,800,5
ORD02099,2026-03-31,C0339,Backpack,Accessories,Islamabad,3,6500,4100,15
ORD02099,2026-03-31,C0339,USB Hub,Electronics,Islamabad,2,4500,2850,5
ORD02100,2025-06-26,C0103,Wireless Mouse,Electronics,Islamabad,2,3200,2050,15
ORD02100,2025-06-26,C0103,Water Bottle,Accessories,Islamabad,4,1800,800,0
ORD02101,2026-08-22,C0282,Desk Lamp,Home,Islamabad,4,4800,2900,0
ORD02101,2026-08-22,C0282,Backpack,Accessories,Islamabad,3,6500,4100,45
ORD02102,2026-01-14,C0120,Water Bottle,Accessories,Faisalabad,2,1800,800,0
ORD02102,2026-01-14,C0120,Notebook Set,Stationery,Faisalabad,3,950,420,10
ORD02102,2026-01-14,C0120,Wireless Mouse,Electronics,Faisalabad,3,3200,2050,10
ORD02103,2026-04-01,C0294,Water Bottle,Accessories,Lahore,4,1800,800,0
ORD02103,2026-04-01,C0294,Backpack,Accessories,Lahore,4,6500,4100,15
ORD02104,2025-07-25,C0078,Water Bottle,Accessories,Faisalabad,3,1800,800,5
ORD02104,2025-07-25,C0078,USB Hub,Electronics,Faisalabad,4,4500,2850,0
ORD02105,2025-01-22,C0266,Desk Lamp,Home,Islamabad,4,4800,2900,45
ORD02105,2025-01-22,C0266,Notebook Set,Stationery,Islamabad,2,950,420,45
ORD02106,2025-09-02,C0375,Water Bottle,Accessories,Faisalabad,3,1800,800,25
ORD02107,2026-01-05,C0087,USB Hub,Electronics,Faisalabad,1,4500,2850,25
ORD02108,2025-09-27,C0095,Water Bottle,Accessories,Lahore,4,1800,800,15
ORD02109,2026-02-06,C0167,Water Bottle,Accessories,Faisalabad,2,1800,800,5
ORD02110,2025-10-31,C0300,USB Hub,Electronics,Islamabad,4,4500,2850,0
ORD02110,2025-10-31,C0300,Wireless Mouse,Electronics,Islamabad,4,3200,2050,45
ORD02110,2025-10-31,C0300,Water Bottle,Accessories,Islamabad,3,1800,800,0
ORD02111,2026-05-18,C0041,Wireless Mouse,Electronics,Karachi,1,3200,2050,5
ORD02111,2026-05-18,C0041,Notebook Set,Stationery,Karachi,1,950,420,15
ORD02112,2025-02-20,C0113,Desk Lamp,Home,Islamabad,4,4800,2900,25
ORD02113,2025-02-21,C0344,Water Bottle,Accessories,Karachi,2,1800,800,5
ORD02114,2025-04-04,C0355,Desk Lamp,Home,Karachi,3,4800,2900,5
ORD02114,2025-04-04,C0355,Water Bottle,Accessories,Karachi,3,1800,800,10
ORD02115,2026-08-24,C0270,Notebook Set,Stationery,Lahore,4,950,420,0
ORD02115,2026-08-24,C0270,Desk Lamp,Home,Lahore,2,4800,2900,5
ORD02115,2026-08-24,C0270,Wireless Mouse,Electronics,Lahore,3,3200,2050,15
ORD02116,2026-03-09,C0013,Desk Lamp,Home,Islamabad,4,4800,2900,0
ORD02117,2025-01-21,C0195,USB Hub,Electronics,Islamabad,3,4500,2850,0
ORD02117,2025-01-21,C0195,Wireless Mouse,Electronics,Islamabad,4,3200,2050,0
ORD02118,2026-09-12,C0151,Water Bottle,Accessories,Islamabad,1,1800,800,15
ORD02118,2026-09-12,C0151,Wireless Mouse,Electronics,Islamabad,1,3200,2050,15
ORD02119,2025-05-11,C0073,Notebook Set,Stationery,Karachi,2,950,420,5
ORD02119,2025-05-11,C0073,Desk Lamp,Home,Karachi,4,4800,2900,15
ORD02120,2025-09-27,C0300,Desk Lamp,Home,Islamabad,1,4800,2900,15
ORD02120,2025-09-27,C0300,Notebook Set,Stationery,Islamabad,4,950,420,5
ORD02120,2025-09-27,C0300,Backpack,Accessories,Islamabad,3,6500,4100,15
ORD02121,2026-02-28,C0059,Wireless Mouse,Electronics,Karachi,2,3200,2050,45
ORD02121,2026-02-28,C0059,Backpack,Accessories,Karachi,2,6500,4100,0
ORD02121,2026-02-28,C0059,USB Hub,Electronics,Karachi,3,4500,2850,25
ORD02122,2026-02-23,C0324,Desk Lamp,Home,Islamabad,3,4800,2900,15
ORD02122,2026-02-23,C0324,USB Hub,Electronics,Islamabad,2,4500,2850,10
ORD02123,2025-04-16,C0256,USB Hub,Electronics,Lahore,1,4500,2850,10
ORD02123,2025-04-16,C0256,Notebook Set,Stationery,Lahore,1,950,420,5
ORD02124,2025-07-09,C0067,Backpack,Accessories,Faisalabad,4,6500,4100,5
ORD02125,2026-08-21,C0162,Wireless Mouse,Electronics,Faisalabad,4,3200,2050,0
ORD02125,2026-08-21,C0162,Water Bottle,Accessories,Faisalabad,4,1800,800,5
ORD02126,2026-06-21,C0386,Desk Lamp,Home,Lahore,2,4800,2900,15
ORD02126,2026-06-21,C0386,Water Bottle,Accessories,Lahore,3,1800,800,0
ORD02127,2025-01-29,C0299,Backpack,Accessories,Lahore,2,6500,4100,0
ORD02128,2025-07-15,C0210,Notebook Set,Stationery,Faisalabad,2,950,420,25
ORD02128,2025-07-15,C0210,Backpack,Accessories,Faisalabad,4,6500,4100,5
ORD02128,2025-07-15,C0210,USB Hub,Electronics,Faisalabad,3,4500,2850,25
ORD02129,2026-05-15,C0083,Wireless Mouse,Electronics,Faisalabad,2,3200,2050,0
ORD02129,2026-05-15,C0083,Water Bottle,Accessories,Faisalabad,3,1800,800,15
ORD02130,2025-02-20,C0141,Wireless Mouse,Electronics,Karachi,4,3200,2050,0
ORD02130,2025-02-20,C0141,Notebook Set,Stationery,Karachi,3,950,420,5
ORD02130,2025-02-20,C0141,Backpack,Accessories,Karachi,3,6500,4100,25
ORD02131,2026-06-28,C0348,Notebook Set,Stationery,Faisalabad,3,950,420,0
ORD02132,2026-01-04,C0213,Wireless Mouse,Electronics,Faisalabad,1,3200,2050,10
ORD02133,2025-12-18,C0238,Notebook Set,Stationery,Lahore,1,950,420,25
ORD02134,2025-02-03,C0267,USB Hub,Electronics,Karachi,2,4500,2850,45
ORD02134,2025-02-03,C0267,Water Bottle,Accessories,Karachi,4,1800,800,5
ORD02134,2025-02-03,C0267,Notebook Set,Stationery,Karachi,2,950,420,45
ORD02135,2025-12-27,C0048,USB Hub,Electronics,Lahore,4,4500,2850,45
ORD02135,2025-12-27,C0048,Backpack,Accessories,Lahore,2,6500,4100,0
ORD02135,2025-12-27,C0048,Wireless Mouse,Electronics,Lahore,3,3200,2050,0
ORD02136,2026-01-05,C0133,Notebook Set,Stationery,Karachi,1,950,420,45
ORD02136,2026-01-05,C0133,Backpack,Accessories,Karachi,4,6500,4100,5
ORD02136,2026-01-05,C0133,Desk Lamp,Home,Karachi,1,4800,2900,0
ORD02137,2026-01-17,C0124,Water Bottle,Accessories,Islamabad,3,1800,800,45
ORD02137,2026-01-17,C0124,USB Hub,Electronics,Islamabad,3,4500,2850,5
ORD02137,2026-01-17,C0124,Wireless Mouse,Electronics,Islamabad,3,3200,2050,25
ORD02138,2026-03-05,C0149,Notebook Set,Stationery,Faisalabad,2,950,420,5
ORD02139,2025-05-16,C0233,Notebook Set,Stationery,Islamabad,1,950,420,45
ORD02139,2025-05-16,C0233,USB Hub,Electronics,Islamabad,1,4500,2850,0
ORD02140,2026-08-20,C0208,Notebook Set,Stationery,Lahore,3,950,420,0
ORD02140,2026-08-20,C0208,Wireless Mouse,Electronics,Lahore,3,3200,2050,0
ORD02141,2026-04-14,C0151,Notebook Set,Stationery,Lahore,3,950,420,10
ORD02141,2026-04-14,C0151,Water Bottle,Accessories,Lahore,1,1800,800,10
ORD02142,2025-01-17,C0354,Notebook Set,Stationery,Lahore,4,950,420,0
ORD02142,2025-01-17,C0354,Backpack,Accessories,Lahore,1,6500,4100,10
ORD02142,2025-01-17,C0354,Desk Lamp,Home,Lahore,4,4800,2900,15
ORD02143,2025-01-07,C0280,Wireless Mouse,Electronics,Karachi,3,3200,2050,15
ORD02143,2025-01-07,C0280,Desk Lamp,Home,Karachi,2,4800,2900,0
ORD02144,2026-05-09,C0061,Backpack,Accessories,Lahore,4,6500,4100,15
ORD02144,2026-05-09,C0061,Water Bottle,Accessories,Lahore,4,1800,800,0
ORD02145,2025-02-05,C0268,Desk Lamp,Home,Faisalabad,1,4800,2900,10
ORD02145,2025-02-05,C0268,Wireless Mouse,Electronics,Faisalabad,2,3200,2050,10
ORD02145,2025-02-05,C0268,Notebook Set,Stationery,Faisalabad,4,950,420,45
ORD02146,2025-09-19,C0331,Water Bottle,Accessories,Islamabad,3,1800,800,15
ORD02146,2025-09-19,C0331,USB Hub,Electronics,Islamabad,1,4500,2850,10
ORD02146,2025-09-19,C0331,Notebook Set,Stationery,Islamabad,3,950,420,0
ORD02147,2026-05-18,C0338,Notebook Set,Stationery,Islamabad,4,950,420,0
ORD02147,2026-05-18,C0338,Backpack,Accessories,Islamabad,2,6500,4100,45
ORD02147,2026-05-18,C0338,Water Bottle,Accessories,Islamabad,3,1800,800,0
ORD02148,2026-02-15,C0086,Notebook Set,Stationery,Lahore,1,950,420,5
ORD02148,2026-02-15,C0086,USB Hub,Electronics,Lahore,1,4500,2850,25
ORD02148,2026-02-15,C0086,Wireless Mouse,Electronics,Lahore,2,3200,2050,15
ORD02149,2025-02-16,C0279,Water Bottle,Accessories,Islamabad,2,1800,800,15
ORD02150,2025-04-26,C0374,Water Bottle,Accessories,Lahore,4,1800,800,0
ORD02150,2025-04-26,C0374,Wireless Mouse,Electronics,Lahore,4,3200,2050,15
ORD02151,2025-02-26,C0177,Backpack,Accessories,Karachi,4,6500,4100,45
ORD02152,2025-12-02,C0358,Backpack,Accessories,Faisalabad,4,6500,4100,0
ORD02153,2026-01-20,C0366,Water Bottle,Accessories,Karachi,2,1800,800,10
ORD02153,2026-01-20,C0366,Backpack,Accessories,Karachi,2,6500,4100,25
ORD02153,2026-01-20,C0366,USB Hub,Electronics,Karachi,4,4500,2850,5
ORD02154,2025-11-24,C0087,Water Bottle,Accessories,Lahore,2,1800,800,0
ORD02154,2025-11-24,C0087,Wireless Mouse,Electronics,Lahore,1,3200,2050,5
ORD02155,2026-04-04,C0357,Notebook Set,Stationery,Lahore,2,950,420,25
ORD02156,2025-05-23,C0161,Backpack,Accessories,Islamabad,2,6500,4100,45
ORD02156,2025-05-23,C0161,USB Hub,Electronics,Islamabad,4,4500,2850,45
ORD02157,2025-01-11,C0335,Notebook Set,Stationery,Faisalabad,2,950,420,25
ORD02157,2025-01-11,C0335,USB Hub,Electronics,Faisalabad,4,4500,2850,25
ORD02157,2025-01-11,C0335,Desk Lamp,Home,Faisalabad,1,4800,2900,45
ORD02158,2025-05-19,C0375,Backpack,Accessories,Lahore,3,6500,4100,15
ORD02159,2025-09-15,C0002,Notebook Set,Stationery,Islamabad,4,950,420,0
ORD02159,2025-09-15,C0002,Water Bottle,Accessories,Islamabad,1,1800,800,0
ORD02160,2025-01-31,C0284,Notebook Set,Stationery,Islamabad,2,950,420,15
ORD02160,2025-01-31,C0284,USB Hub,Electronics,Islamabad,3,4500,2850,45
ORD02161,2026-05-01,C0126,Backpack,Accessories,Faisalabad,1,6500,4100,0
ORD02161,2026-05-01,C0126,Water Bottle,Accessories,Faisalabad,4,1800,800,0
ORD02162,2025-01-08,C0104,Wireless Mouse,Electronics,Karachi,2,3200,2050,15
ORD02163,2025-12-14,C0320,USB Hub,Electronics,Faisalabad,1,4500,2850,5
ORD02164,2025-08-07,C0281,Water Bottle,Accessories,Karachi,3,1800,800,5
ORD02164,2025-08-07,C0281,Desk Lamp,Home,Karachi,2,4800,2900,10
ORD02164,2025-08-07,C0281,USB Hub,Electronics,Karachi,2,4500,2850,0
ORD02165,2026-09-24,C0112,Backpack,Accessories,Karachi,2,6500,4100,0
ORD02165,2026-09-24,C0112,Wireless Mouse,Electronics,Karachi,3,3200,2050,5
ORD02165,2026-09-24,C0112,Water Bottle,Accessories,Karachi,4,1800,800,0
ORD02166,2026-06-28,C0137,Desk Lamp,Home,Faisalabad,2,4800,2900,45
ORD02167,2026-04-14,C0327,Notebook Set,Stationery,Islamabad,2,950,420,15
ORD02167,2026-04-14,C0327,Backpack,Accessories,Islamabad,3,6500,4100,45
ORD02167,2026-04-14,C0327,Water Bottle,Accessories,Islamabad,3,1800,800,45
ORD02168,2026-04-13,C0381,USB Hub,Electronics,Faisalabad,2,4500,2850,25
ORD02168,2026-04-13,C0381,Wireless Mouse,Electronics,Faisalabad,3,3200,2050,25
ORD02168,2026-04-13,C0381,Notebook Set,Stationery,Faisalabad,1,950,420,25
ORD02169,2025-09-18,C0316,Wireless Mouse,Electronics,Karachi,3,3200,2050,25
ORD02169,2025-09-18,C0316,Notebook Set,Stationery,Karachi,4,950,420,5
ORD02170,2026-02-15,C0070,Backpack,Accessories,Faisalabad,1,6500,4100,10
ORD02170,2026-02-15,C0070,Notebook Set,Stationery,Faisalabad,3,950,420,10
ORD02170,2026-02-15,C0070,Water Bottle,Accessories,Faisalabad,2,1800,800,0
ORD02171,2025-09-20,C0099,Notebook Set,Stationery,Karachi,3,950,420,5
ORD02172,2025-04-01,C0321,Backpack,Accessories,Karachi,4,6500,4100,25
ORD02172,2025-04-01,C0321,Notebook Set,Stationery,Karachi,4,950,420,10
ORD02173,2025-08-06,C0034,Desk Lamp,Home,Karachi,4,4800,2900,0
ORD02173,2025-08-06,C0034,Water Bottle,Accessories,Karachi,1,1800,800,0
ORD02173,2025-08-06,C0034,USB Hub,Electronics,Karachi,4,4500,2850,10
ORD02174,2025-05-13,C0018,Wireless Mouse,Electronics,Karachi,4,3200,2050,0
ORD02174,2025-05-13,C0018,Water Bottle,Accessories,Karachi,2,1800,800,0
ORD02175,2025-09-18,C0044,Water Bottle,Accessories,Faisalabad,2,1800,800,25
ORD02175,2025-09-18,C0044,Backpack,Accessories,Faisalabad,4,6500,4100,25
ORD02175,2025-09-18,C0044,Desk Lamp,Home,Faisalabad,1,4800,2900,15
ORD02176,2026-08-24,C0020,Wireless Mouse,Electronics,Karachi,4,3200,2050,0
ORD02177,2025-04-25,C0030,Backpack,Accessories,Faisalabad,4,6500,4100,15
ORD02177,2025-04-25,C0030,Desk Lamp,Home,Faisalabad,3,4800,2900,0
ORD02178,2025-05-29,C0239,Desk Lamp,Home,Karachi,2,4800,2900,0
ORD02179,2025-12-20,C0121,Backpack,Accessories,Karachi,1,6500,4100,15
ORD02180,2026-08-22,C0365,Backpack,Accessories,Islamabad,3,6500,4100,5
ORD02180,2026-08-22,C0365,Desk Lamp,Home,Islamabad,1,4800,2900,0
ORD02180,2026-08-22,C0365,USB Hub,Electronics,Islamabad,2,4500,2850,25
ORD02181,2025-12-19,C0024,USB Hub,Electronics,Faisalabad,3,4500,2850,45
ORD02181,2025-12-19,C0024,Desk Lamp,Home,Faisalabad,3,4800,2900,15
ORD02182,2025-08-14,C0357,Water Bottle,Accessories,Lahore,2,1800,800,0
ORD02183,2025-09-21,C0103,Notebook Set,Stationery,Islamabad,4,950,420,0
ORD02184,2026-05-03,C0032,Backpack,Accessories,Karachi,3,6500,4100,0
ORD02184,2026-05-03,C0032,Desk Lamp,Home,Karachi,3,4800,2900,5
ORD02184,2026-05-03,C0032,Wireless Mouse,Electronics,Karachi,2,3200,2050,0
ORD02185,2025-07-22,C0400,Water Bottle,Accessories,Lahore,2,1800,800,5
ORD02185,2025-07-22,C0400,USB Hub,Electronics,Lahore,2,4500,2850,15
ORD02185,2025-07-22,C0400,Notebook Set,Stationery,Lahore,2,950,420,25
ORD02186,2025-01-14,C0267,Backpack,Accessories,Islamabad,1,6500,4100,10
ORD02186,2025-01-14,C0267,USB Hub,Electronics,Islamabad,3,4500,2850,5
ORD02187,2026-09-14,C0205,Notebook Set,Stationery,Islamabad,3,950,420,5
ORD02188,2026-05-07,C0055,Desk Lamp,Home,Lahore,2,4800,2900,10
ORD02188,2026-05-07,C0055,USB Hub,Electronics,Lahore,2,4500,2850,10
ORD02189,2026-03-27,C0289,Desk Lamp,Home,Faisalabad,4,4800,2900,10
ORD02189,2026-03-27,C0289,Wireless Mouse,Electronics,Faisalabad,4,3200,2050,5
ORD02190,2025-02-03,C0254,USB Hub,Electronics,Lahore,2,4500,2850,15
ORD02191,2026-04-23,C0154,USB Hub,Electronics,Islamabad,3,4500,2850,15
ORD02191,2026-04-23,C0154,Notebook Set,Stationery,Islamabad,1,950,420,0
ORD02192,2025-02-27,C0080,USB Hub,Electronics,Karachi,4,4500,2850,45
ORD02192,2025-02-27,C0080,Water Bottle,Accessories,Karachi,4,1800,800,5
ORD02192,2025-02-27,C0080,Backpack,Accessories,Karachi,2,6500,4100,10
ORD02193,2025-02-05,C0047,Backpack,Accessories,Lahore,2,6500,4100,0
ORD02193,2025-02-05,C0047,Wireless Mouse,Electronics,Lahore,2,3200,2050,10
ORD02193,2025-02-05,C0047,Notebook Set,Stationery,Lahore,1,950,420,15
ORD02194,2026-09-08,C0018,USB Hub,Electronics,Lahore,3,4500,2850,5
ORD02194,2026-09-08,C0018,Notebook Set,Stationery,Lahore,4,950,420,0
ORD02194,2026-09-08,C0018,Water Bottle,Accessories,Lahore,1,1800,800,10
ORD02195,2026-09-12,C0398,Water Bottle,Accessories,Islamabad,1,1800,800,10
ORD02195,2026-09-12,C0398,Desk Lamp,Home,Islamabad,2,4800,2900,10
ORD02196,2026-07-30,C0108,Desk Lamp,Home,Faisalabad,1,4800,2900,15
ORD02197,2026-07-02,C0355,Backpack,Accessories,Lahore,1,6500,4100,15
ORD02197,2026-07-02,C0355,USB Hub,Electronics,Lahore,3,4500,2850,0
ORD02197,2026-07-02,C0355,Wireless Mouse,Electronics,Lahore,3,3200,2050,25
ORD02198,2025-06-01,C0243,Notebook Set,Stationery,Karachi,2,950,420,10
ORD02199,2025-05-12,C0157,Wireless Mouse,Electronics,Islamabad,4,3200,2050,10
ORD02199,2025-05-12,C0157,Backpack,Accessories,Islamabad,3,6500,4100,25
ORD02200,2025-04-04,C0389,Backpack,Accessories,Karachi,4,6500,4100,15
ORD02200,2025-04-04,C0389,Notebook Set,Stationery,Karachi,1,950,420,15
ORD02200,2025-04-04,C0389,Desk Lamp,Home,Karachi,1,4800,2900,0
ORD02201,2025-07-01,C0122,USB Hub,Electronics,Lahore,2,4500,2850,0
ORD02202,2025-10-01,C0278,Desk Lamp,Home,Islamabad,4,4800,2900,15
ORD02203,2026-09-20,C0123,Desk Lamp,Home,Lahore,1,4800,2900,15
ORD02203,2026-09-20,C0123,USB Hub,Electronics,Lahore,2,4500,2850,15
ORD02204,2025-09-07,C0215,Desk Lamp,Home,Islamabad,3,4800,2900,45
ORD02205,2025-10-11,C0400,Backpack,Accessories,Lahore,1,6500,4100,15
ORD02205,2025-10-11,C0400,Wireless Mouse,Electronics,Lahore,4,3200,2050,0
ORD02205,2025-10-11,C0400,Desk Lamp,Home,Lahore,3,4800,2900,0
ORD02206,2025-04-23,C0195,USB Hub,Electronics,Karachi,1,4500,2850,45
ORD02207,2025-04-23,C0208,USB Hub,Electronics,Islamabad,4,4500,2850,15
ORD02207,2025-04-23,C0208,Notebook Set,Stationery,Islamabad,4,950,420,5
ORD02208,2025-09-03,C0229,Wireless Mouse,Electronics,Islamabad,3,3200,2050,0
ORD02208,2025-09-03,C0229,Backpack,Accessories,Islamabad,1,6500,4100,5
ORD02208,2025-09-03,C0229,Water Bottle,Accessories,Islamabad,3,1800,800,25
ORD02209,2026-07-25,C0079,Wireless Mouse,Electronics,Lahore,4,3200,2050,0
ORD02209,2026-07-25,C0079,Notebook Set,Stationery,Lahore,4,950,420,10
ORD02210,2025-12-01,C0257,Wireless Mouse,Electronics,Islamabad,1,3200,2050,25
ORD02210,2025-12-01,C0257,Desk Lamp,Home,Islamabad,3,4800,2900,0
ORD02211,2025-03-20,C0393,Wireless Mouse,Electronics,Lahore,3,3200,2050,45
ORD02212,2025-04-20,C0319,Wireless Mouse,Electronics,Islamabad,2,3200,2050,0
ORD02213,2025-03-14,C0187,Water Bottle,Accessories,Faisalabad,3,1800,800,25
ORD02213,2025-03-14,C0187,Notebook Set,Stationery,Faisalabad,4,950,420,0
ORD02213,2025-03-14,C0187,Desk Lamp,Home,Faisalabad,2,4800,2900,0
ORD02214,2025-12-21,C0075,Water Bottle,Accessories,Faisalabad,4,1800,800,5
ORD02214,2025-12-21,C0075,Notebook Set,Stationery,Faisalabad,3,950,420,5
ORD02214,2025-12-21,C0075,Desk Lamp,Home,Faisalabad,1,4800,2900,5
ORD02215,2025-03-10,C0324,Wireless Mouse,Electronics,Islamabad,2,3200,2050,0
ORD02215,2025-03-10,C0324,Water Bottle,Accessories,Islamabad,1,1800,800,10
ORD02215,2025-03-10,C0324,Backpack,Accessories,Islamabad,1,6500,4100,0
ORD02216,2025-04-05,C0111,Desk Lamp,Home,Lahore,3,4800,2900,0
ORD02216,2025-04-05,C0111,Backpack,Accessories,Lahore,3,6500,4100,5
ORD02217,2025-09-19,C0100,Backpack,Accessories,Karachi,1,6500,4100,15
ORD02218,2025-06-13,C0227,Backpack,Accessories,Islamabad,2,6500,4100,25
ORD02218,2025-06-13,C0227,Water Bottle,Accessories,Islamabad,2,1800,800,15
ORD02219,2025-11-10,C0364,Backpack,Accessories,Karachi,2,6500,4100,0
ORD02219,2025-11-10,C0364,Wireless Mouse,Electronics,Karachi,2,3200,2050,10
ORD02220,2025-07-31,C0155,Wireless Mouse,Electronics,Lahore,4,3200,2050,45
ORD02220,2025-07-31,C0155,Notebook Set,Stationery,Lahore,2,950,420,10
ORD02220,2025-07-31,C0155,Backpack,Accessories,Lahore,1,6500,4100,0
ORD02221,2026-05-04,C0172,Desk Lamp,Home,Karachi,3,4800,2900,5
ORD02221,2026-05-04,C0172,Water Bottle,Accessories,Karachi,3,1800,800,5
ORD02222,2025-11-26,C0059,USB Hub,Electronics,Islamabad,3,4500,2850,0
ORD02223,2025-11-19,C0090,USB Hub,Electronics,Karachi,3,4500,2850,5
ORD02224,2026-07-13,C0258,Backpack,Accessories,Islamabad,3,6500,4100,45
ORD02225,2026-01-21,C0069,Desk Lamp,Home,Islamabad,4,4800,2900,25
ORD02226,2026-07-30,C0141,Water Bottle,Accessories,Islamabad,2,1800,800,15
ORD02226,2026-07-30,C0141,USB Hub,Electronics,Islamabad,3,4500,2850,0
ORD02226,2026-07-30,C0141,Wireless Mouse,Electronics,Islamabad,1,3200,2050,10
ORD02227,2026-06-19,C0330,Desk Lamp,Home,Karachi,3,4800,2900,10
ORD02227,2026-06-19,C0330,Water Bottle,Accessories,Karachi,3,1800,800,15
ORD02227,2026-06-19,C0330,Notebook Set,Stationery,Karachi,2,950,420,10
ORD02228,2025-02-24,C0348,USB Hub,Electronics,Lahore,2,4500,2850,45
ORD02228,2025-02-24,C0348,Wireless Mouse,Electronics,Lahore,4,3200,2050,15
ORD02228,2025-02-24,C0348,Backpack,Accessories,Lahore,4,6500,4100,0
ORD02229,2026-05-18,C0125,Notebook Set,Stationery,Islamabad,2,950,420,5
ORD02229,2026-05-18,C0125,Backpack,Accessories,Islamabad,1,6500,4100,5
ORD02229,2026-05-18,C0125,USB Hub,Electronics,Islamabad,3,4500,2850,45
ORD02230,2025-03-07,C0074,Desk Lamp,Home,Islamabad,3,4800,2900,45
ORD02230,2025-03-07,C0074,Water Bottle,Accessories,Islamabad,2,1800,800,0
ORD02230,2025-03-07,C0074,Wireless Mouse,Electronics,Islamabad,4,3200,2050,0
ORD02231,2025-04-09,C0056,Desk Lamp,Home,Karachi,3,4800,2900,10
ORD02231,2025-04-09,C0056,Notebook Set,Stationery,Karachi,3,950,420,45
ORD02231,2025-04-09,C0056,Water Bottle,Accessories,Karachi,3,1800,800,25
ORD02232,2025-01-26,C0344,Backpack,Accessories,Faisalabad,1,6500,4100,0
ORD02232,2025-01-26,C0344,Desk Lamp,Home,Faisalabad,2,4800,2900,10
ORD02232,2025-01-26,C0344,Notebook Set,Stationery,Faisalabad,1,950,420,25
ORD02233,2025-03-11,C0376,USB Hub,Electronics,Islamabad,3,4500,2850,10
ORD02233,2025-03-11,C0376,Desk Lamp,Home,Islamabad,1,4800,2900,45
ORD02234,2026-02-06,C0066,Backpack,Accessories,Islamabad,4,6500,4100,0
ORD02234,2026-02-06,C0066,Notebook Set,Stationery,Islamabad,2,950,420,0
ORD02235,2025-10-15,C0059,Backpack,Accessories,Islamabad,2,6500,4100,45
ORD02236,2026-07-15,C0241,Wireless Mouse,Electronics,Karachi,1,3200,2050,25
ORD02236,2026-07-15,C0241,Notebook Set,Stationery,Karachi,4,950,420,15
ORD02236,2026-07-15,C0241,Water Bottle,Accessories,Karachi,3,1800,800,5
ORD02237,2025-08-18,C0366,Water Bottle,Accessories,Faisalabad,2,1800,800,10
ORD02237,2025-08-18,C0366,Desk Lamp,Home,Faisalabad,3,4800,2900,25
ORD02238,2025-08-23,C0067,Notebook Set,Stationery,Faisalabad,3,950,420,10
ORD02238,2025-08-23,C0067,Water Bottle,Accessories,Faisalabad,2,1800,800,5
ORD02238,2025-08-23,C0067,Wireless Mouse,Electronics,Faisalabad,1,3200,2050,0
ORD02239,2026-04-28,C0145,Desk Lamp,Home,Faisalabad,3,4800,2900,25
ORD02239,2026-04-28,C0145,USB Hub,Electronics,Faisalabad,1,4500,2850,10
ORD02240,2025-05-23,C0295,Desk Lamp,Home,Islamabad,2,4800,2900,15
ORD02240,2025-05-23,C0295,Water Bottle,Accessories,Islamabad,1,1800,800,5
ORD02241,2025-03-06,C0035,Wireless Mouse,Electronics,Karachi,3,3200,2050,25
ORD02241,2025-03-06,C0035,Water Bottle,Accessories,Karachi,3,1800,800,0
ORD02242,2026-01-31,C0345,Backpack,Accessories,Karachi,3,6500,4100,25
ORD02242,2026-01-31,C0345,Wireless Mouse,Electronics,Karachi,3,3200,2050,5
ORD02242,2026-01-31,C0345,Notebook Set,Stationery,Karachi,4,950,420,0
ORD02243,2025-10-13,C0063,Backpack,Accessories,Islamabad,3,6500,4100,0
ORD02243,2025-10-13,C0063,Desk Lamp,Home,Islamabad,2,4800,2900,25
ORD02243,2025-10-13,C0063,USB Hub,Electronics,Islamabad,3,4500,2850,5
ORD02244,2025-05-18,C0261,Wireless Mouse,Electronics,Karachi,4,3200,2050,45
ORD02244,2025-05-18,C0261,USB Hub,Electronics,Karachi,2,4500,2850,45
ORD02245,2025-05-15,C0021,Wireless Mouse,Electronics,Karachi,3,3200,2050,15
ORD02245,2025-05-15,C0021,Desk Lamp,Home,Karachi,4,4800,2900,0
ORD02246,2026-07-27,C0143,Backpack,Accessories,Faisalabad,2,6500,4100,45
ORD02246,2026-07-27,C0143,Wireless Mouse,Electronics,Faisalabad,4,3200,2050,0
ORD02246,2026-07-27,C0143,Desk Lamp,Home,Faisalabad,3,4800,2900,0
ORD02247,2025-10-11,C0005,Desk Lamp,Home,Islamabad,1,4800,2900,0
ORD02248,2025-02-19,C0222,USB Hub,Electronics,Faisalabad,3,4500,2850,0
ORD02249,2025-02-09,C0314,Wireless Mouse,Electronics,Lahore,2,3200,2050,5
ORD02249,2025-02-09,C0314,USB Hub,Electronics,Lahore,3,4500,2850,10
ORD02250,2025-09-01,C0147,Backpack,Accessories,Lahore,3,6500,4100,25
ORD02251,2025-11-26,C0302,Backpack,Accessories,Islamabad,4,6500,4100,0
ORD02251,2025-11-26,C0302,Desk Lamp,Home,Islamabad,1,4800,2900,10
ORD02252,2025-02-15,C0077,Desk Lamp,Home,Karachi,3,4800,2900,5
ORD02253,2026-07-26,C0038,USB Hub,Electronics,Islamabad,4,4500,2850,5
ORD02253,2026-07-26,C0038,Backpack,Accessories,Islamabad,3,6500,4100,5
ORD02254,2025-09-10,C0281,USB Hub,Electronics,Faisalabad,4,4500,2850,15
ORD02254,2025-09-10,C0281,Notebook Set,Stationery,Faisalabad,3,950,420,15
ORD02254,2025-09-10,C0281,Backpack,Accessories,Faisalabad,4,6500,4100,15
ORD02255,2025-03-02,C0313,Backpack,Accessories,Islamabad,4,6500,4100,10
ORD02255,2025-03-02,C0313,Wireless Mouse,Electronics,Islamabad,4,3200,2050,45
ORD02255,2025-03-02,C0313,USB Hub,Electronics,Islamabad,1,4500,2850,45
ORD02256,2026-02-11,C0230,Notebook Set,Stationery,Lahore,1,950,420,0
ORD02256,2026-02-11,C0230,Desk Lamp,Home,Lahore,4,4800,2900,0
ORD02256,2026-02-11,C0230,Water Bottle,Accessories,Lahore,4,1800,800,0
ORD02257,2026-07-27,C0261,Backpack,Accessories,Lahore,2,6500,4100,0
ORD02257,2026-07-27,C0261,Desk Lamp,Home,Lahore,4,4800,2900,0
ORD02257,2026-07-27,C0261,USB Hub,Electronics,Lahore,1,4500,2850,0
ORD02258,2026-09-14,C0389,Backpack,Accessories,Islamabad,4,6500,4100,0
ORD02259,2026-05-22,C0008,USB Hub,Electronics,Faisalabad,4,4500,2850,5
ORD02259,2026-05-22,C0008,Notebook Set,Stationery,Faisalabad,3,950,420,10
ORD02260,2025-10-03,C0320,Notebook Set,Stationery,Lahore,4,950,420,0
ORD02261,2025-08-06,C0267,Notebook Set,Stationery,Karachi,2,950,420,10
ORD02261,2025-08-06,C0267,USB Hub,Electronics,Karachi,2,4500,2850,10
ORD02262,2026-06-18,C0201,Backpack,Accessories,Islamabad,4,6500,4100,45
ORD02262,2026-06-18,C0201,USB Hub,Electronics,Islamabad,1,4500,2850,0
ORD02263,2026-09-02,C0161,Notebook Set,Stationery,Karachi,2,950,420,45
ORD02263,2026-09-02,C0161,Wireless Mouse,Electronics,Karachi,1,3200,2050,45
ORD02263,2026-09-02,C0161,Water Bottle,Accessories,Karachi,1,1800,800,15
ORD02264,2026-06-22,C0248,Water Bottle,Accessories,Faisalabad,2,1800,800,0
ORD02264,2026-06-22,C0248,Desk Lamp,Home,Faisalabad,4,4800,2900,0
ORD02265,2025-04-16,C0294,USB Hub,Electronics,Islamabad,1,4500,2850,25
ORD02266,2025-01-21,C0237,Backpack,Accessories,Islamabad,1,6500,4100,10
ORD02266,2025-01-21,C0237,Notebook Set,Stationery,Islamabad,4,950,420,45
ORD02267,2025-08-18,C0190,Water Bottle,Accessories,Karachi,4,1800,800,25
ORD02267,2025-08-18,C0190,USB Hub,Electronics,Karachi,3,4500,2850,45
ORD02267,2025-08-18,C0190,Backpack,Accessories,Karachi,3,6500,4100,25
ORD02268,2025-04-25,C0267,Desk Lamp,Home,Karachi,4,4800,2900,0
ORD02268,2025-04-25,C0267,Backpack,Accessories,Karachi,3,6500,4100,10
ORD02268,2025-04-25,C0267,USB Hub,Electronics,Karachi,4,4500,2850,25
ORD02269,2026-05-11,C0258,Wireless Mouse,Electronics,Lahore,1,3200,2050,15
ORD02269,2026-05-11,C0258,Water Bottle,Accessories,Lahore,1,1800,800,45
ORD02269,2026-05-11,C0258,Notebook Set,Stationery,Lahore,3,950,420,5
ORD02270,2025-02-21,C0062,USB Hub,Electronics,Lahore,2,4500,2850,0
ORD02270,2025-02-21,C0062,Wireless Mouse,Electronics,Lahore,3,3200,2050,15
ORD02271,2026-09-05,C0203,Water Bottle,Accessories,Karachi,1,1800,800,10
ORD02271,2026-09-05,C0203,Backpack,Accessories,Karachi,2,6500,4100,0
ORD02271,2026-09-05,C0203,Wireless Mouse,Electronics,Karachi,3,3200,2050,10
ORD02272,2025-11-21,C0194,Desk Lamp,Home,Islamabad,1,4800,2900,0
ORD02272,2025-11-21,C0194,Notebook Set,Stationery,Islamabad,4,950,420,5
ORD02272,2025-11-21,C0194,Wireless Mouse,Electronics,Islamabad,4,3200,2050,10
ORD02273,2025-11-19,C0376,Desk Lamp,Home,Islamabad,3,4800,2900,0
ORD02274,2025-04-08,C0030,Wireless Mouse,Electronics,Islamabad,3,3200,2050,0
ORD02274,2025-04-08,C0030,USB Hub,Electronics,Islamabad,4,4500,2850,0
ORD02275,2025-12-31,C0224,Wireless Mouse,Electronics,Lahore,2,3200,2050,10
ORD02275,2025-12-31,C0224,Notebook Set,Stationery,Lahore,4,950,420,0
ORD02276,2025-07-05,C0048,Water Bottle,Accessories,Islamabad,2,1800,800,15
ORD02277,2025-05-01,C0130,Wireless Mouse,Electronics,Lahore,3,3200,2050,5
ORD02277,2025-05-01,C0130,Water Bottle,Accessories,Lahore,2,1800,800,5
ORD02278,2026-04-29,C0179,Desk Lamp,Home,Faisalabad,2,4800,2900,0
ORD02279,2026-03-05,C0157,Wireless Mouse,Electronics,Karachi,3,3200,2050,15
ORD02279,2026-03-05,C0157,Notebook Set,Stationery,Karachi,3,950,420,10
ORD02280,2026-08-21,C0373,Wireless Mouse,Electronics,Karachi,2,3200,2050,0
ORD02280,2026-08-21,C0373,Desk Lamp,Home,Karachi,3,4800,2900,0
ORD02280,2026-08-21,C0373,Water Bottle,Accessories,Karachi,2,1800,800,5
ORD02281,2026-07-21,C0299,Desk Lamp,Home,Lahore,2,4800,2900,25
ORD02281,2026-07-21,C0299,Backpack,Accessories,Lahore,2,6500,4100,5
ORD02281,2026-07-21,C0299,Notebook Set,Stationery,Lahore,4,950,420,45
ORD02282,2025-10-23,C0018,USB Hub,Electronics,Islamabad,3,4500,2850,15
ORD02282,2025-10-23,C0018,Water Bottle,Accessories,Islamabad,2,1800,800,5
ORD02282,2025-10-23,C0018,Backpack,Accessories,Islamabad,3,6500,4100,5
ORD02283,2025-04-09,C0392,Wireless Mouse,Electronics,Karachi,2,3200,2050,45
ORD02284,2025-04-12,C0098,Backpack,Accessories,Lahore,2,6500,4100,25
ORD02285,2025-09-13,C0255,Notebook Set,Stationery,Lahore,1,950,420,5
ORD02286,2025-10-28,C0162,Backpack,Accessories,Islamabad,2,6500,4100,25
ORD02286,2025-10-28,C0162,Wireless Mouse,Electronics,Islamabad,4,3200,2050,5
ORD02286,2025-10-28,C0162,Water Bottle,Accessories,Islamabad,4,1800,800,15
ORD02287,2026-04-25,C0299,Backpack,Accessories,Faisalabad,2,6500,4100,5
ORD02287,2026-04-25,C0299,Water Bottle,Accessories,Faisalabad,3,1800,800,45
ORD02287,2026-04-25,C0299,Notebook Set,Stationery,Faisalabad,4,950,420,0
ORD02288,2026-08-10,C0316,Desk Lamp,Home,Lahore,4,4800,2900,25
ORD02289,2026-01-03,C0253,Wireless Mouse,Electronics,Karachi,3,3200,2050,45
ORD02289,2026-01-03,C0253,Desk Lamp,Home,Karachi,1,4800,2900,45
ORD02289,2026-01-03,C0253,Water Bottle,Accessories,Karachi,1,1800,800,25
ORD02290,2026-03-25,C0331,Wireless Mouse,Electronics,Lahore,2,3200,2050,0
ORD02290,2026-03-25,C0331,Backpack,Accessories,Lahore,3,6500,4100,45
ORD02290,2026-03-25,C0331,Water Bottle,Accessories,Lahore,3,1800,800,25
ORD02291,2026-05-13,C0312,Desk Lamp,Home,Karachi,3,4800,2900,10
ORD02291,2026-05-13,C0312,Notebook Set,Stationery,Karachi,3,950,420,25
ORD02291,2026-05-13,C0312,Water Bottle,Accessories,Karachi,2,1800,800,25
ORD02292,2025-06-29,C0057,Desk Lamp,Home,Islamabad,4,4800,2900,10
ORD02292,2025-06-29,C0057,Backpack,Accessories,Islamabad,1,6500,4100,0
ORD02292,2025-06-29,C0057,USB Hub,Electronics,Islamabad,3,4500,2850,15
ORD02293,2026-03-17,C0004,Notebook Set,Stationery,Islamabad,3,950,420,15
ORD02293,2026-03-17,C0004,Wireless Mouse,Electronics,Islamabad,3,3200,2050,10
ORD02293,2026-03-17,C0004,USB Hub,Electronics,Islamabad,2,4500,2850,15
ORD02294,2025-06-29,C0197,USB Hub,Electronics,Karachi,1,4500,2850,0
ORD02294,2025-06-29,C0197,Backpack,Accessories,Karachi,4,6500,4100,5
ORD02294,2025-06-29,C0197,Wireless Mouse,Electronics,Karachi,1,3200,2050,0
ORD02295,2026-02-19,C0305,Notebook Set,Stationery,Karachi,3,950,420,0
ORD02296,2025-06-20,C0001,Desk Lamp,Home,Karachi,1,4800,2900,25
ORD02297,2025-11-09,C0380,Desk Lamp,Home,Karachi,4,4800,2900,15
ORD02298,2025-07-27,C0262,USB Hub,Electronics,Islamabad,1,4500,2850,0
ORD02299,2026-04-01,C0178,Backpack,Accessories,Lahore,3,6500,4100,0
ORD02300,2025-09-23,C0138,Water Bottle,Accessories,Faisalabad,2,1800,800,15
ORD02300,2025-09-23,C0138,Desk Lamp,Home,Faisalabad,4,4800,2900,5
ORD02300,2025-09-23,C0138,Notebook Set,Stationery,Faisalabad,1,950,420,0
ORD02301,2025-09-21,C0038,USB Hub,Electronics,Lahore,3,4500,2850,15
ORD02301,2025-09-21,C0038,Desk Lamp,Home,Lahore,4,4800,2900,45
ORD02302,2025-07-21,C0391,USB Hub,Electronics,Lahore,3,4500,2850,25
ORD02302,2025-07-21,C0391,Water Bottle,Accessories,Lahore,1,1800,800,5
ORD02302,2025-07-21,C0391,Wireless Mouse,Electronics,Lahore,1,3200,2050,0
ORD02303,2026-04-22,C0257,Water Bottle,Accessories,Lahore,3,1800,800,0
ORD02304,2026-08-19,C0080,USB Hub,Electronics,Karachi,2,4500,2850,25
ORD02304,2026-08-19,C0080,Wireless Mouse,Electronics,Karachi,4,3200,2050,25
ORD02304,2026-08-19,C0080,Notebook Set,Stationery,Karachi,4,950,420,10
ORD02305,2025-02-11,C0215,Backpack,Accessories,Karachi,2,6500,4100,0
ORD02305,2025-02-11,C0215,Wireless Mouse,Electronics,Karachi,4,3200,2050,0
ORD02305,2025-02-11,C0215,Notebook Set,Stationery,Karachi,1,950,420,5
ORD02306,2025-04-10,C0367,Desk Lamp,Home,Karachi,1,4800,2900,15
ORD02307,2025-11-04,C0093,Notebook Set,Stationery,Faisalabad,1,950,420,25
ORD02307,2025-11-04,C0093,Backpack,Accessories,Faisalabad,2,6500,4100,0
ORD02308,2025-11-29,C0351,Notebook Set,Stationery,Islamabad,3,950,420,0
ORD02309,2026-06-08,C0119,USB Hub,Electronics,Lahore,1,4500,2850,25
ORD02310,2026-09-13,C0045,Water Bottle,Accessories,Lahore,2,1800,800,10
ORD02310,2026-09-13,C0045,Notebook Set,Stationery,Lahore,4,950,420,15
ORD02310,2026-09-13,C0045,Wireless Mouse,Electronics,Lahore,2,3200,2050,45
ORD02311,2026-01-06,C0040,Backpack,Accessories,Karachi,4,6500,4100,0
ORD02312,2026-05-14,C0367,Desk Lamp,Home,Faisalabad,2,4800,2900,5
ORD02312,2026-05-14,C0367,Wireless Mouse,Electronics,Faisalabad,3,3200,2050,25
ORD02313,2026-06-01,C0354,Desk Lamp,Home,Faisalabad,1,4800,2900,15
ORD02314,2026-01-06,C0343,Backpack,Accessories,Faisalabad,4,6500,4100,5
ORD02314,2026-01-06,C0343,Wireless Mouse,Electronics,Faisalabad,1,3200,2050,5
ORD02314,2026-01-06,C0343,Water Bottle,Accessories,Faisalabad,2,1800,800,45
ORD02315,2025-04-23,C0053,Wireless Mouse,Electronics,Islamabad,4,3200,2050,0
ORD02315,2025-04-23,C0053,Notebook Set,Stationery,Islamabad,4,950,420,0
ORD02316,2025-05-30,C0360,Backpack,Accessories,Karachi,2,6500,4100,25
ORD02316,2025-05-30,C0360,Desk Lamp,Home,Karachi,3,4800,2900,10
ORD02317,2026-05-29,C0172,Notebook Set,Stationery,Faisalabad,1,950,420,15
ORD02317,2026-05-29,C0172,Water Bottle,Accessories,Faisalabad,2,1800,800,5
ORD02317,2026-05-29,C0172,Backpack,Accessories,Faisalabad,3,6500,4100,5
ORD02318,2025-03-28,C0223,Desk Lamp,Home,Islamabad,1,4800,2900,15
ORD02319,2025-06-08,C0012,Backpack,Accessories,Karachi,2,6500,4100,5
ORD02319,2025-06-08,C0012,Wireless Mouse,Electronics,Karachi,1,3200,2050,0
ORD02320,2025-10-27,C0251,Wireless Mouse,Electronics,Faisalabad,3,3200,2050,15
ORD02320,2025-10-27,C0251,Notebook Set,Stationery,Faisalabad,3,950,420,10
ORD02321,2026-09-26,C0240,Notebook Set,Stationery,Islamabad,4,950,420,15
ORD02321,2026-09-26,C0240,USB Hub,Electronics,Islamabad,4,4500,2850,0
ORD02322,2025-06-21,C0098,USB Hub,Electronics,Islamabad,4,4500,2850,0
ORD02322,2025-06-21,C0098,Wireless Mouse,Electronics,Islamabad,2,3200,2050,15
ORD02322,2025-06-21,C0098,Notebook Set,Stationery,Islamabad,3,950,420,45
ORD02323,2025-01-04,C0020,Backpack,Accessories,Karachi,4,6500,4100,0
ORD02323,2025-01-04,C0020,Desk Lamp,Home,Karachi,3,4800,2900,10
ORD02324,2025-03-07,C0242,Wireless Mouse,Electronics,Lahore,2,3200,2050,45
ORD02324,2025-03-07,C0242,Backpack,Accessories,Lahore,1,6500,4100,45
ORD02325,2025-12-07,C0380,Backpack,Accessories,Faisalabad,3,6500,4100,0
ORD02326,2026-02-28,C0184,Water Bottle,Accessories,Lahore,4,1800,800,45
ORD02326,2026-02-28,C0184,Desk Lamp,Home,Lahore,4,4800,2900,25
ORD02326,2026-02-28,C0184,USB Hub,Electronics,Lahore,4,4500,2850,5
ORD02327,2026-08-11,C0213,USB Hub,Electronics,Karachi,2,4500,2850,15
ORD02328,2025-02-11,C0254,Backpack,Accessories,Islamabad,2,6500,4100,45
ORD02328,2025-02-11,C0254,Water Bottle,Accessories,Islamabad,4,1800,800,0
ORD02329,2025-08-17,C0298,Notebook Set,Stationery,Islamabad,2,950,420,25
ORD02330,2025-11-25,C0056,Wireless Mouse,Electronics,Lahore,4,3200,2050,0
ORD02331,2026-02-09,C0052,USB Hub,Electronics,Karachi,4,4500,2850,45
ORD02331,2026-02-09,C0052,Notebook Set,Stationery,Karachi,3,950,420,0
ORD02331,2026-02-09,C0052,Desk Lamp,Home,Karachi,2,4800,2900,10
ORD02332,2026-08-17,C0294,Wireless Mouse,Electronics,Lahore,3,3200,2050,5
ORD02332,2026-08-17,C0294,Notebook Set,Stationery,Lahore,2,950,420,25
ORD02333,2025-11-19,C0017,USB Hub,Electronics,Islamabad,4,4500,2850,45
ORD02333,2025-11-19,C0017,Backpack,Accessories,Islamabad,1,6500,4100,0
ORD02334,2025-06-07,C0387,Backpack,Accessories,Faisalabad,1,6500,4100,0
ORD02335,2025-05-27,C0031,Wireless Mouse,Electronics,Faisalabad,4,3200,2050,25
ORD02335,2025-05-27,C0031,Desk Lamp,Home,Faisalabad,1,4800,2900,0
ORD02335,2025-05-27,C0031,Notebook Set,Stationery,Faisalabad,1,950,420,0
ORD02336,2026-01-27,C0264,Desk Lamp,Home,Faisalabad,3,4800,2900,15
ORD02337,2025-09-30,C0061,Backpack,Accessories,Karachi,4,6500,4100,0
ORD02338,2025-03-17,C0296,Water Bottle,Accessories,Lahore,4,1800,800,25
ORD02338,2025-03-17,C0296,Backpack,Accessories,Lahore,1,6500,4100,0
ORD02338,2025-03-17,C0296,Notebook Set,Stationery,Lahore,3,950,420,15
ORD02339,2026-04-09,C0126,Notebook Set,Stationery,Karachi,3,950,420,5
ORD02340,2025-07-23,C0185,USB Hub,Electronics,Faisalabad,1,4500,2850,5
ORD02340,2025-07-23,C0185,Wireless Mouse,Electronics,Faisalabad,2,3200,2050,0
ORD02341,2026-09-24,C0358,USB Hub,Electronics,Islamabad,4,4500,2850,0
ORD02341,2026-09-24,C0358,Backpack,Accessories,Islamabad,2,6500,4100,0
ORD02342,2025-03-17,C0080,Desk Lamp,Home,Islamabad,1,4800,2900,25
ORD02342,2025-03-17,C0080,USB Hub,Electronics,Islamabad,2,4500,2850,5
ORD02342,2025-03-17,C0080,Notebook Set,Stationery,Islamabad,1,950,420,0
ORD02343,2025-01-09,C0291,USB Hub,Electronics,Karachi,4,4500,2850,0
ORD02343,2025-01-09,C0291,Water Bottle,Accessories,Karachi,4,1800,800,15
ORD02343,2025-01-09,C0291,Notebook Set,Stationery,Karachi,3,950,420,0
ORD02344,2025-07-19,C0222,Backpack,Accessories,Lahore,1,6500,4100,5
ORD02345,2026-09-20,C0116,Wireless Mouse,Electronics,Faisalabad,3,3200,2050,15
ORD02345,2026-09-20,C0116,Notebook Set,Stationery,Faisalabad,4,950,420,45
ORD02345,2026-09-20,C0116,Desk Lamp,Home,Faisalabad,2,4800,2900,10
ORD02346,2026-02-09,C0387,Water Bottle,Accessories,Islamabad,3,1800,800,0
ORD02347,2025-05-02,C0082,Desk Lamp,Home,Islamabad,1,4800,2900,45
ORD02347,2025-05-02,C0082,Water Bottle,Accessories,Islamabad,1,1800,800,15
ORD02347,2025-05-02,C0082,Wireless Mouse,Electronics,Islamabad,3,3200,2050,10
ORD02348,2025-12-18,C0160,Notebook Set,Stationery,Islamabad,1,950,420,45
ORD02348,2025-12-18,C0160,USB Hub,Electronics,Islamabad,1,4500,2850,0
ORD02349,2025-08-10,C0130,Notebook Set,Stationery,Karachi,4,950,420,25
ORD02350,2025-08-11,C0104,Notebook Set,Stationery,Islamabad,1,950,420,15
ORD02351,2025-02-19,C0332,Water Bottle,Accessories,Karachi,2,1800,800,25
ORD02351,2025-02-19,C0332,Notebook Set,Stationery,Karachi,3,950,420,0
ORD02352,2025-06-17,C0176,Wireless Mouse,Electronics,Faisalabad,4,3200,2050,10
ORD02352,2025-06-17,C0176,Desk Lamp,Home,Faisalabad,1,4800,2900,45
ORD02352,2025-06-17,C0176,USB Hub,Electronics,Faisalabad,4,4500,2850,5
ORD02353,2025-03-18,C0106,USB Hub,Electronics,Karachi,4,4500,2850,0
ORD02353,2025-03-18,C0106,Water Bottle,Accessories,Karachi,1,1800,800,45
ORD02354,2026-01-27,C0095,USB Hub,Electronics,Faisalabad,4,4500,2850,10
ORD02355,2026-02-23,C0293,Water Bottle,Accessories,Faisalabad,1,1800,800,15
ORD02355,2026-02-23,C0293,Desk Lamp,Home,Faisalabad,2,4800,2900,15
ORD02356,2025-02-09,C0129,USB Hub,Electronics,Karachi,3,4500,2850,25
ORD02357,2026-05-27,C0014,Water Bottle,Accessories,Faisalabad,3,1800,800,25
ORD02358,2025-11-15,C0065,USB Hub,Electronics,Lahore,3,4500,2850,0
ORD02359,2025-03-21,C0032,Water Bottle,Accessories,Karachi,3,1800,800,0
ORD02359,2025-03-21,C0032,Backpack,Accessories,Karachi,4,6500,4100,25
ORD02359,2025-03-21,C0032,USB Hub,Electronics,Karachi,1,4500,2850,0
ORD02360,2026-02-05,C0296,Notebook Set,Stationery,Lahore,1,950,420,0
ORD02360,2026-02-05,C0296,Desk Lamp,Home,Lahore,1,4800,2900,25
ORD02360,2026-02-05,C0296,Backpack,Accessories,Lahore,2,6500,4100,5
ORD02361,2026-06-30,C0355,Notebook Set,Stationery,Lahore,3,950,420,0
ORD02361,2026-06-30,C0355,Water Bottle,Accessories,Lahore,2,1800,800,0
ORD02362,2026-03-26,C0368,Notebook Set,Stationery,Faisalabad,4,950,420,5
ORD02363,2026-06-20,C0231,Notebook Set,Stationery,Karachi,4,950,420,15
ORD02363,2026-06-20,C0231,Desk Lamp,Home,Karachi,2,4800,2900,25
ORD02364,2025-10-17,C0382,Desk Lamp,Home,Islamabad,4,4800,2900,0
ORD02364,2025-10-17,C0382,Backpack,Accessories,Islamabad,4,6500,4100,15
ORD02364,2025-10-17,C0382,Water Bottle,Accessories,Islamabad,3,1800,800,10
ORD02365,2026-02-11,C0156,Wireless Mouse,Electronics,Karachi,4,3200,2050,25
ORD02366,2025-10-10,C0333,Backpack,Accessories,Islamabad,3,6500,4100,0
ORD02366,2025-10-10,C0333,Wireless Mouse,Electronics,Islamabad,3,3200,2050,5
ORD02367,2025-03-25,C0190,Water Bottle,Accessories,Lahore,2,1800,800,5
ORD02368,2025-01-04,C0121,Water Bottle,Accessories,Karachi,4,1800,800,15
ORD02368,2025-01-04,C0121,Wireless Mouse,Electronics,Karachi,4,3200,2050,45
ORD02368,2025-01-04,C0121,USB Hub,Electronics,Karachi,4,4500,2850,15
ORD02369,2026-06-19,C0039,Backpack,Accessories,Islamabad,1,6500,4100,45
ORD02369,2026-06-19,C0039,Desk Lamp,Home,Islamabad,3,4800,2900,5
ORD02369,2026-06-19,C0039,USB Hub,Electronics,Islamabad,4,4500,2850,0
ORD02370,2026-05-12,C0181,Backpack,Accessories,Islamabad,3,6500,4100,45
ORD02371,2025-08-09,C0030,Desk Lamp,Home,Lahore,4,4800,2900,0
ORD02372,2025-04-03,C0013,Notebook Set,Stationery,Karachi,4,950,420,0
ORD02372,2025-04-03,C0013,Desk Lamp,Home,Karachi,1,4800,2900,10
ORD02373,2026-06-22,C0161,Desk Lamp,Home,Lahore,4,4800,2900,0
ORD02373,2026-06-22,C0161,Water Bottle,Accessories,Lahore,3,1800,800,10
ORD02374,2026-09-06,C0379,Wireless Mouse,Electronics,Karachi,1,3200,2050,25
ORD02375,2026-04-18,C0331,Desk Lamp,Home,Lahore,3,4800,2900,0
ORD02376,2026-02-26,C0356,USB Hub,Electronics,Lahore,3,4500,2850,45
ORD02376,2026-02-26,C0356,Desk Lamp,Home,Lahore,1,4800,2900,10
ORD02376,2026-02-26,C0356,Notebook Set,Stationery,Lahore,3,950,420,25
ORD02377,2026-08-17,C0290,Backpack,Accessories,Faisalabad,2,6500,4100,25
ORD02377,2026-08-17,C0290,Water Bottle,Accessories,Faisalabad,3,1800,800,0
ORD02377,2026-08-17,C0290,Notebook Set,Stationery,Faisalabad,2,950,420,0
ORD02378,2026-04-10,C0179,Wireless Mouse,Electronics,Karachi,4,3200,2050,45
ORD02379,2025-07-05,C0332,Notebook Set,Stationery,Islamabad,2,950,420,5
ORD02379,2025-07-05,C0332,USB Hub,Electronics,Islamabad,4,4500,2850,10
ORD02380,2025-09-06,C0184,Wireless Mouse,Electronics,Islamabad,3,3200,2050,0
ORD02381,2025-12-06,C0313,USB Hub,Electronics,Lahore,1,4500,2850,45
ORD02381,2025-12-06,C0313,Wireless Mouse,Electronics,Lahore,2,3200,2050,0
ORD02382,2026-04-04,C0059,Backpack,Accessories,Karachi,2,6500,4100,5
ORD02382,2026-04-04,C0059,Notebook Set,Stationery,Karachi,2,950,420,25
ORD02383,2026-03-01,C0051,Desk Lamp,Home,Faisalabad,1,4800,2900,45
ORD02383,2026-03-01,C0051,Wireless Mouse,Electronics,Faisalabad,1,3200,2050,10
ORD02384,2025-03-08,C0198,Notebook Set,Stationery,Faisalabad,2,950,420,10
ORD02384,2025-03-08,C0198,Wireless Mouse,Electronics,Faisalabad,4,3200,2050,15
ORD02385,2026-04-14,C0074,Wireless Mouse,Electronics,Karachi,4,3200,2050,25
ORD02385,2026-04-14,C0074,Notebook Set,Stationery,Karachi,4,950,420,45
ORD02386,2025-05-07,C0343,Wireless Mouse,Electronics,Islamabad,3,3200,2050,15
ORD02386,2025-05-07,C0343,Notebook Set,Stationery,Islamabad,2,950,420,25
ORD02386,2025-05-07,C0343,Backpack,Accessories,Islamabad,1,6500,4100,5
ORD02387,2026-08-30,C0206,Backpack,Accessories,Lahore,4,6500,4100,0
ORD02388,2025-03-11,C0151,Desk Lamp,Home,Lahore,3,4800,2900,25
ORD02389,2025-07-15,C0281,Water Bottle,Accessories,Faisalabad,1,1800,800,15
ORD02390,2026-04-24,C0339,Wireless Mouse,Electronics,Karachi,1,3200,2050,0
ORD02390,2026-04-24,C0339,Notebook Set,Stationery,Karachi,3,950,420,10
ORD02391,2025-10-18,C0100,Notebook Set,Stationery,Lahore,3,950,420,0
ORD02391,2025-10-18,C0100,Desk Lamp,Home,Lahore,4,4800,2900,5
ORD02391,2025-10-18,C0100,Backpack,Accessories,Lahore,4,6500,4100,10
ORD02392,2025-09-22,C0182,Water Bottle,Accessories,Karachi,1,1800,800,0
ORD02392,2025-09-22,C0182,USB Hub,Electronics,Karachi,3,4500,2850,0
ORD02393,2025-09-03,C0332,Wireless Mouse,Electronics,Lahore,2,3200,2050,0
ORD02394,2026-02-06,C0295,Wireless Mouse,Electronics,Lahore,3,3200,2050,0
ORD02394,2026-02-06,C0295,Desk Lamp,Home,Lahore,4,4800,2900,45
ORD02395,2025-02-05,C0066,Notebook Set,Stationery,Karachi,1,950,420,0
ORD02395,2025-02-05,C0066,Backpack,Accessories,Karachi,3,6500,4100,45
ORD02395,2025-02-05,C0066,Wireless Mouse,Electronics,Karachi,2,3200,2050,0
ORD02396,2025-05-30,C0393,Notebook Set,Stationery,Faisalabad,1,950,420,0
ORD02396,2025-05-30,C0393,Wireless Mouse,Electronics,Faisalabad,3,3200,2050,0
ORD02397,2025-03-11,C0239,Backpack,Accessories,Lahore,1,6500,4100,25
ORD02398,2025-03-02,C0246,Desk Lamp,Home,Lahore,3,4800,2900,0
ORD02398,2025-03-02,C0246,USB Hub,Electronics,Lahore,1,4500,2850,5
ORD02398,2025-03-02,C0246,Backpack,Accessories,Lahore,3,6500,4100,5
ORD02399,2026-05-31,C0201,USB Hub,Electronics,Faisalabad,2,4500,2850,45
ORD02399,2026-05-31,C0201,Notebook Set,Stationery,Faisalabad,4,950,420,0
ORD02399,2026-05-31,C0201,Desk Lamp,Home,Faisalabad,1,4800,2900,10
ORD02400,2025-12-07,C0295,USB Hub,Electronics,Karachi,3,4500,2850,45
ORD02400,2025-12-07,C0295,Desk Lamp,Home,Karachi,1,4800,2900,10
ORD02400,2025-12-07,C0295,Notebook Set,Stationery,Karachi,3,950,420,45
ORD02401,2025-02-09,C0291,Backpack,Accessories,Faisalabad,2,6500,4100,0
ORD02401,2025-02-09,C0291,Notebook Set,Stationery,Faisalabad,4,950,420,0
ORD02402,2025-04-30,C0355,Notebook Set,Stationery,Faisalabad,3,950,420,10
ORD02402,2025-04-30,C0355,Water Bottle,Accessories,Faisalabad,3,1800,800,10
ORD02403,2026-07-15,C0268,Desk Lamp,Home,Karachi,3,4800,2900,0
ORD02403,2026-07-15,C0268,Water Bottle,Accessories,Karachi,2,1800,800,45
ORD02404,2026-02-11,C0348,Desk Lamp,Home,Islamabad,1,4800,2900,25
ORD02405,2026-04-28,C0183,USB Hub,Electronics,Islamabad,3,4500,2850,5
ORD02405,2026-04-28,C0183,Backpack,Accessories,Islamabad,3,6500,4100,45
ORD02406,2025-05-12,C0267,Desk Lamp,Home,Lahore,2,4800,2900,0
ORD02406,2025-05-12,C0267,Backpack,Accessories,Lahore,3,6500,4100,0
ORD02407,2025-08-01,C0126,Water Bottle,Accessories,Faisalabad,4,1800,800,0
ORD02407,2025-08-01,C0126,USB Hub,Electronics,Faisalabad,4,4500,2850,0
ORD02407,2025-08-01,C0126,Wireless Mouse,Electronics,Faisalabad,1,3200,2050,10
ORD02408,2026-07-16,C0222,USB Hub,Electronics,Lahore,3,4500,2850,0
ORD02409,2025-11-17,C0163,Water Bottle,Accessories,Lahore,3,1800,800,0
ORD02410,2025-01-11,C0139,Desk Lamp,Home,Karachi,3,4800,2900,45
ORD02410,2025-01-11,C0139,Backpack,Accessories,Karachi,1,6500,4100,5
ORD02411,2026-02-04,C0067,Backpack,Accessories,Faisalabad,2,6500,4100,15
ORD02412,2025-05-07,C0040,Backpack,Accessories,Islamabad,4,6500,4100,25
ORD02412,2025-05-07,C0040,Water Bottle,Accessories,Islamabad,3,1800,800,5
ORD02412,2025-05-07,C0040,Notebook Set,Stationery,Islamabad,3,950,420,15
ORD02413,2026-02-22,C0358,Desk Lamp,Home,Islamabad,3,4800,2900,45
ORD02414,2026-08-28,C0244,Backpack,Accessories,Islamabad,2,6500,4100,5
ORD02414,2026-08-28,C0244,Desk Lamp,Home,Islamabad,1,4800,2900,0
ORD02414,2026-08-28,C0244,Wireless Mouse,Electronics,Islamabad,2,3200,2050,45
ORD02415,2025-07-08,C0097,Backpack,Accessories,Karachi,4,6500,4100,45
ORD02415,2025-07-08,C0097,Notebook Set,Stationery,Karachi,3,950,420,45
ORD02415,2025-07-08,C0097,Desk Lamp,Home,Karachi,4,4800,2900,15
ORD02416,2026-05-05,C0237,Desk Lamp,Home,Islamabad,2,4800,2900,0
ORD02416,2026-05-05,C0237,Backpack,Accessories,Islamabad,4,6500,4100,0
ORD02417,2026-05-26,C0174,USB Hub,Electronics,Karachi,3,4500,2850,10
ORD02418,2026-02-24,C0322,USB Hub,Electronics,Islamabad,1,4500,2850,45
ORD02418,2026-02-24,C0322,Water Bottle,Accessories,Islamabad,1,1800,800,15
ORD02419,2026-02-24,C0083,Water Bottle,Accessories,Lahore,2,1800,800,25
ORD02419,2026-02-24,C0083,Wireless Mouse,Electronics,Lahore,3,3200,2050,10
ORD02419,2026-02-24,C0083,Backpack,Accessories,Lahore,3,6500,4100,10
ORD02420,2025-01-09,C0239,Water Bottle,Accessories,Faisalabad,4,1800,800,5
ORD02420,2025-01-09,C0239,Wireless Mouse,Electronics,Faisalabad,4,3200,2050,5
ORD02421,2025-09-30,C0305,Wireless Mouse,Electronics,Islamabad,1,3200,2050,45
ORD02422,2025-01-15,C0029,USB Hub,Electronics,Faisalabad,1,4500,2850,15
ORD02422,2025-01-15,C0029,Desk Lamp,Home,Faisalabad,1,4800,2900,45
ORD02423,2025-09-23,C0102,USB Hub,Electronics,Faisalabad,3,4500,2850,15
ORD02424,2025-06-16,C0353,Desk Lamp,Home,Karachi,1,4800,2900,10
ORD02424,2025-06-16,C0353,Notebook Set,Stationery,Karachi,2,950,420,5
ORD02425,2026-09-21,C0046,Desk Lamp,Home,Faisalabad,1,4800,2900,5
ORD02425,2026-09-21,C0046,Backpack,Accessories,Faisalabad,1,6500,4100,0
ORD02425,2026-09-21,C0046,Wireless Mouse,Electronics,Faisalabad,1,3200,2050,25
ORD02426,2025-02-07,C0304,Water Bottle,Accessories,Lahore,1,1800,800,15
ORD02426,2025-02-07,C0304,USB Hub,Electronics,Lahore,4,4500,2850,25
ORD02426,2025-02-07,C0304,Backpack,Accessories,Lahore,2,6500,4100,25
ORD02427,2026-07-18,C0356,USB Hub,Electronics,Islamabad,3,4500,2850,5
ORD02427,2026-07-18,C0356,Backpack,Accessories,Islamabad,1,6500,4100,0
ORD02427,2026-07-18,C0356,Wireless Mouse,Electronics,Islamabad,1,3200,2050,10
ORD02428,2025-09-25,C0162,Water Bottle,Accessories,Lahore,1,1800,800,5
ORD02428,2025-09-25,C0162,Wireless Mouse,Electronics,Lahore,2,3200,2050,45
ORD02429,2025-12-02,C0152,Water Bottle,Accessories,Faisalabad,2,1800,800,5
ORD02430,2025-07-12,C0004,Water Bottle,Accessories,Islamabad,4,1800,800,10
ORD02430,2025-07-12,C0004,Backpack,Accessories,Islamabad,3,6500,4100,0
ORD02431,2026-05-01,C0271,Water Bottle,Accessories,Karachi,3,1800,800,0
ORD02431,2026-05-01,C0271,USB Hub,Electronics,Karachi,4,4500,2850,10
ORD02431,2026-05-01,C0271,Notebook Set,Stationery,Karachi,4,950,420,0
ORD02432,2025-06-15,C0140,USB Hub,Electronics,Karachi,2,4500,2850,15
ORD02432,2025-06-15,C0140,Desk Lamp,Home,Karachi,2,4800,2900,10
ORD02433,2026-01-22,C0100,Backpack,Accessories,Faisalabad,4,6500,4100,0
ORD02433,2026-01-22,C0100,Notebook Set,Stationery,Faisalabad,4,950,420,10
ORD02433,2026-01-22,C0100,Water Bottle,Accessories,Faisalabad,4,1800,800,25
ORD02434,2025-03-09,C0040,Wireless Mouse,Electronics,Lahore,2,3200,2050,5
ORD02434,2025-03-09,C0040,USB Hub,Electronics,Lahore,1,4500,2850,15
ORD02435,2026-08-01,C0085,Desk Lamp,Home,Lahore,2,4800,2900,0
ORD02436,2025-08-19,C0048,Water Bottle,Accessories,Islamabad,3,1800,800,0
ORD02436,2025-08-19,C0048,Wireless Mouse,Electronics,Islamabad,2,3200,2050,15
ORD02437,2025-10-28,C0047,Water Bottle,Accessories,Karachi,4,1800,800,5
ORD02438,2025-05-31,C0054,Backpack,Accessories,Islamabad,1,6500,4100,45
ORD02438,2025-05-31,C0054,Desk Lamp,Home,Islamabad,4,4800,2900,5
ORD02438,2025-05-31,C0054,Water Bottle,Accessories,Islamabad,4,1800,800,0
ORD02439,2025-06-22,C0215,USB Hub,Electronics,Islamabad,4,4500,2850,0
ORD02439,2025-06-22,C0215,Backpack,Accessories,Islamabad,3,6500,4100,5
ORD02440,2025-10-16,C0052,Water Bottle,Accessories,Karachi,1,1800,800,10
ORD02441,2025-05-18,C0072,Desk Lamp,Home,Karachi,2,4800,2900,10
ORD02441,2025-05-18,C0072,Water Bottle,Accessories,Karachi,3,1800,800,15
ORD02441,2025-05-18,C0072,USB Hub,Electronics,Karachi,4,4500,2850,0
ORD02442,2025-11-15,C0266,USB Hub,Electronics,Karachi,1,4500,2850,25
ORD02442,2025-11-15,C0266,Desk Lamp,Home,Karachi,1,4800,2900,0
ORD02442,2025-11-15,C0266,Water Bottle,Accessories,Karachi,2,1800,800,5
ORD02443,2025-01-22,C0334,Water Bottle,Accessories,Lahore,4,1800,800,45
ORD02443,2025-01-22,C0334,Desk Lamp,Home,Lahore,1,4800,2900,0
ORD02444,2026-07-19,C0166,Notebook Set,Stationery,Lahore,3,950,420,15
ORD02445,2025-04-08,C0149,Desk Lamp,Home,Karachi,3,4800,2900,10
ORD02445,2025-04-08,C0149,Water Bottle,Accessories,Karachi,1,1800,800,0
ORD02446,2026-05-23,C0388,Notebook Set,Stationery,Islamabad,2,950,420,0
ORD02447,2025-04-01,C0200,Desk Lamp,Home,Karachi,3,4800,2900,0
ORD02447,2025-04-01,C0200,Backpack,Accessories,Karachi,1,6500,4100,25
ORD02448,2025-05-14,C0049,Water Bottle,Accessories,Islamabad,3,1800,800,15
ORD02448,2025-05-14,C0049,Wireless Mouse,Electronics,Islamabad,4,3200,2050,25
ORD02449,2026-03-25,C0021,Desk Lamp,Home,Faisalabad,2,4800,2900,5
ORD02450,2026-01-14,C0022,Backpack,Accessories,Karachi,1,6500,4100,45
ORD02450,2026-01-14,C0022,Water Bottle,Accessories,Karachi,2,1800,800,5
ORD02451,2025-12-16,C0066,Water Bottle,Accessories,Faisalabad,1,1800,800,45
ORD02452,2025-09-09,C0243,Notebook Set,Stationery,Faisalabad,4,950,420,0
ORD02453,2025-03-07,C0210,Backpack,Accessories,Lahore,4,6500,4100,45
ORD02453,2025-03-07,C0210,Wireless Mouse,Electronics,Lahore,2,3200,2050,0
ORD02453,2025-03-07,C0210,Desk Lamp,Home,Lahore,3,4800,2900,15
ORD02454,2025-10-03,C0120,Water Bottle,Accessories,Karachi,4,1800,800,15
ORD02454,2025-10-03,C0120,Notebook Set,Stationery,Karachi,4,950,420,25
ORD02455,2026-01-30,C0123,Desk Lamp,Home,Islamabad,1,4800,2900,0
ORD02455,2026-01-30,C0123,USB Hub,Electronics,Islamabad,3,4500,2850,0
ORD02456,2025-03-27,C0159,Desk Lamp,Home,Faisalabad,2,4800,2900,5
ORD02456,2025-03-27,C0159,Water Bottle,Accessories,Faisalabad,4,1800,800,5
ORD02457,2025-08-16,C0301,Desk Lamp,Home,Karachi,4,4800,2900,5
ORD02457,2025-08-16,C0301,Backpack,Accessories,Karachi,2,6500,4100,15
ORD02458,2025-03-07,C0019,Notebook Set,Stationery,Karachi,1,950,420,10
ORD02458,2025-03-07,C0019,USB Hub,Electronics,Karachi,3,4500,2850,0
ORD02458,2025-03-07,C0019,Backpack,Accessories,Karachi,4,6500,4100,0
ORD02459,2026-06-17,C0041,Notebook Set,Stationery,Islamabad,3,950,420,0
ORD02459,2026-06-17,C0041,Water Bottle,Accessories,Islamabad,4,1800,800,10
ORD02459,2026-06-17,C0041,Wireless Mouse,Electronics,Islamabad,1,3200,2050,5
ORD02460,2025-05-10,C0395,Backpack,Accessories,Faisalabad,1,6500,4100,10
ORD02461,2025-04-10,C0300,Desk Lamp,Home,Lahore,1,4800,2900,25
ORD02461,2025-04-10,C0300,Wireless Mouse,Electronics,Lahore,4,3200,2050,10
ORD02461,2025-04-10,C0300,Water Bottle,Accessories,Lahore,1,1800,800,0
ORD02462,2025-06-19,C0275,USB Hub,Electronics,Lahore,4,4500,2850,5
ORD02462,2025-06-19,C0275,Wireless Mouse,Electronics,Lahore,1,3200,2050,5
ORD02463,2025-06-14,C0112,Desk Lamp,Home,Faisalabad,4,4800,2900,0
ORD02464,2025-02-08,C0121,Backpack,Accessories,Faisalabad,1,6500,4100,45
ORD02464,2025-02-08,C0121,Wireless Mouse,Electronics,Faisalabad,3,3200,2050,25
ORD02464,2025-02-08,C0121,USB Hub,Electronics,Faisalabad,2,4500,2850,25
ORD02465,2025-03-09,C0009,Desk Lamp,Home,Islamabad,4,4800,2900,10
ORD02466,2025-08-29,C0117,Desk Lamp,Home,Islamabad,2,4800,2900,5
ORD02466,2025-08-29,C0117,Water Bottle,Accessories,Islamabad,4,1800,800,45
ORD02466,2025-08-29,C0117,Notebook Set,Stationery,Islamabad,1,950,420,5
ORD02467,2025-02-05,C0026,Wireless Mouse,Electronics,Karachi,4,3200,2050,25
ORD02467,2025-02-05,C0026,Notebook Set,Stationery,Karachi,2,950,420,0
ORD02467,2025-02-05,C0026,Backpack,Accessories,Karachi,4,6500,4100,45
ORD02468,2026-07-02,C0191,Notebook Set,Stationery,Karachi,2,950,420,0
ORD02469,2026-08-30,C0264,Backpack,Accessories,Lahore,4,6500,4100,10
ORD02469,2026-08-30,C0264,Water Bottle,Accessories,Lahore,2,1800,800,0
ORD02470,2026-05-16,C0373,Backpack,Accessories,Islamabad,4,6500,4100,0
ORD02471,2026-01-12,C0263,USB Hub,Electronics,Islamabad,4,4500,2850,25
ORD02471,2026-01-12,C0263,Wireless Mouse,Electronics,Islamabad,2,3200,2050,45
ORD02472,2025-07-26,C0177,Desk Lamp,Home,Faisalabad,4,4800,2900,15
ORD02472,2025-07-26,C0177,Backpack,Accessories,Faisalabad,1,6500,4100,0
ORD02473,2026-09-10,C0170,Wireless Mouse,Electronics,Lahore,1,3200,2050,25
ORD02474,2026-02-22,C0240,Notebook Set,Stationery,Lahore,4,950,420,45
ORD02474,2026-02-22,C0240,Backpack,Accessories,Lahore,1,6500,4100,10
ORD02474,2026-02-22,C0240,USB Hub,Electronics,Lahore,1,4500,2850,15
ORD02475,2025-07-06,C0279,USB Hub,Electronics,Faisalabad,4,4500,2850,10
ORD02475,2025-07-06,C0279,Water Bottle,Accessories,Faisalabad,1,1800,800,45
ORD02475,2025-07-06,C0279,Wireless Mouse,Electronics,Faisalabad,3,3200,2050,5
ORD02476,2026-01-25,C0245,Desk Lamp,Home,Islamabad,2,4800,2900,15
ORD02476,2026-01-25,C0245,Backpack,Accessories,Islamabad,4,6500,4100,25
ORD02476,2026-01-25,C0245,Water Bottle,Accessories,Islamabad,3,1800,800,5
ORD02477,2025-03-03,C0358,Wireless Mouse,Electronics,Islamabad,4,3200,2050,0
ORD02477,2025-03-03,C0358,USB Hub,Electronics,Islamabad,4,4500,2850,45
ORD02478,2025-03-05,C0184,Wireless Mouse,Electronics,Faisalabad,1,3200,2050,0
ORD02478,2025-03-05,C0184,Desk Lamp,Home,Faisalabad,2,4800,2900,25
ORD02479,2025-11-21,C0057,Desk Lamp,Home,Lahore,3,4800,2900,0
ORD02480,2025-09-17,C0180,Desk Lamp,Home,Lahore,1,4800,2900,25
ORD02481,2026-08-08,C0250,Backpack,Accessories,Faisalabad,4,6500,4100,10
ORD02481,2026-08-08,C0250,Water Bottle,Accessories,Faisalabad,2,1800,800,0
ORD02481,2026-08-08,C0250,Wireless Mouse,Electronics,Faisalabad,1,3200,2050,0
ORD02482,2025-09-01,C0312,Wireless Mouse,Electronics,Karachi,2,3200,2050,10
ORD02482,2025-09-01,C0312,Backpack,Accessories,Karachi,4,6500,4100,15
ORD02483,2025-09-12,C0049,Wireless Mouse,Electronics,Faisalabad,4,3200,2050,0
ORD02483,2025-09-12,C0049,Backpack,Accessories,Faisalabad,2,6500,4100,45
ORD02484,2026-05-14,C0225,Notebook Set,Stationery,Karachi,1,950,420,15
ORD02484,2026-05-14,C0225,Water Bottle,Accessories,Karachi,3,1800,800,45
ORD02484,2026-05-14,C0225,USB Hub,Electronics,Karachi,2,4500,2850,45
ORD02485,2026-01-03,C0084,Desk Lamp,Home,Lahore,3,4800,2900,45
ORD02486,2026-09-28,C0272,Desk Lamp,Home,Karachi,4,4800,2900,0
ORD02486,2026-09-28,C0272,Water Bottle,Accessories,Karachi,1,1800,800,0
ORD02487,2025-05-14,C0060,Notebook Set,Stationery,Lahore,3,950,420,0
ORD02488,2025-07-27,C0390,Backpack,Accessories,Lahore,1,6500,4100,5
ORD02488,2025-07-27,C0390,Desk Lamp,Home,Lahore,4,4800,2900,0
ORD02488,2025-07-27,C0390,Notebook Set,Stationery,Lahore,3,950,420,15
ORD02489,2025-04-01,C0045,Water Bottle,Accessories,Islamabad,1,1800,800,0
ORD02490,2025-07-31,C0133,Backpack,Accessories,Lahore,1,6500,4100,0
ORD02490,2025-07-31,C0133,Desk Lamp,Home,Lahore,1,4800,2900,45
ORD02491,2025-06-18,C0123,Backpack,Accessories,Islamabad,3,6500,4100,25
ORD02492,2025-03-20,C0007,Backpack,Accessories,Faisalabad,4,6500,4100,45
ORD02492,2025-03-20,C0007,Wireless Mouse,Electronics,Faisalabad,3,3200,2050,0
ORD02493,2026-04-23,C0081,Desk Lamp,Home,Faisalabad,2,4800,2900,0
ORD02493,2026-04-23,C0081,Water Bottle,Accessories,Faisalabad,3,1800,800,0
ORD02494,2025-04-08,C0048,USB Hub,Electronics,Islamabad,3,4500,2850,10
ORD02494,2025-04-08,C0048,Backpack,Accessories,Islamabad,1,6500,4100,0
ORD02494,2025-04-08,C0048,Desk Lamp,Home,Islamabad,1,4800,2900,15
ORD02495,2026-03-01,C0300,Wireless Mouse,Electronics,Lahore,3,3200,2050,25
ORD02495,2026-03-01,C0300,Water Bottle,Accessories,Lahore,1,1800,800,0
ORD02495,2026-03-01,C0300,USB Hub,Electronics,Lahore,4,4500,2850,25
ORD02496,2026-01-28,C0125,Notebook Set,Stationery,Karachi,2,950,420,25
ORD02496,2026-01-28,C0125,Backpack,Accessories,Karachi,1,6500,4100,25
ORD02497,2026-03-08,C0205,Water Bottle,Accessories,Karachi,3,1800,800,45
ORD02497,2026-03-08,C0205,Desk Lamp,Home,Karachi,3,4800,2900,15
ORD02498,2026-01-17,C0203,Notebook Set,Stationery,Islamabad,1,950,420,45
ORD02498,2026-01-17,C0203,USB Hub,Electronics,Islamabad,3,4500,2850,10
ORD02498,2026-01-17,C0203,Backpack,Accessories,Islamabad,4,6500,4100,0
ORD02499,2026-03-22,C0231,Notebook Set,Stationery,Faisalabad,4,950,420,25
ORD02499,2026-03-22,C0231,Backpack,Accessories,Faisalabad,1,6500,4100,10
ORD02500,2025-07-03,C0066,Desk Lamp,Home,Faisalabad,1,4800,2900,5
ORD02500,2025-07-03,C0066,Backpack,Accessories,Faisalabad,3,6500,4100,10
ORD02500,2025-07-03,C0066,Notebook Set,Stationery,Faisalabad,1,950,420,10
ORD02501,2026-08-25,C0110,Desk Lamp,Home,Karachi,3,4800,2900,5
ORD02502,2026-02-01,C0008,Notebook Set,Stationery,Islamabad,4,950,420,5
ORD02503,2026-03-22,C0141,Backpack,Accessories,Faisalabad,3,6500,4100,25
ORD02503,2026-03-22,C0141,Water Bottle,Accessories,Faisalabad,4,1800,800,25
ORD02503,2026-03-22,C0141,Desk Lamp,Home,Faisalabad,2,4800,2900,0
ORD02504,2025-10-04,C0231,Wireless Mouse,Electronics,Faisalabad,2,3200,2050,15
ORD02505,2025-05-29,C0160,Backpack,Accessories,Karachi,4,6500,4100,10
ORD02505,2025-05-29,C0160,Water Bottle,Accessories,Karachi,3,1800,800,25
ORD02505,2025-05-29,C0160,Notebook Set,Stationery,Karachi,3,950,420,15
ORD02506,2025-05-31,C0100,Backpack,Accessories,Lahore,4,6500,4100,10
ORD02507,2026-01-20,C0345,Desk Lamp,Home,Islamabad,3,4800,2900,5
ORD02508,2025-06-08,C0237,Wireless Mouse,Electronics,Islamabad,4,3200,2050,5
ORD02509,2026-02-08,C0070,Wireless Mouse,Electronics,Karachi,4,3200,2050,5
ORD02509,2026-02-08,C0070,Desk Lamp,Home,Karachi,1,4800,2900,0
ORD02510,2025-12-21,C0278,Desk Lamp,Home,Islamabad,2,4800,2900,5
ORD02510,2025-12-21,C0278,Wireless Mouse,Electronics,Islamabad,1,3200,2050,15
ORD02511,2025-08-25,C0386,USB Hub,Electronics,Karachi,3,4500,2850,45
ORD02512,2026-03-18,C0145,Notebook Set,Stationery,Islamabad,2,950,420,25
ORD02512,2026-03-18,C0145,Backpack,Accessories,Islamabad,4,6500,4100,0
ORD02512,2026-03-18,C0145,Water Bottle,Accessories,Islamabad,1,1800,800,25
ORD02513,2025-05-31,C0399,Desk Lamp,Home,Lahore,1,4800,2900,25
ORD02513,2025-05-31,C0399,Notebook Set,Stationery,Lahore,3,950,420,0
ORD02513,2025-05-31,C0399,Wireless Mouse,Electronics,Lahore,2,3200,2050,15
ORD02514,2026-02-25,C0145,Wireless Mouse,Electronics,Karachi,4,3200,2050,0
ORD02515,2026-08-15,C0017,Water Bottle,Accessories,Faisalabad,3,1800,800,5
ORD02515,2026-08-15,C0017,USB Hub,Electronics,Faisalabad,4,4500,2850,45
ORD02516,2026-05-30,C0292,Backpack,Accessories,Karachi,1,6500,4100,10
ORD02517,2026-07-09,C0046,USB Hub,Electronics,Faisalabad,3,4500,2850,10
ORD02517,2026-07-09,C0046,Wireless Mouse,Electronics,Faisalabad,3,3200,2050,5
ORD02518,2025-03-17,C0155,Desk Lamp,Home,Faisalabad,4,4800,2900,10
ORD02518,2025-03-17,C0155,Water Bottle,Accessories,Faisalabad,3,1800,800,10
ORD02518,2025-03-17,C0155,Wireless Mouse,Electronics,Faisalabad,3,3200,2050,0
ORD02519,2026-04-12,C0145,Wireless Mouse,Electronics,Islamabad,3,3200,2050,0
ORD02520,2026-08-06,C0384,Backpack,Accessories,Karachi,1,6500,4100,45
ORD02521,2025-03-07,C0181,Water Bottle,Accessories,Lahore,1,1800,800,15
ORD02521,2025-03-07,C0181,Wireless Mouse,Electronics,Lahore,1,3200,2050,5
ORD02521,2025-03-07,C0181,Notebook Set,Stationery,Lahore,3,950,420,5
ORD02522,2026-06-12,C0276,Notebook Set,Stationery,Lahore,2,950,420,45
ORD02522,2026-06-12,C0276,Backpack,Accessories,Lahore,3,6500,4100,45
ORD02522,2026-06-12,C0276,Desk Lamp,Home,Lahore,2,4800,2900,10
ORD02523,2025-03-09,C0111,Water Bottle,Accessories,Islamabad,2,1800,800,0
ORD02524,2026-05-14,C0037,USB Hub,Electronics,Karachi,4,4500,2850,0
ORD02525,2025-09-23,C0192,Backpack,Accessories,Islamabad,3,6500,4100,10
ORD02525,2025-09-23,C0192,Notebook Set,Stationery,Islamabad,4,950,420,10
ORD02526,2026-07-29,C0140,Wireless Mouse,Electronics,Islamabad,2,3200,2050,45
ORD02526,2026-07-29,C0140,Water Bottle,Accessories,Islamabad,3,1800,800,10
ORD02526,2026-07-29,C0140,Notebook Set,Stationery,Islamabad,1,950,420,0
ORD02527,2025-07-04,C0302,Notebook Set,Stationery,Karachi,2,950,420,10
ORD02527,2025-07-04,C0302,Water Bottle,Accessories,Karachi,3,1800,800,15
ORD02528,2025-08-01,C0030,Backpack,Accessories,Islamabad,4,6500,4100,0
ORD02528,2025-08-01,C0030,Water Bottle,Accessories,Islamabad,1,1800,800,45
ORD02529,2026-07-20,C0165,USB Hub,Electronics,Islamabad,2,4500,2850,5
ORD02529,2026-07-20,C0165,Notebook Set,Stationery,Islamabad,3,950,420,5
ORD02530,2025-01-09,C0070,Wireless Mouse,Electronics,Faisalabad,2,3200,2050,15
ORD02530,2025-01-09,C0070,Water Bottle,Accessories,Faisalabad,4,1800,800,0
ORD02531,2025-07-09,C0225,Wireless Mouse,Electronics,Islamabad,4,3200,2050,15
ORD02532,2026-04-27,C0175,Notebook Set,Stationery,Islamabad,4,950,420,15
ORD02532,2026-04-27,C0175,USB Hub,Electronics,Islamabad,1,4500,2850,10
ORD02533,2026-09-02,C0160,Desk Lamp,Home,Islamabad,3,4800,2900,5
ORD02534,2026-01-11,C0238,Wireless Mouse,Electronics,Faisalabad,3,3200,2050,25
ORD02534,2026-01-11,C0238,Notebook Set,Stationery,Faisalabad,2,950,420,5
ORD02534,2026-01-11,C0238,Backpack,Accessories,Faisalabad,2,6500,4100,25
ORD02535,2025-11-08,C0131,USB Hub,Electronics,Islamabad,2,4500,2850,10
ORD02535,2025-11-08,C0131,Backpack,Accessories,Islamabad,3,6500,4100,10
ORD02535,2025-11-08,C0131,Water Bottle,Accessories,Islamabad,1,1800,800,0
ORD02536,2025-02-07,C0171,Backpack,Accessories,Faisalabad,4,6500,4100,10
ORD02536,2025-02-07,C0171,USB Hub,Electronics,Faisalabad,1,4500,2850,45
ORD02536,2025-02-07,C0171,Wireless Mouse,Electronics,Faisalabad,1,3200,2050,25
ORD02537,2026-09-08,C0361,Backpack,Accessories,Islamabad,1,6500,4100,0
ORD02537,2026-09-08,C0361,Notebook Set,Stationery,Islamabad,2,950,420,5
ORD02537,2026-09-08,C0361,USB Hub,Electronics,Islamabad,4,4500,2850,45
ORD02538,2025-04-11,C0131,Desk Lamp,Home,Faisalabad,2,4800,2900,10
ORD02538,2025-04-11,C0131,Backpack,Accessories,Faisalabad,3,6500,4100,25
ORD02539,2025-12-27,C0384,USB Hub,Electronics,Faisalabad,1,4500,2850,0
ORD02539,2025-12-27,C0384,Notebook Set,Stationery,Faisalabad,4,950,420,25
ORD02540,2026-06-08,C0043,Wireless Mouse,Electronics,Karachi,2,3200,2050,10
ORD02541,2026-07-20,C0069,Wireless Mouse,Electronics,Faisalabad,4,3200,2050,5
ORD02541,2026-07-20,C0069,Desk Lamp,Home,Faisalabad,4,4800,2900,45
ORD02541,2026-07-20,C0069,Notebook Set,Stationery,Faisalabad,3,950,420,0
ORD02542,2025-06-20,C0052,USB Hub,Electronics,Faisalabad,2,4500,2850,45
ORD02543,2026-05-09,C0151,Wireless Mouse,Electronics,Karachi,4,3200,2050,25
ORD02544,2026-06-19,C0258,USB Hub,Electronics,Lahore,2,4500,2850,0
ORD02545,2025-01-15,C0224,USB Hub,Electronics,Faisalabad,1,4500,2850,15
ORD02545,2025-01-15,C0224,Notebook Set,Stationery,Faisalabad,2,950,420,25
ORD02546,2025-10-18,C0017,Notebook Set,Stationery,Lahore,4,950,420,15
ORD02546,2025-10-18,C0017,Desk Lamp,Home,Lahore,2,4800,2900,15
ORD02547,2026-09-09,C0097,Water Bottle,Accessories,Lahore,4,1800,800,5
ORD02548,2026-07-11,C0261,Water Bottle,Accessories,Faisalabad,2,1800,800,10
ORD02548,2026-07-11,C0261,Desk Lamp,Home,Faisalabad,3,4800,2900,25
ORD02548,2026-07-11,C0261,Backpack,Accessories,Faisalabad,3,6500,4100,45
ORD02549,2026-03-31,C0319,USB Hub,Electronics,Islamabad,2,4500,2850,10
ORD02549,2026-03-31,C0319,Notebook Set,Stationery,Islamabad,2,950,420,0
ORD02550,2026-06-08,C0307,Desk Lamp,Home,Islamabad,1,4800,2900,15
ORD02551,2026-07-24,C0152,Notebook Set,Stationery,Karachi,3,950,420,45
ORD02551,2026-07-24,C0152,USB Hub,Electronics,Karachi,3,4500,2850,10
ORD02552,2026-04-12,C0007,Notebook Set,Stationery,Faisalabad,2,950,420,15
ORD02553,2025-06-03,C0096,Backpack,Accessories,Faisalabad,3,6500,4100,15
ORD02553,2025-06-03,C0096,Water Bottle,Accessories,Faisalabad,4,1800,800,25
ORD02554,2025-07-14,C0068,Desk Lamp,Home,Faisalabad,3,4800,2900,25
ORD02554,2025-07-14,C0068,Wireless Mouse,Electronics,Faisalabad,3,3200,2050,25
ORD02555,2025-12-10,C0346,Desk Lamp,Home,Faisalabad,4,4800,2900,25
ORD02555,2025-12-10,C0346,USB Hub,Electronics,Faisalabad,2,4500,2850,0
ORD02555,2025-12-10,C0346,Wireless Mouse,Electronics,Faisalabad,1,3200,2050,25
ORD02556,2025-07-13,C0152,USB Hub,Electronics,Faisalabad,1,4500,2850,5
ORD02556,2025-07-13,C0152,Backpack,Accessories,Faisalabad,1,6500,4100,0
ORD02557,2026-09-25,C0208,Desk Lamp,Home,Karachi,1,4800,2900,5
ORD02557,2026-09-25,C0208,Wireless Mouse,Electronics,Karachi,1,3200,2050,45
ORD02558,2025-05-12,C0158,Backpack,Accessories,Faisalabad,2,6500,4100,15
ORD02558,2025-05-12,C0158,Desk Lamp,Home,Faisalabad,2,4800,2900,45
ORD02559,2025-10-23,C0303,USB Hub,Electronics,Lahore,3,4500,2850,0
ORD02559,2025-10-23,C0303,Notebook Set,Stationery,Lahore,3,950,420,25
ORD02560,2025-11-13,C0014,Wireless Mouse,Electronics,Islamabad,3,3200,2050,5
ORD02560,2025-11-13,C0014,Desk Lamp,Home,Islamabad,3,4800,2900,5
ORD02560,2025-11-13,C0014,Notebook Set,Stationery,Islamabad,2,950,420,15
ORD02561,2025-12-31,C0200,USB Hub,Electronics,Karachi,2,4500,2850,15
ORD02562,2025-08-29,C0342,USB Hub,Electronics,Islamabad,1,4500,2850,0
ORD02562,2025-08-29,C0342,Desk Lamp,Home,Islamabad,2,4800,2900,10
ORD02563,2025-07-06,C0076,Backpack,Accessories,Karachi,4,6500,4100,45
ORD02563,2025-07-06,C0076,Desk Lamp,Home,Karachi,3,4800,2900,10
ORD02564,2025-01-20,C0250,USB Hub,Electronics,Karachi,1,4500,2850,0
ORD02565,2026-05-09,C0370,Wireless Mouse,Electronics,Islamabad,1,3200,2050,10
ORD02565,2026-05-09,C0370,USB Hub,Electronics,Islamabad,4,4500,2850,15
ORD02566,2026-09-25,C0203,Desk Lamp,Home,Faisalabad,2,4800,2900,25
ORD02567,2025-11-24,C0089,Wireless Mouse,Electronics,Lahore,4,3200,2050,0
ORD02567,2025-11-24,C0089,USB Hub,Electronics,Lahore,2,4500,2850,10
ORD02568,2025-11-13,C0182,Notebook Set,Stationery,Lahore,1,950,420,0
ORD02569,2025-12-01,C0344,Water Bottle,Accessories,Islamabad,3,1800,800,5
ORD02570,2025-06-24,C0360,Desk Lamp,Home,Karachi,2,4800,2900,5
ORD02571,2025-08-09,C0219,Notebook Set,Stationery,Karachi,2,950,420,0
ORD02571,2025-08-09,C0219,Water Bottle,Accessories,Karachi,3,1800,800,5
ORD02572,2026-07-30,C0163,USB Hub,Electronics,Karachi,1,4500,2850,25
ORD02572,2026-07-30,C0163,Wireless Mouse,Electronics,Karachi,3,3200,2050,10
ORD02573,2025-05-11,C0289,Backpack,Accessories,Islamabad,4,6500,4100,0
ORD02573,2025-05-11,C0289,Notebook Set,Stationery,Islamabad,2,950,420,25
ORD02574,2026-05-21,C0140,Desk Lamp,Home,Islamabad,4,4800,2900,15
ORD02575,2025-01-25,C0317,Water Bottle,Accessories,Karachi,2,1800,800,0
ORD02575,2025-01-25,C0317,USB Hub,Electronics,Karachi,4,4500,2850,25
ORD02576,2026-02-18,C0024,Notebook Set,Stationery,Faisalabad,2,950,420,45
ORD02576,2026-02-18,C0024,Desk Lamp,Home,Faisalabad,4,4800,2900,0
ORD02577,2026-08-21,C0162,Backpack,Accessories,Faisalabad,3,6500,4100,45
ORD02577,2026-08-21,C0162,Notebook Set,Stationery,Faisalabad,4,950,420,0
ORD02577,2026-08-21,C0162,USB Hub,Electronics,Faisalabad,2,4500,2850,10
ORD02578,2026-02-03,C0259,Water Bottle,Accessories,Faisalabad,3,1800,800,5
ORD02578,2026-02-03,C0259,Backpack,Accessories,Faisalabad,4,6500,4100,10
ORD02579,2026-01-20,C0302,USB Hub,Electronics,Lahore,4,4500,2850,0
ORD02579,2026-01-20,C0302,Backpack,Accessories,Lahore,2,6500,4100,25
ORD02580,2026-01-29,C0217,Wireless Mouse,Electronics,Islamabad,3,3200,2050,25
ORD02580,2026-01-29,C0217,Desk Lamp,Home,Islamabad,4,4800,2900,10
ORD02580,2026-01-29,C0217,Notebook Set,Stationery,Islamabad,2,950,420,0
ORD02581,2025-02-21,C0195,Notebook Set,Stationery,Islamabad,4,950,420,10
ORD02581,2025-02-21,C0195,USB Hub,Electronics,Islamabad,1,4500,2850,0
ORD02581,2025-02-21,C0195,Desk Lamp,Home,Islamabad,2,4800,2900,0
ORD02582,2025-10-06,C0326,Wireless Mouse,Electronics,Islamabad,2,3200,2050,25
ORD02582,2025-10-06,C0326,Desk Lamp,Home,Islamabad,2,4800,2900,45
ORD02582,2025-10-06,C0326,Backpack,Accessories,Islamabad,3,6500,4100,45
ORD02583,2025-06-09,C0312,Desk Lamp,Home,Islamabad,2,4800,2900,0
ORD02584,2026-08-21,C0086,Notebook Set,Stationery,Islamabad,4,950,420,45
ORD02584,2026-08-21,C0086,Backpack,Accessories,Islamabad,2,6500,4100,25
ORD02585,2025-04-29,C0353,USB Hub,Electronics,Lahore,4,4500,2850,0
ORD02586,2026-09-09,C0045,Wireless Mouse,Electronics,Lahore,4,3200,2050,0
ORD02586,2026-09-09,C0045,USB Hub,Electronics,Lahore,4,4500,2850,0
ORD02586,2026-09-09,C0045,Desk Lamp,Home,Lahore,3,4800,2900,5
ORD02587,2025-07-06,C0129,Wireless Mouse,Electronics,Islamabad,1,3200,2050,5
ORD02587,2025-07-06,C0129,Backpack,Accessories,Islamabad,2,6500,4100,10
ORD02587,2025-07-06,C0129,Water Bottle,Accessories,Islamabad,2,1800,800,0
ORD02588,2026-06-28,C0094,Notebook Set,Stationery,Faisalabad,3,950,420,45
ORD02589,2026-05-03,C0006,Water Bottle,Accessories,Islamabad,4,1800,800,0
ORD02590,2025-08-18,C0329,Desk Lamp,Home,Faisalabad,3,4800,2900,0
ORD02590,2025-08-18,C0329,Notebook Set,Stationery,Faisalabad,2,950,420,0
ORD02591,2025-10-27,C0179,Notebook Set,Stationery,Islamabad,1,950,420,5
ORD02591,2025-10-27,C0179,Water Bottle,Accessories,Islamabad,1,1800,800,0
ORD02591,2025-10-27,C0179,USB Hub,Electronics,Islamabad,1,4500,2850,15
ORD02592,2026-06-07,C0377,Desk Lamp,Home,Lahore,1,4800,2900,5
ORD02592,2026-06-07,C0377,USB Hub,Electronics,Lahore,2,4500,2850,0
ORD02592,2026-06-07,C0377,Backpack,Accessories,Lahore,1,6500,4100,10
ORD02593,2025-03-06,C0296,Water Bottle,Accessories,Lahore,3,1800,800,10
ORD02594,2025-01-10,C0018,USB Hub,Electronics,Faisalabad,3,4500,2850,5
ORD02594,2025-01-10,C0018,Backpack,Accessories,Faisalabad,3,6500,4100,25
ORD02594,2025-01-10,C0018,Wireless Mouse,Electronics,Faisalabad,4,3200,2050,10
ORD02595,2025-06-28,C0245,USB Hub,Electronics,Karachi,1,4500,2850,5
ORD02596,2026-03-18,C0369,Backpack,Accessories,Islamabad,1,6500,4100,10
ORD02596,2026-03-18,C0369,Water Bottle,Accessories,Islamabad,3,1800,800,45
ORD02596,2026-03-18,C0369,Desk Lamp,Home,Islamabad,4,4800,2900,25
ORD02597,2025-12-23,C0353,Wireless Mouse,Electronics,Lahore,3,3200,2050,15
ORD02597,2025-12-23,C0353,Notebook Set,Stationery,Lahore,1,950,420,45
ORD02597,2025-12-23,C0353,Water Bottle,Accessories,Lahore,3,1800,800,15
ORD02598,2025-10-01,C0381,Desk Lamp,Home,Karachi,3,4800,2900,25
ORD02599,2025-05-12,C0280,Wireless Mouse,Electronics,Faisalabad,3,3200,2050,5
ORD02599,2025-05-12,C0280,USB Hub,Electronics,Faisalabad,1,4500,2850,10
ORD02600,2025-08-05,C0082,Notebook Set,Stationery,Karachi,2,950,420,15
ORD02600,2025-08-05,C0082,USB Hub,Electronics,Karachi,2,4500,2850,45
